model,source_node_id,target_node_id,compartment
BI,12PPDt__Org1,12ppd_S[c]__Org1,BI
BI,12ppd_S[e]__Org1,12PPDt__Org1,BI
BI,23dhmp[c]__Org1,23DHMPO__Org1,BI
BI,23DHMPO__Org1,3h3mop[c]__Org1,BI
BI,23DHMPO__Org1,h[c]__Org1,BI
BI,nadp[c]__Org1,23DHMPO__Org1,BI
BI,23DHMPO__Org1,nadph[c]__Org1,BI
BI,23cump[c]__Org1,23PDE2__Org1,BI
BI,23PDE2__Org1,3ump[c]__Org1,BI
BI,h2o[c]__Org1,23PDE2__Org1,BI
BI,23PDE2__Org1,h[c]__Org1,BI
BI,23ccmp[c]__Org1,23PDE4__Org1,BI
BI,23PDE4__Org1,3cmp[c]__Org1,BI
BI,h2o[c]__Org1,23PDE4__Org1,BI
BI,23PDE4__Org1,h[c]__Org1,BI
BI,23camp[c]__Org1,23PDE7__Org1,BI
BI,23PDE7__Org1,3amp[c]__Org1,BI
BI,h2o[c]__Org1,23PDE7__Org1,BI
BI,23PDE7__Org1,h[c]__Org1,BI
BI,23cgmp[c]__Org1,23PDE9__Org1,BI
BI,23PDE9__Org1,3gmp[c]__Org1,BI
BI,h2o[c]__Org1,23PDE9__Org1,BI
BI,23PDE9__Org1,h[c]__Org1,BI
BI,2ahbut[c]__Org1,2AHBUTI__Org1,BI
BI,2AHBUTI__Org1,3h3mop[c]__Org1,BI
BI,3CARLPDH__Org1,HC00695[c]__Org1,BI
BI,HC01435[c]__Org1,3CARLPDH__Org1,BI
BI,lpam[c]__Org1,3CARLPDH__Org1,BI
BI,3CARLPDH__Org1,thmpp[c]__Org1,BI
BI,3c3hmp[c]__Org1,3MOBS__Org1,BI
BI,3MOBS__Org1,3mob[c]__Org1,BI
BI,3MOBS__Org1,accoa[c]__Org1,BI
BI,coa[c]__Org1,3MOBS__Org1,BI
BI,3MOBS__Org1,h2o[c]__Org1,BI
BI,h[c]__Org1,3MOBS__Org1,BI
BI,3OAR100__Org1,3hdecACP[c]__Org1,BI
BI,3odecACP[c]__Org1,3OAR100__Org1,BI
BI,h[c]__Org1,3OAR100__Org1,BI
BI,3OAR100__Org1,nadp[c]__Org1,BI
BI,nadph[c]__Org1,3OAR100__Org1,BI
BI,3OAR10M11__Org1,10m3hundecACP[c]__Org1,BI
BI,10m3oundecACP[c]__Org1,3OAR10M11__Org1,BI
BI,h[c]__Org1,3OAR10M11__Org1,BI
BI,3OAR10M11__Org1,nadp[c]__Org1,BI
BI,nadph[c]__Org1,3OAR10M11__Org1,BI
BI,3OAR10M12__Org1,10m3hddcaACP[c]__Org1,BI
BI,10m3oddcaACP[c]__Org1,3OAR10M12__Org1,BI
BI,h[c]__Org1,3OAR10M12__Org1,BI
BI,3OAR10M12__Org1,nadp[c]__Org1,BI
BI,nadph[c]__Org1,3OAR10M12__Org1,BI
BI,3OAR11M12__Org1,11m3hddcaACP[c]__Org1,BI
BI,11m3oddcaACP[c]__Org1,3OAR11M12__Org1,BI
BI,h[c]__Org1,3OAR11M12__Org1,BI
BI,3OAR11M12__Org1,nadp[c]__Org1,BI
BI,nadph[c]__Org1,3OAR11M12__Org1,BI
BI,3OAR120__Org1,3hddecACP[c]__Org1,BI
BI,3oddecACP[c]__Org1,3OAR120__Org1,BI
BI,h[c]__Org1,3OAR120__Org1,BI
BI,3OAR120__Org1,nadp[c]__Org1,BI
BI,nadph[c]__Org1,3OAR120__Org1,BI
BI,3OAR12M13__Org1,12m3htridecACP[c]__Org1,BI
BI,12m3otridecACP[c]__Org1,3OAR12M13__Org1,BI
BI,h[c]__Org1,3OAR12M13__Org1,BI
BI,3OAR12M13__Org1,nadp[c]__Org1,BI
BI,nadph[c]__Org1,3OAR12M13__Org1,BI
BI,3OAR12M14__Org1,12m3hmyrsACP[c]__Org1,BI
BI,12m3omyrsACP[c]__Org1,3OAR12M14__Org1,BI
BI,h[c]__Org1,3OAR12M14__Org1,BI
BI,3OAR12M14__Org1,nadp[c]__Org1,BI
BI,nadph[c]__Org1,3OAR12M14__Org1,BI
BI,3OAR13M14__Org1,13m3hmyrsACP[c]__Org1,BI
BI,13m3omyrsACP[c]__Org1,3OAR13M14__Org1,BI
BI,h[c]__Org1,3OAR13M14__Org1,BI
BI,3OAR13M14__Org1,nadp[c]__Org1,BI
BI,nadph[c]__Org1,3OAR13M14__Org1,BI
BI,3OAR140__Org1,3hmrsACP[c]__Org1,BI
BI,3omrsACP[c]__Org1,3OAR140__Org1,BI
BI,h[c]__Org1,3OAR140__Org1,BI
BI,3OAR140__Org1,nadp[c]__Org1,BI
BI,nadph[c]__Org1,3OAR140__Org1,BI
BI,3OAR14M15__Org1,14m3hpentdecACP[c]__Org1,BI
BI,14m3opentdecACP[c]__Org1,3OAR14M15__Org1,BI
BI,h[c]__Org1,3OAR14M15__Org1,BI
BI,3OAR14M15__Org1,nadp[c]__Org1,BI
BI,nadph[c]__Org1,3OAR14M15__Org1,BI
BI,3OAR14M16__Org1,14m3hpalmACP[c]__Org1,BI
BI,14m3opalmACP[c]__Org1,3OAR14M16__Org1,BI
BI,h[c]__Org1,3OAR14M16__Org1,BI
BI,3OAR14M16__Org1,nadp[c]__Org1,BI
BI,nadph[c]__Org1,3OAR14M16__Org1,BI
BI,3OAR15M16__Org1,15m3hpalmACP[c]__Org1,BI
BI,15m3opalmACP[c]__Org1,3OAR15M16__Org1,BI
BI,h[c]__Org1,3OAR15M16__Org1,BI
BI,3OAR15M16__Org1,nadp[c]__Org1,BI
BI,nadph[c]__Org1,3OAR15M16__Org1,BI
BI,3OAR160__Org1,3hpalmACP[c]__Org1,BI
BI,3opalmACP[c]__Org1,3OAR160__Org1,BI
BI,h[c]__Org1,3OAR160__Org1,BI
BI,3OAR160__Org1,nadp[c]__Org1,BI
BI,nadph[c]__Org1,3OAR160__Org1,BI
BI,3OAR180__Org1,3hoctaACP[c]__Org1,BI
BI,3ooctdACP[c]__Org1,3OAR180__Org1,BI
BI,h[c]__Org1,3OAR180__Org1,BI
BI,3OAR180__Org1,nadp[c]__Org1,BI
BI,nadph[c]__Org1,3OAR180__Org1,BI
BI,3OAR40__Org1,3haACP[c]__Org1,BI
BI,actACP[c]__Org1,3OAR40__Org1,BI
BI,h[c]__Org1,3OAR40__Org1,BI
BI,3OAR40__Org1,nadp[c]__Org1,BI
BI,nadph[c]__Org1,3OAR40__Org1,BI
BI,3OAR4M5__Org1,4m3hpentACP[c]__Org1,BI
BI,4m3opentACP[c]__Org1,3OAR4M5__Org1,BI
BI,h[c]__Org1,3OAR4M5__Org1,BI
BI,3OAR4M5__Org1,nadp[c]__Org1,BI
BI,nadph[c]__Org1,3OAR4M5__Org1,BI
BI,3OAR4M6__Org1,4m3hhexACP[c]__Org1,BI
BI,4m3ohexACP[c]__Org1,3OAR4M6__Org1,BI
BI,h[c]__Org1,3OAR4M6__Org1,BI
BI,3OAR4M6__Org1,nadp[c]__Org1,BI
BI,nadph[c]__Org1,3OAR4M6__Org1,BI
BI,3OAR5M6__Org1,5m3hhexACP[c]__Org1,BI
BI,5m3ohexACP[c]__Org1,3OAR5M6__Org1,BI
BI,h[c]__Org1,3OAR5M6__Org1,BI
BI,3OAR5M6__Org1,nadp[c]__Org1,BI
BI,nadph[c]__Org1,3OAR5M6__Org1,BI
BI,3OAR60__Org1,3hhexACP[c]__Org1,BI
BI,3ohexACP[c]__Org1,3OAR60__Org1,BI
BI,h[c]__Org1,3OAR60__Org1,BI
BI,3OAR60__Org1,nadp[c]__Org1,BI
BI,nadph[c]__Org1,3OAR60__Org1,BI
BI,3OAR6M7__Org1,6m3hheptACP[c]__Org1,BI
BI,6m3oheptACP[c]__Org1,3OAR6M7__Org1,BI
BI,h[c]__Org1,3OAR6M7__Org1,BI
BI,3OAR6M7__Org1,nadp[c]__Org1,BI
BI,nadph[c]__Org1,3OAR6M7__Org1,BI
BI,3OAR6M8__Org1,6m3hocACP[c]__Org1,BI
BI,6m3oocACP[c]__Org1,3OAR6M8__Org1,BI
BI,h[c]__Org1,3OAR6M8__Org1,BI
BI,3OAR6M8__Org1,nadp[c]__Org1,BI
BI,nadph[c]__Org1,3OAR6M8__Org1,BI
BI,3OAR7M8__Org1,7m3hocACP[c]__Org1,BI
BI,7m3oocACP[c]__Org1,3OAR7M8__Org1,BI
BI,h[c]__Org1,3OAR7M8__Org1,BI
BI,3OAR7M8__Org1,nadp[c]__Org1,BI
BI,nadph[c]__Org1,3OAR7M8__Org1,BI
BI,3OAR80__Org1,3hoctACP[c]__Org1,BI
BI,3ooctACP[c]__Org1,3OAR80__Org1,BI
BI,h[c]__Org1,3OAR80__Org1,BI
BI,3OAR80__Org1,nadp[c]__Org1,BI
BI,nadph[c]__Org1,3OAR80__Org1,BI
BI,3OAR8M10__Org1,8m3hdcaACP[c]__Org1,BI
BI,8m3odcaACP[c]__Org1,3OAR8M10__Org1,BI
BI,h[c]__Org1,3OAR8M10__Org1,BI
BI,3OAR8M10__Org1,nadp[c]__Org1,BI
BI,nadph[c]__Org1,3OAR8M10__Org1,BI
BI,3OAR8M9__Org1,8m3hnonACP[c]__Org1,BI
BI,8m3ononACP[c]__Org1,3OAR8M9__Org1,BI
BI,h[c]__Org1,3OAR8M9__Org1,BI
BI,3OAR8M9__Org1,nadp[c]__Org1,BI
BI,nadph[c]__Org1,3OAR8M9__Org1,BI
BI,3OAR9M10__Org1,9m3hdcaACP[c]__Org1,BI
BI,9m3odcaACP[c]__Org1,3OAR9M10__Org1,BI
BI,h[c]__Org1,3OAR9M10__Org1,BI
BI,3OAR9M10__Org1,nadp[c]__Org1,BI
BI,nadph[c]__Org1,3OAR9M10__Org1,BI
BI,4ABZt2__Org1,4abz[c]__Org1,BI
BI,4abz[e]__Org1,4ABZt2__Org1,BI
BI,h[e]__Org1,4ABZt2__Org1,BI
BI,4ABZt2__Org1,h[c]__Org1,BI
BI,4hthdp[c]__Org1,4HTHDR__Org1,BI
BI,4HTHDR__Org1,nad[c]__Org1,BI
BI,nadh[c]__Org1,4HTHDR__Org1,BI
BI,4HTHDR__Org1,thdp[c]__Org1,BI
BI,4HTHDR__Org1,h2o[c]__Org1,BI
BI,h[c]__Org1,4HTHDR__Org1,BI
BI,aspsa[c]__Org1,4HTHDS__Org1,BI
BI,pyr[c]__Org1,4HTHDS__Org1,BI
BI,4HTHDS__Org1,4hthdp[c]__Org1,BI
BI,4HTHDS__Org1,h2o[c]__Org1,BI
BI,4HTHDS__Org1,h[c]__Org1,BI
BI,4HTHRS__Org1,4hthr[c]__Org1,BI
BI,phthr[c]__Org1,4HTHRS__Org1,BI
BI,4HTHRS__Org1,pi[c]__Org1,BI
BI,h2o[c]__Org1,4HTHRS__Org1,BI
BI,HC01104[c]__Org1,4NTPPH2__Org1,BI
BI,4NTPPH2__Org1,pnp[c]__Org1,BI
BI,h2o[c]__Org1,4NTPPH2__Org1,BI
BI,4NTPPH2__Org1,h[c]__Org1,BI
BI,4NTPPH2__Org1,pi[c]__Org1,BI
BI,5aizc[c]__Org1,5AIZCDC__Org1,BI
BI,5AIZCDC__Org1,air[c]__Org1,BI
BI,5AIZCDC__Org1,co2[c]__Org1,BI
BI,h[c]__Org1,5AIZCDC__Org1,BI
BI,5mthglu[c]__Org1,5MTHCYST__Org1,BI
BI,ahcys[c]__Org1,5MTHCYST__Org1,BI
BI,5MTHCYST__Org1,amet[c]__Org1,BI
BI,5MTHCYST__Org1,thglu[c]__Org1,BI
BI,h[c]__Org1,5MTHCYST__Org1,BI
BI,aacald[c]__Org1,AACGLYDH__Org1,BI
BI,AACGLYDH__Org1,gly[c]__Org1,BI
BI,h2o[c]__Org1,AACGLYDH__Org1,BI
BI,AACGLYDH__Org1,h[c]__Org1,BI
BI,nad[c]__Org1,AACGLYDH__Org1,BI
BI,AACGLYDH__Org1,nadh[c]__Org1,BI
BI,abt[c]__Org1,ABTOXy__Org1,BI
BI,ABTOXy__Org1,arab_L[c]__Org1,BI
BI,ABTOXy__Org1,h[c]__Org1,BI
BI,nadp[c]__Org1,ABTOXy__Org1,BI
BI,ABTOXy__Org1,nadph[c]__Org1,BI
BI,ABUTD__Org1,4abut[c]__Org1,BI
BI,4abutn[c]__Org1,ABUTD__Org1,BI
BI,h2o[c]__Org1,ABUTD__Org1,BI
BI,ABUTD__Org1,h[c]__Org1,BI
BI,nad[c]__Org1,ABUTD__Org1,BI
BI,ABUTD__Org1,nadh[c]__Org1,BI
BI,ABUTR__Org1,4abut[c]__Org1,BI
BI,4abutn[c]__Org1,ABUTR__Org1,BI
BI,h2o[c]__Org1,ABUTR__Org1,BI
BI,ABUTR__Org1,h[c]__Org1,BI
BI,nadp[c]__Org1,ABUTR__Org1,BI
BI,ABUTR__Org1,nadph[c]__Org1,BI
BI,4abut[e]__Org1,ABUTt2r__Org1,BI
BI,ABUTt2r__Org1,4abut[c]__Org1,BI
BI,ABUTt2r__Org1,h[c]__Org1,BI
BI,h[e]__Org1,ABUTt2r__Org1,BI
BI,acald[c]__Org1,ACALD__Org1,BI
BI,ACALD__Org1,accoa[c]__Org1,BI
BI,coa[c]__Org1,ACALD__Org1,BI
BI,ACALD__Org1,h[c]__Org1,BI
BI,nad[c]__Org1,ACALD__Org1,BI
BI,ACALD__Org1,nadh[c]__Org1,BI
BI,acald[e]__Org1,ACALDt__Org1,BI
BI,ACALDt__Org1,acald[c]__Org1,BI
BI,ACCOACL__Org1,apoC_Lys_btn[c]__Org1,BI
BI,btn_co2[c]__Org1,ACCOACL__Org1,BI
BI,ACCOACL__Org1,malcoa[c]__Org1,BI
BI,accoa[c]__Org1,ACCOACL__Org1,BI
BI,ACGALK3__Org1,acgal6p[c]__Org1,BI
BI,acgal[c]__Org1,ACGALK3__Org1,BI
BI,ACGALK3__Org1,adp[c]__Org1,BI
BI,atp[c]__Org1,ACGALK3__Org1,BI
BI,ACGALK3__Org1,h[c]__Org1,BI
BI,acgal[e]__Org1,ACGALt2r__Org1,BI
BI,ACGALt2r__Org1,acgal[c]__Org1,BI
BI,ACGALt2r__Org1,h[c]__Org1,BI
BI,h[e]__Org1,ACGALt2r__Org1,BI
BI,acgam[c]__Org1,ACGAM2E__Org1,BI
BI,ACGAM2E__Org1,acmana[c]__Org1,BI
BI,ACGAMK__Org1,acgam6p[c]__Org1,BI
BI,acgam[c]__Org1,ACGAMK__Org1,BI
BI,ACGAMK__Org1,adp[c]__Org1,BI
BI,atp[c]__Org1,ACGAMK__Org1,BI
BI,ACGAMK__Org1,h[c]__Org1,BI
BI,uacgam[c]__Org1,ACGAMT__Org1,BI
BI,udcpp[c]__Org1,ACGAMT__Org1,BI
BI,ACGAMT__Org1,ump[c]__Org1,BI
BI,ACGAMT__Org1,unaga[c]__Org1,BI
BI,acgam[e]__Org1,ACGAMt2__Org1,BI
BI,ACGAMt2__Org1,acgam[c]__Org1,BI
BI,ACGAMt2__Org1,h[c]__Org1,BI
BI,h[e]__Org1,ACGAMt2__Org1,BI
BI,pep[c]__Org1,ACGApts__Org1,BI
BI,ACGApts__Org1,acgam6p[c]__Org1,BI
BI,acgam[e]__Org1,ACGApts__Org1,BI
BI,ACGApts__Org1,pyr[c]__Org1,BI
BI,ACGK__Org1,acg5p[c]__Org1,BI
BI,acglu[c]__Org1,ACGK__Org1,BI
BI,ACGK__Org1,adp[c]__Org1,BI
BI,atp[c]__Org1,ACGK__Org1,BI
BI,glu_L[c]__Org1,ACGS__Org1,BI
BI,accoa[c]__Org1,ACGS__Org1,BI
BI,ACGS__Org1,acglu[c]__Org1,BI
BI,ACGS__Org1,coa[c]__Org1,BI
BI,ACGS__Org1,h[c]__Org1,BI
BI,2obut[c]__Org1,ACHBPL__Org1,BI
BI,hethmpp[c]__Org1,ACHBPL__Org1,BI
BI,ACHBPL__Org1,2ahbut[c]__Org1,BI
BI,ACHBPL__Org1,thmpp[c]__Org1,BI
BI,ac[c]__Org1,ACKr__Org1,BI
BI,ACKr__Org1,actp[c]__Org1,BI
BI,ACKr__Org1,adp[c]__Org1,BI
BI,atp[c]__Org1,ACKr__Org1,BI
BI,ACLDC__Org1,actn_R[c]__Org1,BI
BI,alac_S[c]__Org1,ACLDC__Org1,BI
BI,ACLDC__Org1,co2[c]__Org1,BI
BI,h[c]__Org1,ACLDC__Org1,BI
BI,ACLS_a__Org1,co2[c]__Org1,BI
BI,h[c]__Org1,ACLS_a__Org1,BI
BI,ACLS_a__Org1,hethmpp[c]__Org1,BI
BI,pyr[c]__Org1,ACLS_a__Org1,BI
BI,thmpp[c]__Org1,ACLS_a__Org1,BI
BI,alac_S[c]__Org1,ACLS_b__Org1,BI
BI,ACLS_b__Org1,hethmpp[c]__Org1,BI
BI,ACLS_b__Org1,pyr[c]__Org1,BI
BI,thmpp[c]__Org1,ACLS_b__Org1,BI
BI,ACNAMabc__Org1,acnam[c]__Org1,BI
BI,acnam[e]__Org1,ACNAMabc__Org1,BI
BI,ACNAMabc__Org1,adp[c]__Org1,BI
BI,atp[c]__Org1,ACNAMabc__Org1,BI
BI,h2o[c]__Org1,ACNAMabc__Org1,BI
BI,ACNAMabc__Org1,h[c]__Org1,BI
BI,ACNAMabc__Org1,pi[c]__Org1,BI
BI,ACNML__Org1,acmana[c]__Org1,BI
BI,acnam[c]__Org1,ACNML__Org1,BI
BI,ACNML__Org1,pyr[c]__Org1,BI
BI,1tdecg3p[c]__Org1,ACOAAGPAT140__Org1,BI
BI,ACOAAGPAT140__Org1,pa140[c]__Org1,BI
BI,tdcoa[c]__Org1,ACOAAGPAT140__Org1,BI
BI,ACOAAGPAT140__Org1,coa[c]__Org1,BI
BI,1hdecg3p[c]__Org1,ACOAAGPAT160__Org1,BI
BI,ACOAAGPAT160__Org1,pa160[c]__Org1,BI
BI,pmtcoa[c]__Org1,ACOAAGPAT160__Org1,BI
BI,ACOAAGPAT160__Org1,coa[c]__Org1,BI
BI,1odecg3p[c]__Org1,ACOAAGPAT180__Org1,BI
BI,ACOAAGPAT180__Org1,pa180[c]__Org1,BI
BI,stcoa[c]__Org1,ACOAAGPAT180__Org1,BI
BI,ACOAAGPAT180__Org1,coa[c]__Org1,BI
BI,1aipdecg3p[c]__Org1,ACOAAGPATAI15__Org1,BI
BI,aipdcoa[c]__Org1,ACOAAGPATAI15__Org1,BI
BI,ACOAAGPATAI15__Org1,paai15[c]__Org1,BI
BI,ACOAAGPATAI15__Org1,coa[c]__Org1,BI
BI,ACOAAGPATAI15__Org1,h[c]__Org1,BI
BI,1aihpdecg3p[c]__Org1,ACOAAGPATAI17__Org1,BI
BI,aihpdcoa[c]__Org1,ACOAAGPATAI17__Org1,BI
BI,ACOAAGPATAI17__Org1,paai17[c]__Org1,BI
BI,ACOAAGPATAI17__Org1,coa[c]__Org1,BI
BI,1itdecg3p[c]__Org1,ACOAAGPATI14__Org1,BI
BI,itdcoa[c]__Org1,ACOAAGPATI14__Org1,BI
BI,ACOAAGPATI14__Org1,pai14[c]__Org1,BI
BI,ACOAAGPATI14__Org1,coa[c]__Org1,BI
BI,ACOAAGPATI14__Org1,h[c]__Org1,BI
BI,1ipdecg3p[c]__Org1,ACOAAGPATI15__Org1,BI
BI,ipdcoa[c]__Org1,ACOAAGPATI15__Org1,BI
BI,ACOAAGPATI15__Org1,pai15[c]__Org1,BI
BI,ACOAAGPATI15__Org1,coa[c]__Org1,BI
BI,ACOAAGPATI15__Org1,h[c]__Org1,BI
BI,1ihdecg3p[c]__Org1,ACOAAGPATI16__Org1,BI
BI,ihdcoa[c]__Org1,ACOAAGPATI16__Org1,BI
BI,ACOAAGPATI16__Org1,pai16[c]__Org1,BI
BI,ACOAAGPATI16__Org1,coa[c]__Org1,BI
BI,ACOAAGPATI16__Org1,h[c]__Org1,BI
BI,1ihpdecg3p[c]__Org1,ACOAAGPATI17__Org1,BI
BI,ihpdcoa[c]__Org1,ACOAAGPATI17__Org1,BI
BI,ACOAAGPATI17__Org1,pai17[c]__Org1,BI
BI,ACOAAGPATI17__Org1,coa[c]__Org1,BI
BI,ACOCT__Org1,Naccitr_L[c]__Org1,BI
BI,acorn[c]__Org1,ACOCT__Org1,BI
BI,cbp[c]__Org1,ACOCT__Org1,BI
BI,ACOCT__Org1,pi[c]__Org1,BI
BI,ACODAr__Org1,orn[c]__Org1,BI
BI,ACODAr__Org1,ac[c]__Org1,BI
BI,acorn[c]__Org1,ACODAr__Org1,BI
BI,h2o[c]__Org1,ACODAr__Org1,BI
BI,ACONTa__Org1,acon_C[c]__Org1,BI
BI,cit[c]__Org1,ACONTa__Org1,BI
BI,ACONTa__Org1,h2o[c]__Org1,BI
BI,ACONTb__Org1,icit[c]__Org1,BI
BI,acon_C[c]__Org1,ACONTb__Org1,BI
BI,h2o[c]__Org1,ACONTb__Org1,BI
BI,ACOTA__Org1,acg5sa[c]__Org1,BI
BI,akg[c]__Org1,ACOTA__Org1,BI
BI,acorn[c]__Org1,ACOTA__Org1,BI
BI,ACOTA__Org1,glu_L[c]__Org1,BI
BI,ACPS1__Org1,ACP[c]__Org1,BI
BI,apoACP[c]__Org1,ACPS1__Org1,BI
BI,ACPS1__Org1,pap[c]__Org1,BI
BI,coa[c]__Org1,ACPS1__Org1,BI
BI,ACPS1__Org1,h[c]__Org1,BI
BI,13dpg[c]__Org1,ACYP__Org1,BI
BI,ACYP__Org1,3pg[c]__Org1,BI
BI,h2o[c]__Org1,ACYP__Org1,BI
BI,ACYP__Org1,h[c]__Org1,BI
BI,ACYP__Org1,pi[c]__Org1,BI
BI,ACYP_2__Org1,ac[c]__Org1,BI
BI,actp[c]__Org1,ACYP_2__Org1,BI
BI,h2o[c]__Org1,ACYP_2__Org1,BI
BI,ACYP_2__Org1,h[c]__Org1,BI
BI,ACYP_2__Org1,pi[c]__Org1,BI
BI,ac[e]__Org1,ACtr__Org1,BI
BI,ACtr__Org1,ac[c]__Org1,BI
BI,4adcho[c]__Org1,ADCL__Org1,BI
BI,ADCL__Org1,4abz[c]__Org1,BI
BI,ADCL__Org1,h[c]__Org1,BI
BI,ADCL__Org1,pyr[c]__Org1,BI
BI,chor[c]__Org1,ADCS__Org1,BI
BI,gln_L[c]__Org1,ADCS__Org1,BI
BI,ADCS__Org1,4adcho[c]__Org1,BI
BI,ADCS__Org1,glu_L[c]__Org1,BI
BI,amp[c]__Org1,ADK1__Org1,BI
BI,ADK1__Org1,adp[c]__Org1,BI
BI,atp[c]__Org1,ADK1__Org1,BI
BI,ADK10__Org1,dtdp[c]__Org1,BI
BI,dttp[c]__Org1,ADK10__Org1,BI
BI,ADK10__Org1,adp[c]__Org1,BI
BI,amp[c]__Org1,ADK10__Org1,BI
BI,ADK11__Org1,dudp[c]__Org1,BI
BI,dutp[c]__Org1,ADK11__Org1,BI
BI,ADK11__Org1,adp[c]__Org1,BI
BI,amp[c]__Org1,ADK11__Org1,BI
BI,ADK2__Org1,ppi[c]__Org1,BI
BI,pppi[c]__Org1,ADK2__Org1,BI
BI,ADK2__Org1,adp[c]__Org1,BI
BI,amp[c]__Org1,ADK2__Org1,BI
BI,ADK3__Org1,gdp[c]__Org1,BI
BI,gtp[c]__Org1,ADK3__Org1,BI
BI,ADK3__Org1,adp[c]__Org1,BI
BI,amp[c]__Org1,ADK3__Org1,BI
BI,ADK5__Org1,cdp[c]__Org1,BI
BI,ctp[c]__Org1,ADK5__Org1,BI
BI,ADK5__Org1,adp[c]__Org1,BI
BI,amp[c]__Org1,ADK5__Org1,BI
BI,ADK7__Org1,dadp[c]__Org1,BI
BI,datp[c]__Org1,ADK7__Org1,BI
BI,ADK7__Org1,adp[c]__Org1,BI
BI,amp[c]__Org1,ADK7__Org1,BI
BI,ADK8__Org1,dcdp[c]__Org1,BI
BI,dctp[c]__Org1,ADK8__Org1,BI
BI,ADK8__Org1,adp[c]__Org1,BI
BI,amp[c]__Org1,ADK8__Org1,BI
BI,ADK9__Org1,dgdp[c]__Org1,BI
BI,dgtp[c]__Org1,ADK9__Org1,BI
BI,ADK9__Org1,adp[c]__Org1,BI
BI,amp[c]__Org1,ADK9__Org1,BI
BI,ADNCYC__Org1,camp[c]__Org1,BI
BI,atp[c]__Org1,ADNCYC__Org1,BI
BI,ADNCYC__Org1,ppi[c]__Org1,BI
BI,ADNUC__Org1,ade[c]__Org1,BI
BI,adn[c]__Org1,ADNUC__Org1,BI
BI,ADNUC__Org1,rib_D[c]__Org1,BI
BI,h2o[c]__Org1,ADNUC__Org1,BI
BI,prpp[c]__Org1,ADPT__Org1,BI
BI,ade[c]__Org1,ADPT__Org1,BI
BI,ADPT__Org1,amp[c]__Org1,BI
BI,ADPT__Org1,ppi[c]__Org1,BI
BI,dcamp[c]__Org1,ADSL1r__Org1,BI
BI,ADSL1r__Org1,fum[c]__Org1,BI
BI,ADSL1r__Org1,amp[c]__Org1,BI
BI,25aics[c]__Org1,ADSL2r__Org1,BI
BI,ADSL2r__Org1,aicar[c]__Org1,BI
BI,ADSL2r__Org1,fum[c]__Org1,BI
BI,asp_L[c]__Org1,ADSS__Org1,BI
BI,imp[c]__Org1,ADSS__Org1,BI
BI,ADSS__Org1,dcamp[c]__Org1,BI
BI,ADSS__Org1,gdp[c]__Org1,BI
BI,gtp[c]__Org1,ADSS__Org1,BI
BI,ADSS__Org1,h[c]__Org1,BI
BI,ADSS__Org1,pi[c]__Org1,BI
BI,AGDC__Org1,gam6p[c]__Org1,BI
BI,AGDC__Org1,ac[c]__Org1,BI
BI,acgam6p[c]__Org1,AGDC__Org1,BI
BI,h2o[c]__Org1,AGDC__Org1,BI
BI,1ddecg3p[c]__Org1,AGPAT120__Org1,BI
BI,ddcaACP[c]__Org1,AGPAT120__Org1,BI
BI,AGPAT120__Org1,pa120[c]__Org1,BI
BI,AGPAT120__Org1,ACP[c]__Org1,BI
BI,myrsACP[c]__Org1,AGPAT140__Org1,BI
BI,1tdecg3p[c]__Org1,AGPAT140__Org1,BI
BI,AGPAT140__Org1,ACP[c]__Org1,BI
BI,AGPAT140__Org1,pa140[c]__Org1,BI
BI,1tdec7eg3p[c]__Org1,AGPAT141__Org1,BI
BI,AGPAT141__Org1,pa141[c]__Org1,BI
BI,tdeACP[c]__Org1,AGPAT141__Org1,BI
BI,AGPAT141__Org1,ACP[c]__Org1,BI
BI,palmACP[c]__Org1,AGPAT160__Org1,BI
BI,1hdecg3p[c]__Org1,AGPAT160__Org1,BI
BI,AGPAT160__Org1,ACP[c]__Org1,BI
BI,AGPAT160__Org1,pa160[c]__Org1,BI
BI,1hdec9eg3p[c]__Org1,AGPAT161__Org1,BI
BI,hdeACP[c]__Org1,AGPAT161__Org1,BI
BI,AGPAT161__Org1,pa161[c]__Org1,BI
BI,AGPAT161__Org1,ACP[c]__Org1,BI
BI,ocdcaACP[c]__Org1,AGPAT180__Org1,BI
BI,1odecg3p[c]__Org1,AGPAT180__Org1,BI
BI,AGPAT180__Org1,ACP[c]__Org1,BI
BI,AGPAT180__Org1,pa180[c]__Org1,BI
BI,1odec11eg3p[c]__Org1,AGPAT181__Org1,BI
BI,octeACP[c]__Org1,AGPAT181__Org1,BI
BI,AGPAT181__Org1,pa181[c]__Org1,BI
BI,AGPAT181__Org1,ACP[c]__Org1,BI
BI,AGPR__Org1,acg5p[c]__Org1,BI
BI,acg5sa[c]__Org1,AGPR__Org1,BI
BI,AGPR__Org1,h[c]__Org1,BI
BI,nadp[c]__Org1,AGPR__Org1,BI
BI,AGPR__Org1,nadph[c]__Org1,BI
BI,pi[c]__Org1,AGPR__Org1,BI
BI,AHC__Org1,hcys_L[c]__Org1,BI
BI,AHC__Org1,adn[c]__Org1,BI
BI,ahcys[c]__Org1,AHC__Org1,BI
BI,h2o[c]__Org1,AHC__Org1,BI
BI,AHCYSNS_r__Org1,rhcys[c]__Org1,BI
BI,AHCYSNS_r__Org1,ade[c]__Org1,BI
BI,ahcys[c]__Org1,AHCYSNS_r__Org1,BI
BI,h2o[c]__Org1,AHCYSNS_r__Org1,BI
BI,chtbs[c]__Org1,AHEXASE3__Org1,BI
BI,AHEXASE3__Org1,acgam[c]__Org1,BI
BI,h2o[c]__Org1,AHEXASE3__Org1,BI
BI,achms[c]__Org1,AHSERL2__Org1,BI
BI,h2s[c]__Org1,AHSERL2__Org1,BI
BI,AHSERL2__Org1,ac[c]__Org1,BI
BI,AHSERL2__Org1,h[c]__Org1,BI
BI,AHSERL2__Org1,hcys_L[c]__Org1,BI
BI,AHSERL3__Org1,so3[c]__Org1,BI
BI,AHSERL3__Org1,trdox[c]__Org1,BI
BI,trdrd[c]__Org1,AHSERL3__Org1,BI
BI,tsul[c]__Org1,AHSERL3__Org1,BI
BI,AHSERL3__Org1,ac[c]__Org1,BI
BI,achms[c]__Org1,AHSERL3__Org1,BI
BI,AHSERL3__Org1,h[c]__Org1,BI
BI,AHSERL3__Org1,hcys_L[c]__Org1,BI
BI,10fthf[c]__Org1,AICART__Org1,BI
BI,AICART__Org1,fprica[c]__Org1,BI
BI,AICART__Org1,thf[c]__Org1,BI
BI,aicar[c]__Org1,AICART__Org1,BI
BI,hco3[c]__Org1,AIRC4__Org1,BI
BI,AIRC4__Org1,5aizc[c]__Org1,BI
BI,AIRC4__Org1,adp[c]__Org1,BI
BI,air[c]__Org1,AIRC4__Org1,BI
BI,atp[c]__Org1,AIRC4__Org1,BI
BI,AIRC4__Org1,h[c]__Org1,BI
BI,AIRC4__Org1,pi[c]__Org1,BI
BI,succoa[c]__Org1,AKGS__Org1,BI
BI,AKGS__Org1,akg[c]__Org1,BI
BI,co2[c]__Org1,AKGS__Org1,BI
BI,AKGS__Org1,coa[c]__Org1,BI
BI,AKGS__Org1,nad[c]__Org1,BI
BI,nadh[c]__Org1,AKGS__Org1,BI
BI,ahdt[c]__Org1,AKP1__Org1,BI
BI,AKP1__Org1,dhnpt[c]__Org1,BI
BI,h2o[c]__Org1,AKP1__Org1,BI
BI,AKP1__Org1,h[c]__Org1,BI
BI,AKP1__Org1,pi[c]__Org1,BI
BI,AKVALS__Org1,akval[c]__Org1,BI
BI,2obut[c]__Org1,AKVALS__Org1,BI
BI,accoa[c]__Org1,AKVALS__Org1,BI
BI,AKVALS__Org1,co2[c]__Org1,BI
BI,AKVALS__Org1,coa[c]__Org1,BI
BI,h2o[c]__Org1,AKVALS__Org1,BI
BI,AKVALS__Org1,h[c]__Org1,BI
BI,nad[c]__Org1,AKVALS__Org1,BI
BI,AKVALS__Org1,nadh[c]__Org1,BI
BI,ala_D[c]__Org1,ALAALA__Org1,BI
BI,ALAALA__Org1,alaala[c]__Org1,BI
BI,ALAALA__Org1,adp[c]__Org1,BI
BI,atp[c]__Org1,ALAALA__Org1,BI
BI,ALAALA__Org1,h[c]__Org1,BI
BI,ALAALA__Org1,pi[c]__Org1,BI
BI,ALAASP1c__Org1,ala_L[c]__Org1,BI
BI,alaasp[c]__Org1,ALAASP1c__Org1,BI
BI,ALAASP1c__Org1,asp_L[c]__Org1,BI
BI,h2o[c]__Org1,ALAASP1c__Org1,BI
BI,alaasp[e]__Org1,ALAASPabc__Org1,BI
BI,ALAASPabc__Org1,adp[c]__Org1,BI
BI,ALAASPabc__Org1,alaasp[c]__Org1,BI
BI,atp[c]__Org1,ALAASPabc__Org1,BI
BI,h2o[c]__Org1,ALAASPabc__Org1,BI
BI,ALAASPabc__Org1,h[c]__Org1,BI
BI,ALAASPabc__Org1,pi[c]__Org1,BI
BI,ALACI__Org1,33hmeoxobut[c]__Org1,BI
BI,alac_S[c]__Org1,ALACI__Org1,BI
BI,alagln[c]__Org1,ALAGLN1c__Org1,BI
BI,ALAGLN1c__Org1,ala_L[c]__Org1,BI
BI,ALAGLN1c__Org1,gln_L[c]__Org1,BI
BI,h2o[c]__Org1,ALAGLN1c__Org1,BI
BI,alagln[e]__Org1,ALAGLNabc__Org1,BI
BI,ALAGLNabc__Org1,adp[c]__Org1,BI
BI,ALAGLNabc__Org1,alagln[c]__Org1,BI
BI,atp[c]__Org1,ALAGLNabc__Org1,BI
BI,h2o[c]__Org1,ALAGLNabc__Org1,BI
BI,ALAGLNabc__Org1,h[c]__Org1,BI
BI,ALAGLNabc__Org1,pi[c]__Org1,BI
BI,alaglu[c]__Org1,ALAGLU1c__Org1,BI
BI,ALAGLU1c__Org1,ala_L[c]__Org1,BI
BI,ALAGLU1c__Org1,glu_L[c]__Org1,BI
BI,h2o[c]__Org1,ALAGLU1c__Org1,BI
BI,alaglu[e]__Org1,ALAGLUabc__Org1,BI
BI,ALAGLUabc__Org1,adp[c]__Org1,BI
BI,ALAGLUabc__Org1,alaglu[c]__Org1,BI
BI,atp[c]__Org1,ALAGLUabc__Org1,BI
BI,h2o[c]__Org1,ALAGLUabc__Org1,BI
BI,ALAGLUabc__Org1,h[c]__Org1,BI
BI,ALAGLUabc__Org1,pi[c]__Org1,BI
BI,alagly[c]__Org1,ALAGLY1c__Org1,BI
BI,ALAGLY1c__Org1,ala_L[c]__Org1,BI
BI,ALAGLY1c__Org1,gly[c]__Org1,BI
BI,h2o[c]__Org1,ALAGLY1c__Org1,BI
BI,alagly[e]__Org1,ALAGLYabc__Org1,BI
BI,ALAGLYabc__Org1,adp[c]__Org1,BI
BI,ALAGLYabc__Org1,alagly[c]__Org1,BI
BI,atp[c]__Org1,ALAGLYabc__Org1,BI
BI,h2o[c]__Org1,ALAGLYabc__Org1,BI
BI,ALAGLYabc__Org1,h[c]__Org1,BI
BI,ALAGLYabc__Org1,pi[c]__Org1,BI
BI,alahis[c]__Org1,ALAHIS1c__Org1,BI
BI,ALAHIS1c__Org1,his_L[c]__Org1,BI
BI,ALAHIS1c__Org1,ala_L[c]__Org1,BI
BI,h2o[c]__Org1,ALAHIS1c__Org1,BI
BI,alahis[e]__Org1,ALAHISabc__Org1,BI
BI,ALAHISabc__Org1,adp[c]__Org1,BI
BI,ALAHISabc__Org1,alahis[c]__Org1,BI
BI,atp[c]__Org1,ALAHISabc__Org1,BI
BI,h2o[c]__Org1,ALAHISabc__Org1,BI
BI,ALAHISabc__Org1,h[c]__Org1,BI
BI,ALAHISabc__Org1,pi[c]__Org1,BI
BI,alaleu[c]__Org1,ALALEU1c__Org1,BI
BI,ALALEU1c__Org1,leu_L[c]__Org1,BI
BI,ALALEU1c__Org1,ala_L[c]__Org1,BI
BI,h2o[c]__Org1,ALALEU1c__Org1,BI
BI,alaleu[e]__Org1,ALALEUabc__Org1,BI
BI,ALALEUabc__Org1,adp[c]__Org1,BI
BI,ALALEUabc__Org1,alaleu[c]__Org1,BI
BI,atp[c]__Org1,ALALEUabc__Org1,BI
BI,h2o[c]__Org1,ALALEUabc__Org1,BI
BI,ALALEUabc__Org1,h[c]__Org1,BI
BI,ALALEUabc__Org1,pi[c]__Org1,BI
BI,prl45tca[c]__Org1,ALAPGPL__Org1,BI
BI,ALAPGPL__Org1,prl45tcaala[c]__Org1,BI
BI,ala_D[c]__Org1,ALAPGPL__Org1,BI
BI,ALAPGPL__Org1,amp[c]__Org1,BI
BI,atp[c]__Org1,ALAPGPL__Org1,BI
BI,ALAPGPL__Org1,h2o[c]__Org1,BI
BI,ALAPGPL__Org1,ppi[c]__Org1,BI
BI,ALAR__Org1,ala_D[c]__Org1,BI
BI,ala_L[c]__Org1,ALAR__Org1,BI
BI,akg[c]__Org1,ALATA_L__Org1,BI
BI,ala_L[c]__Org1,ALATA_L__Org1,BI
BI,ALATA_L__Org1,glu_L[c]__Org1,BI
BI,ALATA_L__Org1,pyr[c]__Org1,BI
BI,alathr[c]__Org1,ALATHR1c__Org1,BI
BI,ALATHR1c__Org1,thr_L[c]__Org1,BI
BI,ALATHR1c__Org1,ala_L[c]__Org1,BI
BI,h2o[c]__Org1,ALATHR1c__Org1,BI
BI,alathr[e]__Org1,ALATHRabc__Org1,BI
BI,ALATHRabc__Org1,adp[c]__Org1,BI
BI,ALATHRabc__Org1,alathr[c]__Org1,BI
BI,atp[c]__Org1,ALATHRabc__Org1,BI
BI,h2o[c]__Org1,ALATHRabc__Org1,BI
BI,ALATHRabc__Org1,h[c]__Org1,BI
BI,ALATHRabc__Org1,pi[c]__Org1,BI
BI,glyald[c]__Org1,ALCD19__Org1,BI
BI,ALCD19__Org1,glyc[c]__Org1,BI
BI,h[c]__Org1,ALCD19__Org1,BI
BI,ALCD19__Org1,nad[c]__Org1,BI
BI,nadh[c]__Org1,ALCD19__Org1,BI
BI,etoh[c]__Org1,ALCD2x__Org1,BI
BI,ALCD2x__Org1,acald[c]__Org1,BI
BI,ALCD2x__Org1,h[c]__Org1,BI
BI,nad[c]__Org1,ALCD2x__Org1,BI
BI,ALCD2x__Org1,nadh[c]__Org1,BI
BI,ALDD2x__Org1,ac[c]__Org1,BI
BI,acald[c]__Org1,ALDD2x__Org1,BI
BI,h2o[c]__Org1,ALDD2x__Org1,BI
BI,ALDD2x__Org1,h[c]__Org1,BI
BI,nad[c]__Org1,ALDD2x__Org1,BI
BI,ALDD2x__Org1,nadh[c]__Org1,BI
BI,ALDD8x__Org1,glyc_R[c]__Org1,BI
BI,glyald[c]__Org1,ALDD8x__Org1,BI
BI,h2o[c]__Org1,ALDD8x__Org1,BI
BI,ALDD8x__Org1,h[c]__Org1,BI
BI,nad[c]__Org1,ALDD8x__Org1,BI
BI,ALDD8x__Org1,nadh[c]__Org1,BI
BI,ALKP__Org1,dha[c]__Org1,BI
BI,dhap[c]__Org1,ALKP__Org1,BI
BI,h2o[c]__Org1,ALKP__Org1,BI
BI,ALKP__Org1,pi[c]__Org1,BI
BI,ALKP_R788e__Org1,co2[e]__Org1,BI
BI,o2[e]__Org1,ALKP_R788e__Org1,BI
BI,ALKP_R788e__Org1,r406[e]__Org1,BI
BI,r788[e]__Org1,ALKP_R788e__Org1,BI
BI,ALKP_R788e__Org1,h[c]__Org1,BI
BI,ALKP_R788e__Org1,pi[c]__Org1,BI
BI,AMALT1__Org1,glc_D[c]__Org1,BI
BI,malt[c]__Org1,AMALT1__Org1,BI
BI,malttr[c]__Org1,AMALT1__Org1,BI
BI,AMALT1__Org1,maltttr[c]__Org1,BI
BI,AMALT2__Org1,maltpt[c]__Org1,BI
BI,AMALT2__Org1,glc_D[c]__Org1,BI
BI,malt[c]__Org1,AMALT2__Org1,BI
BI,maltttr[c]__Org1,AMALT2__Org1,BI
BI,AMALT3__Org1,malthx[c]__Org1,BI
BI,AMALT3__Org1,glc_D[c]__Org1,BI
BI,malt[c]__Org1,AMALT3__Org1,BI
BI,maltpt[c]__Org1,AMALT3__Org1,BI
BI,AMALT4__Org1,malthp[c]__Org1,BI
BI,AMALT4__Org1,glc_D[c]__Org1,BI
BI,malt[c]__Org1,AMALT4__Org1,BI
BI,malthx[c]__Org1,AMALT4__Org1,BI
BI,acmanap[c]__Org1,AMANAPEr__Org1,BI
BI,AMANAPEr__Org1,acgam6p[c]__Org1,BI
BI,acmana[c]__Org1,AMANK__Org1,BI
BI,AMANK__Org1,acmanap[c]__Org1,BI
BI,AMANK__Org1,adp[c]__Org1,BI
BI,atp[c]__Org1,AMANK__Org1,BI
BI,AMANK__Org1,h[c]__Org1,BI
BI,AMPMS2__Org1,4ampm[c]__Org1,BI
BI,AMPMS2__Org1,for[c]__Org1,BI
BI,air[c]__Org1,AMPMS2__Org1,BI
BI,h2o[c]__Org1,AMPMS2__Org1,BI
BI,AMPMS2__Org1,h[c]__Org1,BI
BI,nad[c]__Org1,AMPMS2__Org1,BI
BI,AMPMS2__Org1,nadh[c]__Org1,BI
BI,cgly[c]__Org1,AMPTASECG__Org1,BI
BI,AMPTASECG__Org1,cys_L[c]__Org1,BI
BI,AMPTASECG__Org1,gly[c]__Org1,BI
BI,h2o[c]__Org1,AMPTASECG__Org1,BI
BI,glycys[c]__Org1,AMPTASEGC__Org1,BI
BI,AMPTASEGC__Org1,cys_L[c]__Org1,BI
BI,AMPTASEGC__Org1,gly[c]__Org1,BI
BI,h2o[c]__Org1,AMPTASEGC__Org1,BI
BI,anth[c]__Org1,ANPRT__Org1,BI
BI,ANPRT__Org1,pran[c]__Org1,BI
BI,ANPRT__Org1,ppi[c]__Org1,BI
BI,prpp[c]__Org1,ANPRT__Org1,BI
BI,ANS__Org1,anth[c]__Org1,BI
BI,chor[c]__Org1,ANS__Org1,BI
BI,gln_L[c]__Org1,ANS__Org1,BI
BI,ANS__Org1,glu_L[c]__Org1,BI
BI,ANS__Org1,h[c]__Org1,BI
BI,ANS__Org1,pyr[c]__Org1,BI
BI,nh4[c]__Org1,ANS2__Org1,BI
BI,ANS2__Org1,anth[c]__Org1,BI
BI,chor[c]__Org1,ANS2__Org1,BI
BI,ANS2__Org1,h2o[c]__Org1,BI
BI,ANS2__Org1,h[c]__Org1,BI
BI,ANS2__Org1,pyr[c]__Org1,BI
BI,2aobut[c]__Org1,AOBUTDs__Org1,BI
BI,AOBUTDs__Org1,aact[c]__Org1,BI
BI,AOBUTDs__Org1,co2[c]__Org1,BI
BI,h[c]__Org1,AOBUTDs__Org1,BI
BI,APRAUR__Org1,5aprbu[c]__Org1,BI
BI,5apru[c]__Org1,APRAUR__Org1,BI
BI,h[c]__Org1,APRAUR__Org1,BI
BI,APRAUR__Org1,nadp[c]__Org1,BI
BI,nadph[c]__Org1,APRAUR__Org1,BI
BI,ARABASE3e__Org1,arab_L[e]__Org1,BI
BI,arabttr[e]__Org1,ARABASE3e__Org1,BI
BI,h2o[e]__Org1,ARABASE3e__Org1,BI
BI,arabinogal[e]__Org1,ARABINOGALASEe__Org1,BI
BI,ARABINOGALASEe__Org1,gal[e]__Org1,BI
BI,ARABINOGALASEe__Org1,glcur[e]__Org1,BI
BI,ARABINOGALASEe__Org1,arab_L[e]__Org1,BI
BI,h2o[e]__Org1,ARABINOGALASEe__Org1,BI
BI,ARABINOGALASEe__Org1,h[e]__Org1,BI
BI,ARBTpts__Org1,arbt6p[c]__Org1,BI
BI,arbt[e]__Org1,ARBTpts__Org1,BI
BI,pep[c]__Org1,ARBTpts__Org1,BI
BI,ARBTpts__Org1,pyr[c]__Org1,BI
BI,ARBabc__Org1,adp[c]__Org1,BI
BI,ARBabc__Org1,arab_L[c]__Org1,BI
BI,arab_L[e]__Org1,ARBabc__Org1,BI
BI,atp[c]__Org1,ARBabc__Org1,BI
BI,h2o[c]__Org1,ARBabc__Org1,BI
BI,ARBabc__Org1,h[c]__Org1,BI
BI,ARBabc__Org1,pi[c]__Org1,BI
BI,ARBt2r__Org1,arab_L[c]__Org1,BI
BI,arab_L[e]__Org1,ARBt2r__Org1,BI
BI,ARBt2r__Org1,h[c]__Org1,BI
BI,h[e]__Org1,ARBt2r__Org1,BI
BI,ARGSL__Org1,arg_L[c]__Org1,BI
BI,argsuc[c]__Org1,ARGSL__Org1,BI
BI,ARGSL__Org1,fum[c]__Org1,BI
BI,citr_L[c]__Org1,ARGSS__Org1,BI
BI,ARGSS__Org1,amp[c]__Org1,BI
BI,ARGSS__Org1,argsuc[c]__Org1,BI
BI,asp_L[c]__Org1,ARGSS__Org1,BI
BI,atp[c]__Org1,ARGSS__Org1,BI
BI,ARGSS__Org1,h[c]__Org1,BI
BI,ARGSS__Org1,ppi[c]__Org1,BI
BI,ASAD__Org1,4pasp[c]__Org1,BI
BI,aspsa[c]__Org1,ASAD__Org1,BI
BI,ASAD__Org1,h[c]__Org1,BI
BI,nadp[c]__Org1,ASAD__Org1,BI
BI,ASAD__Org1,nadph[c]__Org1,BI
BI,pi[c]__Org1,ASAD__Org1,BI
BI,ASNt2r__Org1,asn_L[c]__Org1,BI
BI,asn_L[e]__Org1,ASNt2r__Org1,BI
BI,ASNt2r__Org1,h[c]__Org1,BI
BI,h[e]__Org1,ASNt2r__Org1,BI
BI,ASPCT__Org1,cbasp[c]__Org1,BI
BI,asp_L[c]__Org1,ASPCT__Org1,BI
BI,cbp[c]__Org1,ASPCT__Org1,BI
BI,ASPCT__Org1,h[c]__Org1,BI
BI,ASPCT__Org1,pi[c]__Org1,BI
BI,ASPKi__Org1,4pasp[c]__Org1,BI
BI,ASPKi__Org1,adp[c]__Org1,BI
BI,asp_L[c]__Org1,ASPKi__Org1,BI
BI,atp[c]__Org1,ASPKi__Org1,BI
BI,ASPO1__Org1,h2o2[c]__Org1,BI
BI,o2[c]__Org1,ASPO1__Org1,BI
BI,ASPO1__Org1,oaa[c]__Org1,BI
BI,asp_L[c]__Org1,ASPO1__Org1,BI
BI,h2o[c]__Org1,ASPO1__Org1,BI
BI,ASPO1__Org1,nh4[c]__Org1,BI
BI,ASPO6__Org1,iasp[c]__Org1,BI
BI,asp_L[c]__Org1,ASPO6__Org1,BI
BI,ASPO6__Org1,h2o2[c]__Org1,BI
BI,ASPO6__Org1,h[c]__Org1,BI
BI,o2[c]__Org1,ASPO6__Org1,BI
BI,fmn[c]__Org1,ASPO7__Org1,BI
BI,ASPO7__Org1,fmnh2[c]__Org1,BI
BI,asp_L[c]__Org1,ASPO7__Org1,BI
BI,ASPO7__Org1,h[c]__Org1,BI
BI,ASPO7__Org1,iasp[c]__Org1,BI
BI,asp_L[c]__Org1,ASPT__Org1,BI
BI,ASPT__Org1,fum[c]__Org1,BI
BI,ASPT__Org1,nh4[c]__Org1,BI
BI,akg[c]__Org1,ASPTA__Org1,BI
BI,asp_L[c]__Org1,ASPTA__Org1,BI
BI,ASPTA__Org1,glu_L[c]__Org1,BI
BI,ASPTA__Org1,oaa[c]__Org1,BI
BI,ATPPRT__Org1,prbatp[c]__Org1,BI
BI,atp[c]__Org1,ATPPRT__Org1,BI
BI,ATPPRT__Org1,ppi[c]__Org1,BI
BI,prpp[c]__Org1,ATPPRT__Org1,BI
BI,adp[c]__Org1,ATPS4__Org1,BI
BI,ATPS4__Org1,atp[c]__Org1,BI
BI,ATPS4__Org1,h2o[c]__Org1,BI
BI,ATPS4__Org1,h[c]__Org1,BI
BI,h[e]__Org1,ATPS4__Org1,BI
BI,pi[c]__Org1,ATPS4__Org1,BI
BI,btamp[c]__Org1,BACCLi__Org1,BI
BI,BACCLi__Org1,btn[c]__Org1,BI
BI,BACCLi__Org1,atp[c]__Org1,BI
BI,BACCLi__Org1,h[c]__Org1,BI
BI,ppi[c]__Org1,BACCLi__Org1,BI
BI,cellb[c]__Org1,BGLA__Org1,BI
BI,BGLA__Org1,glc_D[c]__Org1,BI
BI,h2o[c]__Org1,BGLA__Org1,BI
BI,BIACt1__Org1,cholate[c]__Org1,BI
BI,cholate[e]__Org1,BIACt1__Org1,BI
BI,BIACt1__Org1,h[c]__Org1,BI
BI,h[e]__Org1,BIACt1__Org1,BI
BI,BIACt2__Org1,C02528[c]__Org1,BI
BI,C02528[e]__Org1,BIACt2__Org1,BI
BI,BIACt2__Org1,h[c]__Org1,BI
BI,h[e]__Org1,BIACt2__Org1,BI
BI,BPNT__Org1,amp[c]__Org1,BI
BI,h2o[c]__Org1,BPNT__Org1,BI
BI,pap[c]__Org1,BPNT__Org1,BI
BI,BPNT__Org1,pi[c]__Org1,BI
BI,BTNCLi__Org1,adp[c]__Org1,BI
BI,apoC_Lys_btn[c]__Org1,BTNCLi__Org1,BI
BI,atp[c]__Org1,BTNCLi__Org1,BI
BI,BTNCLi__Org1,btn_co2[c]__Org1,BI
BI,BTNCLi__Org1,h[c]__Org1,BI
BI,hco3[c]__Org1,BTNCLi__Org1,BI
BI,BTNCLi__Org1,pi[c]__Org1,BI
BI,btn[e]__Org1,BTNT5r__Org1,BI
BI,BTNT5r__Org1,btn[c]__Org1,BI
BI,BTNabc__Org1,adp[c]__Org1,BI
BI,atp[c]__Org1,BTNabc__Org1,BI
BI,BTNabc__Org1,btn[c]__Org1,BI
BI,btn[e]__Org1,BTNabc__Org1,BI
BI,h2o[c]__Org1,BTNabc__Org1,BI
BI,BTNabc__Org1,h[c]__Org1,BI
BI,BTNabc__Org1,pi[c]__Org1,BI
BI,BUTAMt2r__Org1,butam[c]__Org1,BI
BI,butam[e]__Org1,BUTAMt2r__Org1,BI
BI,BUTAMt2r__Org1,h[c]__Org1,BI
BI,h[e]__Org1,BUTAMt2r__Org1,BI
BI,CA2abc__Org1,ca2[c]__Org1,BI
BI,ca2[e]__Org1,CA2abc__Org1,BI
BI,CA2abc__Org1,adp[c]__Org1,BI
BI,atp[c]__Org1,CA2abc__Org1,BI
BI,h2o[c]__Org1,CA2abc__Org1,BI
BI,CA2abc__Org1,h[c]__Org1,BI
BI,CA2abc__Org1,pi[c]__Org1,BI
BI,CBLAT__Org1,adocbl[c]__Org1,BI
BI,cbl1[c]__Org1,CBLAT__Org1,BI
BI,atp[c]__Org1,CBLAT__Org1,BI
BI,h[c]__Org1,CBLAT__Org1,BI
BI,CBLAT__Org1,pppi[c]__Org1,BI
BI,CBLTDe__Org1,adocbl[e]__Org1,BI
BI,adocbl[c]__Org1,CBLTDe__Org1,BI
BI,CBLtle__Org1,adocbl[c]__Org1,BI
BI,adocbl[e]__Org1,CBLtle__Org1,BI
BI,CBPS__Org1,adp[c]__Org1,BI
BI,atp[c]__Org1,CBPS__Org1,BI
BI,CBPS__Org1,cbp[c]__Org1,BI
BI,gln_L[c]__Org1,CBPS__Org1,BI
BI,CBPS__Org1,glu_L[c]__Org1,BI
BI,h2o[c]__Org1,CBPS__Org1,BI
BI,CBPS__Org1,h[c]__Org1,BI
BI,hco3[c]__Org1,CBPS__Org1,BI
BI,CBPS__Org1,pi[c]__Org1,BI
BI,CBl1te__Org1,cbl1[e]__Org1,BI
BI,cbl1[c]__Org1,CBl1te__Org1,BI
BI,cd2[c]__Org1,CD2abc1__Org1,BI
BI,CD2abc1__Org1,cd2[e]__Org1,BI
BI,CD2abc1__Org1,adp[c]__Org1,BI
BI,atp[c]__Org1,CD2abc1__Org1,BI
BI,h2o[c]__Org1,CD2abc1__Org1,BI
BI,CD2abc1__Org1,h[c]__Org1,BI
BI,CD2abc1__Org1,pi[c]__Org1,BI
BI,acbdma14gapuc[c]__Org1,CDPGLYCGPT__Org1,BI
BI,cdpglyc[c]__Org1,CDPGLYCGPT__Org1,BI
BI,CDPGLYCGPT__Org1,cmp[c]__Org1,BI
BI,CDPGLYCGPT__Org1,h[c]__Org1,BI
BI,CDPGLYCGPT__Org1,prl45tca[c]__Org1,BI
BI,CDPMEK__Org1,2p4c2me[c]__Org1,BI
BI,4c2me[c]__Org1,CDPMEK__Org1,BI
BI,CDPMEK__Org1,adp[c]__Org1,BI
BI,atp[c]__Org1,CDPMEK__Org1,BI
BI,CDPMEK__Org1,h[c]__Org1,BI
BI,cgly[e]__Org1,CGLYabc__Org1,BI
BI,CGLYabc__Org1,adp[c]__Org1,BI
BI,atp[c]__Org1,CGLYabc__Org1,BI
BI,CGLYabc__Org1,cgly[c]__Org1,BI
BI,h2o[c]__Org1,CGLYabc__Org1,BI
BI,CGLYabc__Org1,h[c]__Org1,BI
BI,CGLYabc__Org1,pi[c]__Org1,BI
BI,CHORM__Org1,pphn[c]__Org1,BI
BI,chor[c]__Org1,CHORM__Org1,BI
BI,3psme[c]__Org1,CHORS__Org1,BI
BI,CHORS__Org1,chor[c]__Org1,BI
BI,CHORS__Org1,pi[c]__Org1,BI
BI,CO2t__Org1,co2[c]__Org1,BI
BI,co2[e]__Org1,CO2t__Org1,BI
BI,cobalt2[c]__Org1,COBALTt5__Org1,BI
BI,COBALTt5__Org1,cobalt2[e]__Org1,BI
BI,copre4[c]__Org1,CPC4MT__Org1,BI
BI,CPC4MT__Org1,copre5[c]__Org1,BI
BI,CPC4MT__Org1,ahcys[c]__Org1,BI
BI,amet[c]__Org1,CPC4MT__Org1,BI
BI,CPC4MT__Org1,h[c]__Org1,BI
BI,CPC5MT__Org1,copre6[c]__Org1,BI
BI,CPC5MT__Org1,acald[c]__Org1,BI
BI,CPC5MT__Org1,ahcys[c]__Org1,BI
BI,amet[c]__Org1,CPC5MT__Org1,BI
BI,copre5[c]__Org1,CPC5MT__Org1,BI
BI,h2o[c]__Org1,CPC5MT__Org1,BI
BI,CPC5MT__Org1,h[c]__Org1,BI
BI,cpppg3[c]__Org1,CPPPGO__Org1,BI
BI,CPPPGO__Org1,pppg9[c]__Org1,BI
BI,CPPPGO__Org1,co2[c]__Org1,BI
BI,CPPPGO__Org1,h2o[c]__Org1,BI
BI,h[c]__Org1,CPPPGO__Org1,BI
BI,o2[c]__Org1,CPPPGO__Org1,BI
BI,utp[c]__Org1,CTPS1__Org1,BI
BI,CTPS1__Org1,adp[c]__Org1,BI
BI,atp[c]__Org1,CTPS1__Org1,BI
BI,CTPS1__Org1,ctp[c]__Org1,BI
BI,CTPS1__Org1,h[c]__Org1,BI
BI,nh4[c]__Org1,CTPS1__Org1,BI
BI,CTPS1__Org1,pi[c]__Org1,BI
BI,CTPS2__Org1,adp[c]__Org1,BI
BI,atp[c]__Org1,CTPS2__Org1,BI
BI,CTPS2__Org1,ctp[c]__Org1,BI
BI,gln_L[c]__Org1,CTPS2__Org1,BI
BI,CTPS2__Org1,glu_L[c]__Org1,BI
BI,h2o[c]__Org1,CTPS2__Org1,BI
BI,CTPS2__Org1,h[c]__Org1,BI
BI,CTPS2__Org1,pi[c]__Org1,BI
BI,utp[c]__Org1,CTPS2__Org1,BI
BI,CYRDAR__Org1,co1dam[c]__Org1,BI
BI,co2dam[c]__Org1,CYRDAR__Org1,BI
BI,CYRDAR__Org1,h[c]__Org1,BI
BI,CYRDAR__Org1,nad[c]__Org1,BI
BI,nadh[c]__Org1,CYRDAR__Org1,BI
BI,cys_L[c]__Org1,CYSDS__Org1,BI
BI,h2o[c]__Org1,CYSDS__Org1,BI
BI,CYSDS__Org1,h2s[c]__Org1,BI
BI,CYSDS__Org1,nh4[c]__Org1,BI
BI,CYSDS__Org1,pyr[c]__Org1,BI
BI,acser[c]__Org1,CYSS__Org1,BI
BI,CYSS__Org1,ac[c]__Org1,BI
BI,CYSS__Org1,cys_L[c]__Org1,BI
BI,h2s[c]__Org1,CYSS__Org1,BI
BI,CYSS__Org1,h[c]__Org1,BI
BI,CYSS3r__Org1,ac[c]__Org1,BI
BI,acser[c]__Org1,CYSS3r__Org1,BI
BI,CYSS3r__Org1,cys_L[c]__Org1,BI
BI,CYSS3r__Org1,h[c]__Org1,BI
BI,CYSS3r__Org1,so3[c]__Org1,BI
BI,CYSS3r__Org1,trdox[c]__Org1,BI
BI,trdrd[c]__Org1,CYSS3r__Org1,BI
BI,tsul[c]__Org1,CYSS3r__Org1,BI
BI,cyst_L[c]__Org1,CYSTGL__Org1,BI
BI,CYSTGL__Org1,2obut[c]__Org1,BI
BI,CYSTGL__Org1,cys_L[c]__Org1,BI
BI,h2o[c]__Org1,CYSTGL__Org1,BI
BI,CYSTGL__Org1,nh4[c]__Org1,BI
BI,ser_L[c]__Org1,CYSTS__Org1,BI
BI,CYSTS__Org1,cyst_L[c]__Org1,BI
BI,CYSTS__Org1,h2o[c]__Org1,BI
BI,hcys_L[c]__Org1,CYSTS__Org1,BI
BI,cytd[c]__Org1,CYTDK3__Org1,BI
BI,CYTDK3__Org1,idp[c]__Org1,BI
BI,itp[c]__Org1,CYTDK3__Org1,BI
BI,CYTDK3__Org1,cmp[c]__Org1,BI
BI,CYTDK3__Org1,h[c]__Org1,BI
BI,CYTK1__Org1,adp[c]__Org1,BI
BI,atp[c]__Org1,CYTK1__Org1,BI
BI,CYTK1__Org1,cdp[c]__Org1,BI
BI,cmp[c]__Org1,CYTK1__Org1,BI
BI,dcmp[c]__Org1,CYTK2__Org1,BI
BI,CYTK2__Org1,adp[c]__Org1,BI
BI,atp[c]__Org1,CYTK2__Org1,BI
BI,CYTK2__Org1,dcdp[c]__Org1,BI
BI,Cuabc__Org1,cu2[c]__Org1,BI
BI,cu2[e]__Org1,Cuabc__Org1,BI
BI,Cuabc__Org1,adp[c]__Org1,BI
BI,atp[c]__Org1,Cuabc__Org1,BI
BI,h2o[c]__Org1,Cuabc__Org1,BI
BI,Cuabc__Org1,h[c]__Org1,BI
BI,Cuabc__Org1,pi[c]__Org1,BI
BI,Cut1__Org1,adp[c]__Org1,BI
BI,atp[c]__Org1,Cut1__Org1,BI
BI,cu2[c]__Org1,Cut1__Org1,BI
BI,Cut1__Org1,cu2[e]__Org1,BI
BI,h2o[c]__Org1,Cut1__Org1,BI
BI,Cut1__Org1,h[c]__Org1,BI
BI,Cut1__Org1,pi[c]__Org1,BI
BI,DAPDA__Org1,26dap_LL[c]__Org1,BI
BI,n6all26d[c]__Org1,DAPDA__Org1,BI
BI,DAPDA__Org1,ac[c]__Org1,BI
BI,h2o[c]__Org1,DAPDA__Org1,BI
BI,26dap_M[c]__Org1,DAPDC__Org1,BI
BI,DAPDC__Org1,lys_L[c]__Org1,BI
BI,DAPDC__Org1,co2[c]__Org1,BI
BI,h[c]__Org1,DAPDC__Org1,BI
BI,26dap_LL[c]__Org1,DAPE__Org1,BI
BI,DAPE__Org1,26dap_M[c]__Org1,BI
BI,DAPMDH__Org1,l2a6o[c]__Org1,BI
BI,26dap_M[c]__Org1,DAPMDH__Org1,BI
BI,h2o[c]__Org1,DAPMDH__Org1,BI
BI,DAPMDH__Org1,h[c]__Org1,BI
BI,nadp[c]__Org1,DAPMDH__Org1,BI
BI,DAPMDH__Org1,nadph[c]__Org1,BI
BI,DAPMDH__Org1,nh4[c]__Org1,BI
BI,DASYN120__Org1,cdpdddecg[c]__Org1,BI
BI,ctp[c]__Org1,DASYN120__Org1,BI
BI,h[c]__Org1,DASYN120__Org1,BI
BI,pa120[c]__Org1,DASYN120__Org1,BI
BI,DASYN120__Org1,ppi[c]__Org1,BI
BI,DASYN140__Org1,cdpdtdecg[c]__Org1,BI
BI,ctp[c]__Org1,DASYN140__Org1,BI
BI,h[c]__Org1,DASYN140__Org1,BI
BI,pa140[c]__Org1,DASYN140__Org1,BI
BI,DASYN140__Org1,ppi[c]__Org1,BI
BI,DASYN141__Org1,cdpdtdec7eg[c]__Org1,BI
BI,ctp[c]__Org1,DASYN141__Org1,BI
BI,h[c]__Org1,DASYN141__Org1,BI
BI,pa141[c]__Org1,DASYN141__Org1,BI
BI,DASYN141__Org1,ppi[c]__Org1,BI
BI,DASYN160__Org1,cdpdhdecg[c]__Org1,BI
BI,ctp[c]__Org1,DASYN160__Org1,BI
BI,h[c]__Org1,DASYN160__Org1,BI
BI,pa160[c]__Org1,DASYN160__Org1,BI
BI,DASYN160__Org1,ppi[c]__Org1,BI
BI,DASYN161__Org1,cdpdhdec9eg[c]__Org1,BI
BI,ctp[c]__Org1,DASYN161__Org1,BI
BI,h[c]__Org1,DASYN161__Org1,BI
BI,pa161[c]__Org1,DASYN161__Org1,BI
BI,DASYN161__Org1,ppi[c]__Org1,BI
BI,DASYN180__Org1,cdpdodecg[c]__Org1,BI
BI,ctp[c]__Org1,DASYN180__Org1,BI
BI,h[c]__Org1,DASYN180__Org1,BI
BI,pa180[c]__Org1,DASYN180__Org1,BI
BI,DASYN180__Org1,ppi[c]__Org1,BI
BI,DASYN181__Org1,cdpdodec11eg[c]__Org1,BI
BI,ctp[c]__Org1,DASYN181__Org1,BI
BI,h[c]__Org1,DASYN181__Org1,BI
BI,pa181[c]__Org1,DASYN181__Org1,BI
BI,DASYN181__Org1,ppi[c]__Org1,BI
BI,DASYNAI15__Org1,cdpdaipdecg[c]__Org1,BI
BI,ctp[c]__Org1,DASYNAI15__Org1,BI
BI,h[c]__Org1,DASYNAI15__Org1,BI
BI,paai15[c]__Org1,DASYNAI15__Org1,BI
BI,DASYNAI15__Org1,ppi[c]__Org1,BI
BI,DASYNAI17__Org1,cdpdaihpdecg[c]__Org1,BI
BI,ctp[c]__Org1,DASYNAI17__Org1,BI
BI,h[c]__Org1,DASYNAI17__Org1,BI
BI,paai17[c]__Org1,DASYNAI17__Org1,BI
BI,DASYNAI17__Org1,ppi[c]__Org1,BI
BI,DASYNI14__Org1,cdpditdecg[c]__Org1,BI
BI,ctp[c]__Org1,DASYNI14__Org1,BI
BI,h[c]__Org1,DASYNI14__Org1,BI
BI,pai14[c]__Org1,DASYNI14__Org1,BI
BI,DASYNI14__Org1,ppi[c]__Org1,BI
BI,DASYNI15__Org1,cdpdipdecg[c]__Org1,BI
BI,ctp[c]__Org1,DASYNI15__Org1,BI
BI,h[c]__Org1,DASYNI15__Org1,BI
BI,pai15[c]__Org1,DASYNI15__Org1,BI
BI,DASYNI15__Org1,ppi[c]__Org1,BI
BI,DASYNI16__Org1,cdpdihdecg[c]__Org1,BI
BI,ctp[c]__Org1,DASYNI16__Org1,BI
BI,h[c]__Org1,DASYNI16__Org1,BI
BI,pai16[c]__Org1,DASYNI16__Org1,BI
BI,DASYNI16__Org1,ppi[c]__Org1,BI
BI,DASYNI17__Org1,cdpdihpdecg[c]__Org1,BI
BI,ctp[c]__Org1,DASYNI17__Org1,BI
BI,h[c]__Org1,DASYNI17__Org1,BI
BI,pai17[c]__Org1,DASYNI17__Org1,BI
BI,DASYNI17__Org1,ppi[c]__Org1,BI
BI,DB4PS__Org1,db4p[c]__Org1,BI
BI,ru5p_D[c]__Org1,DB4PS__Org1,BI
BI,DB4PS__Org1,for[c]__Org1,BI
BI,DB4PS__Org1,h[c]__Org1,BI
BI,dchac[c]__Org1,DCAT__Org1,BI
BI,DCAT__Org1,dchac[e]__Org1,BI
BI,h[c]__Org1,DCAT__Org1,BI
BI,DCAT__Org1,h[e]__Org1,BI
BI,dctp[c]__Org1,DCTPD__Org1,BI
BI,DCTPD__Org1,dutp[c]__Org1,BI
BI,h2o[c]__Org1,DCTPD__Org1,BI
BI,h[c]__Org1,DCTPD__Org1,BI
BI,DCTPD__Org1,nh4[c]__Org1,BI
BI,ctp[c]__Org1,DCTPD2__Org1,BI
BI,h2o[c]__Org1,DCTPD2__Org1,BI
BI,h[c]__Org1,DCTPD2__Org1,BI
BI,DCTPD2__Org1,nh4[c]__Org1,BI
BI,DCTPD2__Org1,utp[c]__Org1,BI
BI,DDGLK__Org1,2ddg6p[c]__Org1,BI
BI,2ddglcn[c]__Org1,DDGLK__Org1,BI
BI,DDGLK__Org1,adp[c]__Org1,BI
BI,atp[c]__Org1,DDGLK__Org1,BI
BI,DDGLK__Org1,h[c]__Org1,BI
BI,DDPA__Org1,2dda7p[c]__Org1,BI
BI,e4p[c]__Org1,DDPA__Org1,BI
BI,h2o[c]__Org1,DDPA__Org1,BI
BI,pep[c]__Org1,DDPA__Org1,BI
BI,DDPA__Org1,pi[c]__Org1,BI
BI,dextrin[c]__Org1,DEXTRINASE__Org1,BI
BI,DEXTRINASE__Org1,glc_D[c]__Org1,BI
BI,h2o[c]__Org1,DEXTRINASE__Org1,BI
BI,dextrin[e]__Org1,DEXTRINabc__Org1,BI
BI,DEXTRINabc__Org1,adp[c]__Org1,BI
BI,atp[c]__Org1,DEXTRINabc__Org1,BI
BI,DEXTRINabc__Org1,dextrin[c]__Org1,BI
BI,h2o[c]__Org1,DEXTRINabc__Org1,BI
BI,DEXTRINabc__Org1,h[c]__Org1,BI
BI,DEXTRINabc__Org1,pi[c]__Org1,BI
BI,dgmp[c]__Org1,DGK1__Org1,BI
BI,DGK1__Org1,adp[c]__Org1,BI
BI,atp[c]__Org1,DGK1__Org1,BI
BI,DGK1__Org1,dgdp[c]__Org1,BI
BI,23dhmb[c]__Org1,DHAD1__Org1,BI
BI,DHAD1__Org1,3mob[c]__Org1,BI
BI,DHAD1__Org1,h2o[c]__Org1,BI
BI,DHAD2__Org1,3mop[c]__Org1,BI
BI,23dhmp[c]__Org1,DHAD2__Org1,BI
BI,DHAD2__Org1,h2o[c]__Org1,BI
BI,23dhdp[c]__Org1,DHDPRy__Org1,BI
BI,h[c]__Org1,DHDPRy__Org1,BI
BI,DHDPRy__Org1,nadp[c]__Org1,BI
BI,nadph[c]__Org1,DHDPRy__Org1,BI
BI,DHDPRy__Org1,thdp[c]__Org1,BI
BI,DHDPS__Org1,23dhdp[c]__Org1,BI
BI,aspsa[c]__Org1,DHDPS__Org1,BI
BI,DHDPS__Org1,h2o[c]__Org1,BI
BI,DHDPS__Org1,h[c]__Org1,BI
BI,pyr[c]__Org1,DHDPS__Org1,BI
BI,dhf[c]__Org1,DHFOR2__Org1,BI
BI,DHFOR2__Org1,fol[c]__Org1,BI
BI,nadp[c]__Org1,DHFOR2__Org1,BI
BI,DHFOR2__Org1,nadph[c]__Org1,BI
BI,dhf[c]__Org1,DHFR__Org1,BI
BI,h[c]__Org1,DHFR__Org1,BI
BI,DHFR__Org1,nadp[c]__Org1,BI
BI,nadph[c]__Org1,DHFR__Org1,BI
BI,DHFR__Org1,thf[c]__Org1,BI
BI,dhpt[c]__Org1,DHFS__Org1,BI
BI,DHFS__Org1,adp[c]__Org1,BI
BI,atp[c]__Org1,DHFS__Org1,BI
BI,DHFS__Org1,dhf[c]__Org1,BI
BI,glu_L[c]__Org1,DHFS__Org1,BI
BI,DHFS__Org1,h[c]__Org1,BI
BI,DHFS__Org1,pi[c]__Org1,BI
BI,dhna[c]__Org1,DHNAOPT__Org1,BI
BI,DHNAOPT__Org1,dmphqno[c]__Org1,BI
BI,phyldpp[c]__Org1,DHNAOPT__Org1,BI
BI,DHNAOPT__Org1,co2[c]__Org1,BI
BI,DHNAOPT__Org1,h[c]__Org1,BI
BI,DHNAOPT__Org1,ppi[c]__Org1,BI
BI,DHNAOT__Org1,2dmmq8[c]__Org1,BI
BI,octdp[c]__Org1,DHNAOT__Org1,BI
BI,DHNAOT__Org1,co2[c]__Org1,BI
BI,dhna[c]__Org1,DHNAOT__Org1,BI
BI,DHNAOT__Org1,h[c]__Org1,BI
BI,DHNAOT__Org1,ppi[c]__Org1,BI
BI,DHNAOT4__Org1,2dmmql8[c]__Org1,BI
BI,DHNAOT4__Org1,co2[c]__Org1,BI
BI,dhna[c]__Org1,DHNAOT4__Org1,BI
BI,h[c]__Org1,DHNAOT4__Org1,BI
BI,octdp[c]__Org1,DHNAOT4__Org1,BI
BI,DHNAOT4__Org1,ppi[c]__Org1,BI
BI,DHNPA__Org1,2ahhmp[c]__Org1,BI
BI,DHNPA__Org1,gcald[c]__Org1,BI
BI,dhnpt[c]__Org1,DHNPA__Org1,BI
BI,DHNPA2__Org1,6hmhpt[c]__Org1,BI
BI,dhnpt[c]__Org1,DHNPA2__Org1,BI
BI,DHNPA2__Org1,gcald[c]__Org1,BI
BI,dhor_S[c]__Org1,DHORD2__Org1,BI
BI,DHORD2__Org1,orot[c]__Org1,BI
BI,q8[c]__Org1,DHORD2__Org1,BI
BI,DHORD2__Org1,q8h2[c]__Org1,BI
BI,DHORD5__Org1,mql8[c]__Org1,BI
BI,mqn8[c]__Org1,DHORD5__Org1,BI
BI,dhor_S[c]__Org1,DHORD5__Org1,BI
BI,DHORD5__Org1,orot[c]__Org1,BI
BI,dhor_S[c]__Org1,DHORDi__Org1,BI
BI,DHORDi__Org1,h2o2[c]__Org1,BI
BI,o2[c]__Org1,DHORDi__Org1,BI
BI,DHORDi__Org1,orot[c]__Org1,BI
BI,dhor_S[c]__Org1,DHORDnad__Org1,BI
BI,DHORDnad__Org1,h[c]__Org1,BI
BI,nad[c]__Org1,DHORDnad__Org1,BI
BI,DHORDnad__Org1,nadh[c]__Org1,BI
BI,DHORDnad__Org1,orot[c]__Org1,BI
BI,DHORTS__Org1,cbasp[c]__Org1,BI
BI,dhor_S[c]__Org1,DHORTS__Org1,BI
BI,h2o[c]__Org1,DHORTS__Org1,BI
BI,DHORTS__Org1,h[c]__Org1,BI
BI,25dhpp[c]__Org1,DHPPDA__Org1,BI
BI,DHPPDA__Org1,5apru[c]__Org1,BI
BI,h2o[c]__Org1,DHPPDA__Org1,BI
BI,h[c]__Org1,DHPPDA__Org1,BI
BI,DHPPDA__Org1,nh4[c]__Org1,BI
BI,25drapp[c]__Org1,DHPPDA2__Org1,BI
BI,DHPPDA2__Org1,5apru[c]__Org1,BI
BI,h2o[c]__Org1,DHPPDA2__Org1,BI
BI,h[c]__Org1,DHPPDA2__Org1,BI
BI,DHPPDA2__Org1,nh4[c]__Org1,BI
BI,2ahhmp[c]__Org1,DHPS__Org1,BI
BI,4abz[c]__Org1,DHPS__Org1,BI
BI,DHPS__Org1,dhpt[c]__Org1,BI
BI,DHPS__Org1,h2o[c]__Org1,BI
BI,6hmhptpp[c]__Org1,DHPS2__Org1,BI
BI,4abz[c]__Org1,DHPS2__Org1,BI
BI,DHPS2__Org1,dhpt[c]__Org1,BI
BI,DHPS2__Org1,ppi[c]__Org1,BI
BI,DHQS__Org1,3dhq[c]__Org1,BI
BI,2dda7p[c]__Org1,DHQS__Org1,BI
BI,DHQS__Org1,pi[c]__Org1,BI
BI,DHQTi__Org1,3dhsk[c]__Org1,BI
BI,3dhq[c]__Org1,DHQTi__Org1,BI
BI,DHQTi__Org1,h2o[c]__Org1,BI
BI,dmpp[c]__Org1,DMATT__Org1,BI
BI,DMATT__Org1,grdp[c]__Org1,BI
BI,ipdp[c]__Org1,DMATT__Org1,BI
BI,DMATT__Org1,ppi[c]__Org1,BI
BI,DMAt2r__Org1,dma[c]__Org1,BI
BI,dma[e]__Org1,DMAt2r__Org1,BI
BI,DMAt2r__Org1,h[c]__Org1,BI
BI,h[e]__Org1,DMAt2r__Org1,BI
BI,h2mb4p[c]__Org1,DMPPS__Org1,BI
BI,DMPPS__Org1,dmpp[c]__Org1,BI
BI,DMPPS__Org1,h2o[c]__Org1,BI
BI,h[c]__Org1,DMPPS__Org1,BI
BI,DMPPS__Org1,nad[c]__Org1,BI
BI,nadh[c]__Org1,DMPPS__Org1,BI
BI,DMPPS2r__Org1,dmpp[c]__Org1,BI
BI,h2mb4p[c]__Org1,DMPPS2r__Org1,BI
BI,DMPPS2r__Org1,h2o[c]__Org1,BI
BI,h[c]__Org1,DMPPS2r__Org1,BI
BI,DMPPS2r__Org1,nadp[c]__Org1,BI
BI,nadph[c]__Org1,DMPPS2r__Org1,BI
BI,4hba[c]__Org1,DM_4HBA__Org1,BI
BI,gcald[c]__Org1,DM_GCALD__Org1,BI
BI,na1[c]__Org1,DM_NA1__Org1,BI
BI,DM_atp_c___Org1,adp[c]__Org1,BI
BI,atp[c]__Org1,DM_atp_c___Org1,BI
BI,h2o[c]__Org1,DM_atp_c___Org1,BI
BI,DM_atp_c___Org1,h[c]__Org1,BI
BI,DM_atp_c___Org1,pi[c]__Org1,BI
BI,dhptd[c]__Org1,DM_dhptd(c)__Org1,BI
BI,mql7[c]__Org1,DM_mql7(c)__Org1,BI
BI,mql8[c]__Org1,DM_mql8(c)__Org1,BI
BI,teich_45_BS[c]__Org1,DM_teich_45_BS(c)__Org1,BI
BI,this[c]__Org1,DM_this[c]__Org1,BI
BI,dhpmp[c]__Org1,DNMPPA__Org1,BI
BI,DNMPPA__Org1,dhnpt[c]__Org1,BI
BI,h2o[c]__Org1,DNMPPA__Org1,BI
BI,DNMPPA__Org1,pi[c]__Org1,BI
BI,ahdt[c]__Org1,DNTPPA__Org1,BI
BI,DNTPPA__Org1,dhpmp[c]__Org1,BI
BI,h2o[c]__Org1,DNTPPA__Org1,BI
BI,DNTPPA__Org1,h[c]__Org1,BI
BI,DNTPPA__Org1,ppi[c]__Org1,BI
BI,dpcoa[c]__Org1,DPCOAK__Org1,BI
BI,DPCOAK__Org1,adp[c]__Org1,BI
BI,atp[c]__Org1,DPCOAK__Org1,BI
BI,DPCOAK__Org1,coa[c]__Org1,BI
BI,DPCOAK__Org1,h[c]__Org1,BI
BI,2dhp[c]__Org1,DPRr__Org1,BI
BI,DPRr__Org1,pant_R[c]__Org1,BI
BI,h[c]__Org1,DPRr__Org1,BI
BI,DPRr__Org1,nadp[c]__Org1,BI
BI,nadph[c]__Org1,DPRr__Org1,BI
BI,DRBK__Org1,2dr5p[c]__Org1,BI
BI,drib[c]__Org1,DRBK__Org1,BI
BI,DRBK__Org1,adp[c]__Org1,BI
BI,atp[c]__Org1,DRBK__Org1,BI
BI,DRBK__Org1,h[c]__Org1,BI
BI,dtmp[c]__Org1,DTMPK__Org1,BI
BI,DTMPK__Org1,adp[c]__Org1,BI
BI,atp[c]__Org1,DTMPK__Org1,BI
BI,DTMPK__Org1,dtdp[c]__Org1,BI
BI,DUTPDP__Org1,dump[c]__Org1,BI
BI,dutp[c]__Org1,DUTPDP__Org1,BI
BI,h2o[c]__Org1,DUTPDP__Org1,BI
BI,DUTPDP__Org1,h[c]__Org1,BI
BI,DUTPDP__Org1,ppi[c]__Org1,BI
BI,DXPRIr__Org1,2me4p[c]__Org1,BI
BI,dxyl5p[c]__Org1,DXPRIr__Org1,BI
BI,h[c]__Org1,DXPRIr__Org1,BI
BI,DXPRIr__Org1,nadp[c]__Org1,BI
BI,nadph[c]__Org1,DXPRIr__Org1,BI
BI,g3p[c]__Org1,DXPS__Org1,BI
BI,DXPS__Org1,co2[c]__Org1,BI
BI,DXPS__Org1,dxyl5p[c]__Org1,BI
BI,h[c]__Org1,DXPS__Org1,BI
BI,pyr[c]__Org1,DXPS__Org1,BI
BI,DXYTST__Org1,2c4mthzep[c]__Org1,BI
BI,imogly[c]__Org1,DXYTST__Org1,BI
BI,thissh[c]__Org1,DXYTST__Org1,BI
BI,dxyl5p[c]__Org1,DXYTST__Org1,BI
BI,DXYTST__Org1,h2o[c]__Org1,BI
BI,DXYTST__Org1,h[c]__Org1,BI
BI,DXYTST__Org1,this[c]__Org1,BI
BI,2ddg6p[c]__Org1,EDA__Org1,BI
BI,EDA__Org1,g3p[c]__Org1,BI
BI,EDA__Org1,pyr[c]__Org1,BI
BI,EHGLAT__Org1,4h2oglt[c]__Org1,BI
BI,e4hglu[c]__Org1,EHGLAT__Org1,BI
BI,akg[c]__Org1,EHGLAT__Org1,BI
BI,EHGLAT__Org1,glu_L[c]__Org1,BI
BI,2pg[c]__Org1,ENO__Org1,BI
BI,ENO__Org1,h2o[c]__Org1,BI
BI,ENO__Org1,pep[c]__Org1,BI
BI,etoh[e]__Org1,ETOHt2r__Org1,BI
BI,ETOHt2r__Org1,etoh[c]__Org1,BI
BI,ETOHt2r__Org1,h[c]__Org1,BI
BI,h[e]__Org1,ETOHt2r__Org1,BI
BI,12ppd_S[e]__Org1,EX_12ppd_S(e)__Org1,BI
BI,EX_12ppd_S(e)__Org1,12ppd_S_m,BI
BI,4abut[e]__Org1,EX_4abut(e)__Org1,BI
BI,EX_4abut(e)__Org1,4abut_m,BI
BI,4abz[e]__Org1,EX_4abz(e)__Org1,BI
BI,EX_4abz(e)__Org1,4abz_m,BI
BI,4ahmmp[e]__Org1,EX_4ahmmp(e)__Org1,BI
BI,EX_4ahmmp(e)__Org1,4ahmmp_m,BI
BI,5mthf[e]__Org1,EX_5mthf(e)__Org1,BI
BI,EX_5mthf(e)__Org1,5mthf_m,BI
BI,C02528[e]__Org1,EX_C02528(e)__Org1,BI
BI,EX_C02528(e)__Org1,C02528_m,BI
BI,HC02191[e]__Org1,EX_HC02191(e)__Org1,BI
BI,EX_HC02191(e)__Org1,HC02191_m,BI
BI,HC02192[e]__Org1,EX_HC02192(e)__Org1,BI
BI,EX_HC02192(e)__Org1,HC02192_m,BI
BI,HC02193[e]__Org1,EX_HC02193(e)__Org1,BI
BI,EX_HC02193(e)__Org1,HC02193_m,BI
BI,M01989[e]__Org1,EX_M01989(e)__Org1,BI
BI,EX_M01989(e)__Org1,M01989_m,BI
BI,M03134[e]__Org1,EX_M03134(e)__Org1,BI
BI,EX_M03134(e)__Org1,M03134_m,BI
BI,Ser_Thr[e]__Org1,EX_Ser_Thr(e)__Org1,BI
BI,EX_Ser_Thr(e)__Org1,Ser_Thr_m,BI
BI,T_antigen[e]__Org1,EX_T_antigen(e)__Org1,BI
BI,EX_T_antigen(e)__Org1,T_antigen_m,BI
BI,Tn_antigen[e]__Org1,EX_Tn_antigen(e)__Org1,BI
BI,EX_Tn_antigen(e)__Org1,Tn_antigen_m,BI
BI,ac[e]__Org1,EX_ac(e)__Org1,BI
BI,EX_ac(e)__Org1,ac_m,BI
BI,acald[e]__Org1,EX_acald(e)__Org1,BI
BI,EX_acald(e)__Org1,acald_m,BI
BI,acgal[e]__Org1,EX_acgal(e)__Org1,BI
BI,EX_acgal(e)__Org1,acgal_m,BI
BI,acgam[e]__Org1,EX_acgam(e)__Org1,BI
BI,EX_acgam(e)__Org1,acgam_m,BI
BI,acnam[e]__Org1,EX_acnam(e)__Org1,BI
BI,EX_acnam(e)__Org1,acnam_m,BI
BI,adocbl[e]__Org1,EX_adocbl(e)__Org1,BI
BI,EX_adocbl(e)__Org1,adocbl_m,BI
BI,alaasp[e]__Org1,EX_alaasp(e)__Org1,BI
BI,EX_alaasp(e)__Org1,alaasp_m,BI
BI,alagln[e]__Org1,EX_alagln(e)__Org1,BI
BI,EX_alagln(e)__Org1,alagln_m,BI
BI,alaglu[e]__Org1,EX_alaglu(e)__Org1,BI
BI,EX_alaglu(e)__Org1,alaglu_m,BI
BI,alagly[e]__Org1,EX_alagly(e)__Org1,BI
BI,EX_alagly(e)__Org1,alagly_m,BI
BI,alahis[e]__Org1,EX_alahis(e)__Org1,BI
BI,EX_alahis(e)__Org1,alahis_m,BI
BI,alaleu[e]__Org1,EX_alaleu(e)__Org1,BI
BI,EX_alaleu(e)__Org1,alaleu_m,BI
BI,alathr[e]__Org1,EX_alathr(e)__Org1,BI
BI,EX_alathr(e)__Org1,alathr_m,BI
BI,arab_L[e]__Org1,EX_arab_L(e)__Org1,BI
BI,EX_arab_L(e)__Org1,arab_L_m,BI
BI,arabinogal[e]__Org1,EX_arabinogal(e)__Org1,BI
BI,EX_arabinogal(e)__Org1,arabinogal_m,BI
BI,arabttr[e]__Org1,EX_arabttr(e)__Org1,BI
BI,EX_arabttr(e)__Org1,arabttr_m,BI
BI,arbt[e]__Org1,EX_arbt(e)__Org1,BI
BI,EX_arbt(e)__Org1,arbt_m,BI
BI,asn_L[e]__Org1,EX_asn_L(e)__Org1,BI
BI,EX_asn_L(e)__Org1,asn_L_m,BI
BI,biomass[c]__Org1,DM_biomass(e)__Org1,BI
BI,btn[e]__Org1,EX_btn(e)__Org1,BI
BI,EX_btn(e)__Org1,btn_m,BI
BI,butam[e]__Org1,EX_butam(e)__Org1,BI
BI,EX_butam(e)__Org1,butam_m,BI
BI,ca2[e]__Org1,EX_ca2(e)__Org1,BI
BI,EX_ca2(e)__Org1,ca2_m,BI
BI,cbl1[e]__Org1,EX_cbl1(e)__Org1,BI
BI,EX_cbl1(e)__Org1,cbl1_m,BI
BI,cd2[e]__Org1,EX_cd2(e)__Org1,BI
BI,EX_cd2(e)__Org1,cd2_m,BI
BI,cgly[e]__Org1,EX_cgly(e)__Org1,BI
BI,EX_cgly(e)__Org1,cgly_m,BI
BI,cholate[e]__Org1,EX_cholate(e)__Org1,BI
BI,EX_cholate(e)__Org1,cholate_m,BI
BI,cl[e]__Org1,EX_cl(e)__Org1,BI
BI,EX_cl(e)__Org1,cl_m,BI
BI,co2[e]__Org1,EX_co2(e)__Org1,BI
BI,EX_co2(e)__Org1,co2_m,BI
BI,cobalt2[e]__Org1,EX_cobalt2(e)__Org1,BI
BI,EX_cobalt2(e)__Org1,cobalt2_m,BI
BI,core2[e]__Org1,EX_core2(e)__Org1,BI
BI,EX_core2(e)__Org1,core2_m,BI
BI,core3[e]__Org1,EX_core3(e)__Org1,BI
BI,EX_core3(e)__Org1,core3_m,BI
BI,core4[e]__Org1,EX_core4(e)__Org1,BI
BI,EX_core4(e)__Org1,core4_m,BI
BI,core5[e]__Org1,EX_core5(e)__Org1,BI
BI,EX_core5(e)__Org1,core5_m,BI
BI,core6[e]__Org1,EX_core6(e)__Org1,BI
BI,EX_core6(e)__Org1,core6_m,BI
BI,core7[e]__Org1,EX_core7(e)__Org1,BI
BI,EX_core7(e)__Org1,core7_m,BI
BI,core8[e]__Org1,EX_core8(e)__Org1,BI
BI,EX_core8(e)__Org1,core8_m,BI
BI,cu2[e]__Org1,EX_cu2(e)__Org1,BI
BI,EX_cu2(e)__Org1,cu2_m,BI
BI,dchac[e]__Org1,EX_dchac(e)__Org1,BI
BI,EX_dchac(e)__Org1,dchac_m,BI
BI,dextrin[e]__Org1,EX_dextrin(e)__Org1,BI
BI,EX_dextrin(e)__Org1,dextrin_m,BI
BI,dgchol[e]__Org1,EX_dgchol(e)__Org1,BI
BI,EX_dgchol(e)__Org1,dgchol_m,BI
BI,dhna[e]__Org1,EX_dhna(e)__Org1,BI
BI,EX_dhna(e)__Org1,dhna_m,BI
BI,dma[e]__Org1,EX_dma(e)__Org1,BI
BI,EX_dma(e)__Org1,dma_m,BI
BI,dsT_antigen[e]__Org1,EX_dsT_antigen(e)__Org1,BI
BI,EX_dsT_antigen(e)__Org1,dsT_antigen_m,BI
BI,etoh[e]__Org1,EX_etoh(e)__Org1,BI
BI,EX_etoh(e)__Org1,etoh_m,BI
BI,f1a[e]__Org1,EX_f1a(e)__Org1,BI
BI,EX_f1a(e)__Org1,f1a_m,BI
BI,fe2[e]__Org1,EX_fe2(e)__Org1,BI
BI,EX_fe2(e)__Org1,fe2_m,BI
BI,fe3[e]__Org1,EX_fe3(e)__Org1,BI
BI,EX_fe3(e)__Org1,fe3_m,BI
BI,fol[e]__Org1,EX_fol(e)__Org1,BI
BI,EX_fol(e)__Org1,fol_m,BI
BI,for[e]__Org1,EX_for(e)__Org1,BI
BI,EX_for(e)__Org1,for_m,BI
BI,fru[e]__Org1,EX_fru(e)__Org1,BI
BI,EX_fru(e)__Org1,fru_m,BI
BI,fuc_L[e]__Org1,EX_fuc_L(e)__Org1,BI
BI,EX_fuc_L(e)__Org1,fuc_L_m,BI
BI,fum[e]__Org1,EX_fum(e)__Org1,BI
BI,EX_fum(e)__Org1,fum_m,BI
BI,gal[e]__Org1,EX_gal(e)__Org1,BI
BI,EX_gal(e)__Org1,gal_m,BI
BI,galam[e]__Org1,EX_galam(e)__Org1,BI
BI,EX_galam(e)__Org1,galam_m,BI
BI,gchola[e]__Org1,EX_gchola(e)__Org1,BI
BI,EX_gchola(e)__Org1,gchola_m,BI
BI,glc_D[e]__Org1,EX_glc_D(e)__Org1,BI
BI,EX_glc_D(e)__Org1,glc_D_m,BI
BI,glcur[e]__Org1,EX_glcur(e)__Org1,BI
BI,EX_glcur(e)__Org1,glcur_m,BI
BI,gly[e]__Org1,EX_gly(e)__Org1,BI
BI,EX_gly(e)__Org1,gly_m,BI
BI,glyasn[e]__Org1,EX_glyasn(e)__Org1,BI
BI,EX_glyasn(e)__Org1,glyasn_m,BI
BI,glyasp[e]__Org1,EX_glyasp(e)__Org1,BI
BI,EX_glyasp(e)__Org1,glyasp_m,BI
BI,glyc[e]__Org1,EX_glyc(e)__Org1,BI
BI,EX_glyc(e)__Org1,glyc_m,BI
BI,glyc3p[e]__Org1,EX_glyc3p(e)__Org1,BI
BI,EX_glyc3p(e)__Org1,glyc3p_m,BI
BI,glycys[e]__Org1,EX_glycys(e)__Org1,BI
BI,EX_glycys(e)__Org1,glycys_m,BI
BI,glygln[e]__Org1,EX_glygln(e)__Org1,BI
BI,EX_glygln(e)__Org1,glygln_m,BI
BI,glyglu[e]__Org1,EX_glyglu(e)__Org1,BI
BI,EX_glyglu(e)__Org1,glyglu_m,BI
BI,glyleu[e]__Org1,EX_glyleu(e)__Org1,BI
BI,EX_glyleu(e)__Org1,glyleu_m,BI
BI,glymet[e]__Org1,EX_glymet(e)__Org1,BI
BI,EX_glymet(e)__Org1,glymet_m,BI
BI,glyphe[e]__Org1,EX_glyphe(e)__Org1,BI
BI,EX_glyphe(e)__Org1,glyphe_m,BI
BI,glypro[e]__Org1,EX_glypro(e)__Org1,BI
BI,EX_glypro(e)__Org1,glypro_m,BI
BI,glytyr[e]__Org1,EX_glytyr(e)__Org1,BI
BI,EX_glytyr(e)__Org1,glytyr_m,BI
BI,gncore1[e]__Org1,EX_gncore1(e)__Org1,BI
BI,EX_gncore1(e)__Org1,gncore1_m,BI
BI,gncore2[e]__Org1,EX_gncore2(e)__Org1,BI
BI,EX_gncore2(e)__Org1,gncore2_m,BI
BI,h[e]__Org1,EX_h(e)__Org1,BI
BI,EX_h(e)__Org1,h_m,BI
BI,h2o[e]__Org1,EX_h2o(e)__Org1,BI
BI,EX_h2o(e)__Org1,h2o_m,BI
BI,hg2[e]__Org1,EX_hg2(e)__Org1,BI
BI,EX_hg2(e)__Org1,hg2_m,BI
BI,his_L[e]__Org1,EX_his_L(e)__Org1,BI
BI,EX_his_L(e)__Org1,his_L_m,BI
BI,hxan[e]__Org1,EX_hxan(e)__Org1,BI
BI,EX_hxan(e)__Org1,hxan_m,BI
BI,ile_L[e]__Org1,EX_ile_L(e)__Org1,BI
BI,EX_ile_L(e)__Org1,ile_L_m,BI
BI,inulin[e]__Org1,EX_inulin(e)__Org1,BI
BI,EX_inulin(e)__Org1,inulin_m,BI
BI,isomal[e]__Org1,EX_isomal(e)__Org1,BI
BI,EX_isomal(e)__Org1,isomal_m,BI
BI,k[e]__Org1,EX_k(e)__Org1,BI
BI,EX_k(e)__Org1,k_m,BI
BI,kesto[e]__Org1,EX_kesto(e)__Org1,BI
BI,EX_kesto(e)__Org1,kesto_m,BI
BI,kestopt[e]__Org1,EX_kestopt(e)__Org1,BI
BI,EX_kestopt(e)__Org1,kestopt_m,BI
BI,kestottr[e]__Org1,EX_kestottr(e)__Org1,BI
BI,EX_kestottr(e)__Org1,kestottr_m,BI
BI,lac_L[e]__Org1,EX_lac_L(e)__Org1,BI
BI,EX_lac_L(e)__Org1,lac_L_m,BI
BI,lactl[e]__Org1,EX_lactl(e)__Org1,BI
BI,EX_lactl(e)__Org1,lactl_m,BI
BI,lcts[e]__Org1,EX_lcts(e)__Org1,BI
BI,EX_lcts(e)__Org1,lcts_m,BI
BI,leu_L[e]__Org1,EX_leu_L(e)__Org1,BI
BI,EX_leu_L(e)__Org1,leu_L_m,BI
BI,malt[e]__Org1,EX_malt(e)__Org1,BI
BI,EX_malt(e)__Org1,malt_m,BI
BI,malthx[e]__Org1,EX_malthx(e)__Org1,BI
BI,EX_malthx(e)__Org1,malthx_m,BI
BI,malttr[e]__Org1,EX_malttr(e)__Org1,BI
BI,EX_malttr(e)__Org1,malttr_m,BI
BI,man[e]__Org1,EX_man(e)__Org1,BI
BI,EX_man(e)__Org1,man_m,BI
BI,mantr[e]__Org1,EX_mantr(e)__Org1,BI
BI,EX_mantr(e)__Org1,mantr_m,BI
BI,melib[e]__Org1,EX_melib(e)__Org1,BI
BI,EX_melib(e)__Org1,melib_m,BI
BI,met_D[e]__Org1,EX_met_D(e)__Org1,BI
BI,EX_met_D(e)__Org1,met_D_m,BI
BI,met_L[e]__Org1,EX_met_L(e)__Org1,BI
BI,EX_met_L(e)__Org1,met_L_m,BI
BI,metala[e]__Org1,EX_metala(e)__Org1,BI
BI,EX_metala(e)__Org1,metala_m,BI
BI,metsox_S_L[e]__Org1,EX_metsox_S_L(e)__Org1,BI
BI,EX_metsox_S_L(e)__Org1,metsox_S_L_m,BI
BI,mg2[e]__Org1,EX_mg2(e)__Org1,BI
BI,EX_mg2(e)__Org1,mg2_m,BI
BI,mn2[e]__Org1,EX_mn2(e)__Org1,BI
BI,EX_mn2(e)__Org1,mn2_m,BI
BI,mnl[e]__Org1,EX_mnl(e)__Org1,BI
BI,EX_mnl(e)__Org1,mnl_m,BI
BI,mqn7[e]__Org1,EX_mqn7(e)__Org1,BI
BI,EX_mqn7(e)__Org1,mqn7_m,BI
BI,mqn8[e]__Org1,EX_mqn8(e)__Org1,BI
BI,EX_mqn8(e)__Org1,mqn8_m,BI
BI,na1[e]__Org1,EX_na1(e)__Org1,BI
BI,EX_na1(e)__Org1,na1_m,BI
BI,nac[e]__Org1,EX_nac(e)__Org1,BI
BI,EX_nac(e)__Org1,nac_m,BI
BI,nh4[e]__Org1,EX_nh4(e)__Org1,BI
BI,EX_nh4(e)__Org1,nh4_m,BI
BI,ni2[e]__Org1,EX_ni2(e)__Org1,BI
BI,EX_ni2(e)__Org1,ni2_m,BI
BI,norval_L[e]__Org1,EX_norval_L(e)__Org1,BI
BI,EX_norval_L(e)__Org1,norval_L_m,BI
BI,o2[e]__Org1,EX_o2(e)__Org1,BI
BI,EX_o2(e)__Org1,o2_m,BI
BI,oxa[e]__Org1,EX_oxa(e)__Org1,BI
BI,EX_oxa(e)__Org1,oxa_m,BI
BI,pb[e]__Org1,EX_pb(e)__Org1,BI
BI,EX_pb(e)__Org1,pb_m,BI
BI,peamn[e]__Org1,EX_peamn(e)__Org1,BI
BI,EX_peamn(e)__Org1,peamn_m,BI
BI,phe_L[e]__Org1,EX_phe_L(e)__Org1,BI
BI,EX_phe_L(e)__Org1,phe_L_m,BI
BI,pi[e]__Org1,EX_pi(e)__Org1,BI
BI,EX_pi(e)__Org1,pi_m,BI
BI,pnto_R[e]__Org1,EX_pnto_R(e)__Org1,BI
BI,EX_pnto_R(e)__Org1,pnto_R_m,BI
BI,ppi[e]__Org1,EX_ppi(e)__Org1,BI
BI,EX_ppi(e)__Org1,ppi_m,BI
BI,pro_L[e]__Org1,EX_pro_L(e)__Org1,BI
BI,EX_pro_L(e)__Org1,pro_L_m,BI
BI,pydam[e]__Org1,EX_pydam(e)__Org1,BI
BI,EX_pydam(e)__Org1,pydam_m,BI
BI,pydx[e]__Org1,EX_pydx(e)__Org1,BI
BI,EX_pydx(e)__Org1,pydx_m,BI
BI,pydxn[e]__Org1,EX_pydxn(e)__Org1,BI
BI,EX_pydxn(e)__Org1,pydxn_m,BI
BI,r406[e]__Org1,EX_r406(e)__Org1,BI
BI,EX_r406(e)__Org1,r406_m,BI
BI,r788[e]__Org1,EX_r788(e)__Org1,BI
BI,EX_r788(e)__Org1,r788_m,BI
BI,raffin[e]__Org1,EX_raffin(e)__Org1,BI
BI,EX_raffin(e)__Org1,raffin_m,BI
BI,rib_D[e]__Org1,EX_rib_D(e)__Org1,BI
BI,EX_rib_D(e)__Org1,rib_D_m,BI
BI,ribflv[e]__Org1,EX_ribflv(e)__Org1,BI
BI,EX_ribflv(e)__Org1,ribflv_m,BI
BI,rmn[e]__Org1,EX_rmn(e)__Org1,BI
BI,EX_rmn(e)__Org1,rmn_m,BI
BI,sT_antigen[e]__Org1,EX_sT_antigen(e)__Org1,BI
BI,EX_sT_antigen(e)__Org1,sT_antigen_m,BI
BI,sTn_antigen[e]__Org1,EX_sTn_antigen(e)__Org1,BI
BI,EX_sTn_antigen(e)__Org1,sTn_antigen_m,BI
BI,salcn[e]__Org1,EX_salcn(e)__Org1,BI
BI,EX_salcn(e)__Org1,salcn_m,BI
BI,so4[e]__Org1,EX_so4(e)__Org1,BI
BI,EX_so4(e)__Org1,so4_m,BI
BI,stys[e]__Org1,EX_stys(e)__Org1,BI
BI,EX_stys(e)__Org1,stys_m,BI
BI,succ[e]__Org1,EX_succ(e)__Org1,BI
BI,EX_succ(e)__Org1,succ_m,BI
BI,sucr[e]__Org1,EX_sucr(e)__Org1,BI
BI,EX_sucr(e)__Org1,sucr_m,BI
BI,taur[e]__Org1,EX_taur(e)__Org1,BI
BI,EX_taur(e)__Org1,taur_m,BI
BI,tchola[e]__Org1,EX_tchola(e)__Org1,BI
BI,EX_tchola(e)__Org1,tchola_m,BI
BI,tdchola[e]__Org1,EX_tdchola(e)__Org1,BI
BI,EX_tdchola(e)__Org1,tdchola_m,BI
BI,tdechola[e]__Org1,EX_tdechola(e)__Org1,BI
BI,EX_tdechola(e)__Org1,tdechola_m,BI
BI,thf[e]__Org1,EX_thf(e)__Org1,BI
BI,EX_thf(e)__Org1,thf_m,BI
BI,thm[e]__Org1,EX_thm(e)__Org1,BI
BI,EX_thm(e)__Org1,thm_m,BI
BI,tre[e]__Org1,EX_tre(e)__Org1,BI
BI,EX_tre(e)__Org1,tre_m,BI
BI,trp_L[e]__Org1,EX_trp_L(e)__Org1,BI
BI,EX_trp_L(e)__Org1,trp_L_m,BI
BI,tyr_L[e]__Org1,EX_tyr_L(e)__Org1,BI
BI,EX_tyr_L(e)__Org1,tyr_L_m,BI
BI,ura[e]__Org1,EX_ura(e)__Org1,BI
BI,EX_ura(e)__Org1,ura_m,BI
BI,urea[e]__Org1,EX_urea(e)__Org1,BI
BI,EX_urea(e)__Org1,urea_m,BI
BI,val_L[e]__Org1,EX_val_L(e)__Org1,BI
BI,EX_val_L(e)__Org1,val_L_m,BI
BI,xan[e]__Org1,EX_xan(e)__Org1,BI
BI,EX_xan(e)__Org1,xan_m,BI
BI,xyl_D[e]__Org1,EX_xyl_D(e)__Org1,BI
BI,EX_xyl_D(e)__Org1,xyl_D_m,BI
BI,xylottr[e]__Org1,EX_xylottr(e)__Org1,BI
BI,EX_xylottr(e)__Org1,xylottr_m,BI
BI,zn2[e]__Org1,EX_zn2(e)__Org1,BI
BI,EX_zn2(e)__Org1,zn2_m,BI
BI,f6p[c]__Org1,F6PE4PL__Org1,BI
BI,F6PE4PL__Org1,actp[c]__Org1,BI
BI,F6PE4PL__Org1,e4p[c]__Org1,BI
BI,F6PE4PL__Org1,h2o[c]__Org1,BI
BI,pi[c]__Org1,F6PE4PL__Org1,BI
BI,ttdca[c]__Org1,FACOAL140__Org1,BI
BI,FACOAL140__Org1,amp[c]__Org1,BI
BI,atp[c]__Org1,FACOAL140__Org1,BI
BI,coa[c]__Org1,FACOAL140__Org1,BI
BI,FACOAL140__Org1,ppi[c]__Org1,BI
BI,FACOAL140__Org1,tdcoa[c]__Org1,BI
BI,hdca[c]__Org1,FACOAL160i__Org1,BI
BI,FACOAL160i__Org1,amp[c]__Org1,BI
BI,atp[c]__Org1,FACOAL160i__Org1,BI
BI,coa[c]__Org1,FACOAL160i__Org1,BI
BI,FACOAL160i__Org1,pmtcoa[c]__Org1,BI
BI,FACOAL160i__Org1,ppi[c]__Org1,BI
BI,hdcea[c]__Org1,FACOAL161__Org1,BI
BI,FACOAL161__Org1,hdcoa[c]__Org1,BI
BI,FACOAL161__Org1,amp[c]__Org1,BI
BI,atp[c]__Org1,FACOAL161__Org1,BI
BI,coa[c]__Org1,FACOAL161__Org1,BI
BI,FACOAL161__Org1,ppi[c]__Org1,BI
BI,ocdca[c]__Org1,FACOAL180i__Org1,BI
BI,FACOAL180i__Org1,amp[c]__Org1,BI
BI,atp[c]__Org1,FACOAL180i__Org1,BI
BI,coa[c]__Org1,FACOAL180i__Org1,BI
BI,FACOAL180i__Org1,ppi[c]__Org1,BI
BI,FACOAL180i__Org1,stcoa[c]__Org1,BI
BI,ocdcea[c]__Org1,FACOAL181i__Org1,BI
BI,FACOAL181i__Org1,odecoa[c]__Org1,BI
BI,FACOAL181i__Org1,amp[c]__Org1,BI
BI,atp[c]__Org1,FACOAL181i__Org1,BI
BI,coa[c]__Org1,FACOAL181i__Org1,BI
BI,FACOAL181i__Org1,ppi[c]__Org1,BI
BI,fa4[c]__Org1,FACOALAI15__Org1,BI
BI,FACOALAI15__Org1,aipdcoa[c]__Org1,BI
BI,FACOALAI15__Org1,amp[c]__Org1,BI
BI,atp[c]__Org1,FACOALAI15__Org1,BI
BI,coa[c]__Org1,FACOALAI15__Org1,BI
BI,FACOALAI15__Org1,ppi[c]__Org1,BI
BI,fa12[c]__Org1,FACOALAI17__Org1,BI
BI,FACOALAI17__Org1,aihpdcoa[c]__Org1,BI
BI,FACOALAI17__Org1,amp[c]__Org1,BI
BI,atp[c]__Org1,FACOALAI17__Org1,BI
BI,coa[c]__Org1,FACOALAI17__Org1,BI
BI,FACOALAI17__Org1,ppi[c]__Org1,BI
BI,fa1[c]__Org1,FACOALI14__Org1,BI
BI,FACOALI14__Org1,amp[c]__Org1,BI
BI,atp[c]__Org1,FACOALI14__Org1,BI
BI,coa[c]__Org1,FACOALI14__Org1,BI
BI,FACOALI14__Org1,itdcoa[c]__Org1,BI
BI,FACOALI14__Org1,ppi[c]__Org1,BI
BI,fa3[c]__Org1,FACOALI15__Org1,BI
BI,FACOALI15__Org1,amp[c]__Org1,BI
BI,atp[c]__Org1,FACOALI15__Org1,BI
BI,coa[c]__Org1,FACOALI15__Org1,BI
BI,FACOALI15__Org1,ipdcoa[c]__Org1,BI
BI,FACOALI15__Org1,ppi[c]__Org1,BI
BI,fa6[c]__Org1,FACOALI16__Org1,BI
BI,FACOALI16__Org1,amp[c]__Org1,BI
BI,atp[c]__Org1,FACOALI16__Org1,BI
BI,coa[c]__Org1,FACOALI16__Org1,BI
BI,FACOALI16__Org1,ihdcoa[c]__Org1,BI
BI,FACOALI16__Org1,ppi[c]__Org1,BI
BI,fa11[c]__Org1,FACOALI17__Org1,BI
BI,FACOALI17__Org1,amp[c]__Org1,BI
BI,atp[c]__Org1,FACOALI17__Org1,BI
BI,coa[c]__Org1,FACOALI17__Org1,BI
BI,FACOALI17__Org1,ihpdcoa[c]__Org1,BI
BI,FACOALI17__Org1,ppi[c]__Org1,BI
BI,fdp[c]__Org1,FBA__Org1,BI
BI,FBA__Org1,dhap[c]__Org1,BI
BI,FBA__Org1,g3p[c]__Org1,BI
BI,f1p[c]__Org1,FBA2__Org1,BI
BI,FBA2__Org1,dhap[c]__Org1,BI
BI,FBA2__Org1,glyald[c]__Org1,BI
BI,s17bp[c]__Org1,FBA3__Org1,BI
BI,FBA3__Org1,dhap[c]__Org1,BI
BI,FBA3__Org1,e4p[c]__Org1,BI
BI,FCI__Org1,fcl_L[c]__Org1,BI
BI,fuc_L[c]__Org1,FCI__Org1,BI
BI,FCLK__Org1,fc1p[c]__Org1,BI
BI,FCLK__Org1,adp[c]__Org1,BI
BI,atp[c]__Org1,FCLK__Org1,BI
BI,fcl_L[c]__Org1,FCLK__Org1,BI
BI,FCLK__Org1,h[c]__Org1,BI
BI,FCLPA__Org1,lald_L[c]__Org1,BI
BI,FCLPA__Org1,dhap[c]__Org1,BI
BI,fc1p[c]__Org1,FCLPA__Org1,BI
BI,FE2abc__Org1,fe2[c]__Org1,BI
BI,FE2abc__Org1,adp[c]__Org1,BI
BI,atp[c]__Org1,FE2abc__Org1,BI
BI,fe2[e]__Org1,FE2abc__Org1,BI
BI,h2o[c]__Org1,FE2abc__Org1,BI
BI,FE2abc__Org1,h[c]__Org1,BI
BI,FE2abc__Org1,pi[c]__Org1,BI
BI,FE3abc__Org1,fe3[c]__Org1,BI
BI,FE3abc__Org1,adp[c]__Org1,BI
BI,atp[c]__Org1,FE3abc__Org1,BI
BI,fe3[e]__Org1,FE3abc__Org1,BI
BI,h2o[c]__Org1,FE3abc__Org1,BI
BI,FE3abc__Org1,h[c]__Org1,BI
BI,FE3abc__Org1,pi[c]__Org1,BI
BI,fe2[c]__Org1,FERO__Org1,BI
BI,FERO__Org1,fe3[c]__Org1,BI
BI,FERO__Org1,h2o[c]__Org1,BI
BI,h[c]__Org1,FERO__Org1,BI
BI,o2[c]__Org1,FERO__Org1,BI
BI,FFSD__Org1,fru[c]__Org1,BI
BI,FFSD__Org1,g6p[c]__Org1,BI
BI,suc6p[c]__Org1,FFSD__Org1,BI
BI,h2o[c]__Org1,FFSD__Org1,BI
BI,FMNAT__Org1,fad[c]__Org1,BI
BI,atp[c]__Org1,FMNAT__Org1,BI
BI,fmn[c]__Org1,FMNAT__Org1,BI
BI,h[c]__Org1,FMNAT__Org1,BI
BI,FMNAT__Org1,ppi[c]__Org1,BI
BI,fmn[c]__Org1,FMNRx2__Org1,BI
BI,FMNRx2__Org1,fmnh2[c]__Org1,BI
BI,h[c]__Org1,FMNRx2__Org1,BI
BI,FMNRx2__Org1,nadp[c]__Org1,BI
BI,nadph[c]__Org1,FMNRx2__Org1,BI
BI,FOLABCCte__Org1,adp[c]__Org1,BI
BI,atp[c]__Org1,FOLABCCte__Org1,BI
BI,fol[c]__Org1,FOLABCCte__Org1,BI
BI,FOLABCCte__Org1,fol[e]__Org1,BI
BI,h2o[c]__Org1,FOLABCCte__Org1,BI
BI,FOLABCCte__Org1,h[c]__Org1,BI
BI,FOLABCCte__Org1,pi[c]__Org1,BI
BI,2ahhmd[c]__Org1,FOLD3__Org1,BI
BI,4abz[c]__Org1,FOLD3__Org1,BI
BI,FOLD3__Org1,dhpt[c]__Org1,BI
BI,FOLD3__Org1,ppi[c]__Org1,BI
BI,fol[c]__Org1,FOLte__Org1,BI
BI,FOLte__Org1,fol[e]__Org1,BI
BI,FORt__Org1,for[c]__Org1,BI
BI,for[e]__Org1,FORt__Org1,BI
BI,FPGS__Org1,5thf[c]__Org1,BI
BI,FPGS__Org1,adp[c]__Org1,BI
BI,atp[c]__Org1,FPGS__Org1,BI
BI,glu_L[c]__Org1,FPGS__Org1,BI
BI,FPGS__Org1,h2o[c]__Org1,BI
BI,FPGS__Org1,h[c]__Org1,BI
BI,FPGS__Org1,pi[c]__Org1,BI
BI,thf[c]__Org1,FPGS__Org1,BI
BI,FPGS7__Org1,10fthf5glu[c]__Org1,BI
BI,10fthf[c]__Org1,FPGS7__Org1,BI
BI,FPGS7__Org1,adp[c]__Org1,BI
BI,atp[c]__Org1,FPGS7__Org1,BI
BI,glu_L[c]__Org1,FPGS7__Org1,BI
BI,FPGS7__Org1,h2o[c]__Org1,BI
BI,FPGS7__Org1,h[c]__Org1,BI
BI,FPGS7__Org1,pi[c]__Org1,BI
BI,FPGS_tm__Org1,thfglu[c]__Org1,BI
BI,FPGS_tm__Org1,adp[c]__Org1,BI
BI,atp[c]__Org1,FPGS_tm__Org1,BI
BI,glu_L[c]__Org1,FPGS_tm__Org1,BI
BI,FPGS_tm__Org1,h[c]__Org1,BI
BI,FPGS_tm__Org1,pi[c]__Org1,BI
BI,thf[c]__Org1,FPGS_tm__Org1,BI
BI,FRD2__Org1,succ[c]__Org1,BI
BI,fum[c]__Org1,FRD2__Org1,BI
BI,mql8[c]__Org1,FRD2__Org1,BI
BI,FRD2__Org1,mqn8[c]__Org1,BI
BI,FRD3__Org1,2dmmq8[c]__Org1,BI
BI,2dmmql8[c]__Org1,FRD3__Org1,BI
BI,fum[c]__Org1,FRD3__Org1,BI
BI,FRD3__Org1,succ[c]__Org1,BI
BI,fum[c]__Org1,FRD7__Org1,BI
BI,FRD7__Org1,q8[c]__Org1,BI
BI,q8h2[c]__Org1,FRD7__Org1,BI
BI,FRD7__Org1,succ[c]__Org1,BI
BI,FRDOr__Org1,fdxox[c]__Org1,BI
BI,fdxrd[c]__Org1,FRDOr__Org1,BI
BI,FRDOr__Org1,h[c]__Org1,BI
BI,nadp[c]__Org1,FRDOr__Org1,BI
BI,FRDOr__Org1,nadph[c]__Org1,BI
BI,FRUt2r__Org1,fru[c]__Org1,BI
BI,fru[e]__Org1,FRUt2r__Org1,BI
BI,FRUt2r__Org1,h[c]__Org1,BI
BI,h[e]__Org1,FRUt2r__Org1,BI
BI,frdp[c]__Org1,FT__Org1,BI
BI,FT__Org1,ttc_ggdp[c]__Org1,BI
BI,ipdp[c]__Org1,FT__Org1,BI
BI,FT__Org1,ppi[c]__Org1,BI
BI,5fthf[c]__Org1,FTHFCL__Org1,BI
BI,FTHFCL__Org1,methf[c]__Org1,BI
BI,FTHFCL__Org1,adp[c]__Org1,BI
BI,atp[c]__Org1,FTHFCL__Org1,BI
BI,FTHFCL__Org1,pi[c]__Org1,BI
BI,FTHFL__Org1,10fthf[c]__Org1,BI
BI,FTHFL__Org1,adp[c]__Org1,BI
BI,atp[c]__Org1,FTHFL__Org1,BI
BI,for[c]__Org1,FTHFL__Org1,BI
BI,FTHFL__Org1,pi[c]__Org1,BI
BI,thf[c]__Org1,FTHFL__Org1,BI
BI,FUCt2_1__Org1,fuc_L[c]__Org1,BI
BI,fuc_L[e]__Org1,FUCt2_1__Org1,BI
BI,FUCt2_1__Org1,h[c]__Org1,BI
BI,h[e]__Org1,FUCt2_1__Org1,BI
BI,FUM__Org1,mal_L[c]__Org1,BI
BI,fum[c]__Org1,FUM__Org1,BI
BI,h2o[c]__Org1,FUM__Org1,BI
BI,FUMt2__Org1,fum[c]__Org1,BI
BI,fum[e]__Org1,FUMt2__Org1,BI
BI,FUMt2__Org1,h[c]__Org1,BI
BI,h[e]__Org1,FUMt2__Org1,BI
BI,G1PACT__Org1,acgam1p[c]__Org1,BI
BI,gam1p[c]__Org1,G1PACT__Org1,BI
BI,accoa[c]__Org1,G1PACT__Org1,BI
BI,G1PACT__Org1,coa[c]__Org1,BI
BI,G1PACT__Org1,h[c]__Org1,BI
BI,glyc3p[c]__Org1,G3PCT__Org1,BI
BI,G3PCT__Org1,cdpglyc[c]__Org1,BI
BI,ctp[c]__Org1,G3PCT__Org1,BI
BI,h[c]__Org1,G3PCT__Org1,BI
BI,G3PCT__Org1,ppi[c]__Org1,BI
BI,G3PD1__Org1,dhap[c]__Org1,BI
BI,glyc3p[c]__Org1,G3PD1__Org1,BI
BI,G3PD1__Org1,h[c]__Org1,BI
BI,nad[c]__Org1,G3PD1__Org1,BI
BI,G3PD1__Org1,nadh[c]__Org1,BI
BI,G3PD2__Org1,dhap[c]__Org1,BI
BI,glyc3p[c]__Org1,G3PD2__Org1,BI
BI,G3PD2__Org1,h[c]__Org1,BI
BI,nadp[c]__Org1,G3PD2__Org1,BI
BI,G3PD2__Org1,nadph[c]__Org1,BI
BI,G5SADs__Org1,1pyr5c[c]__Org1,BI
BI,glu5sa[c]__Org1,G5SADs__Org1,BI
BI,G5SADs__Org1,h2o[c]__Org1,BI
BI,G5SADs__Org1,h[c]__Org1,BI
BI,glu5p[c]__Org1,G5SDr__Org1,BI
BI,G5SDr__Org1,glu5sa[c]__Org1,BI
BI,h[c]__Org1,G5SDr__Org1,BI
BI,G5SDr__Org1,nadp[c]__Org1,BI
BI,nadph[c]__Org1,G5SDr__Org1,BI
BI,G5SDr__Org1,pi[c]__Org1,BI
BI,G6PDA__Org1,f6p[c]__Org1,BI
BI,gam6p[c]__Org1,G6PDA__Org1,BI
BI,h2o[c]__Org1,G6PDA__Org1,BI
BI,G6PDA__Org1,nh4[c]__Org1,BI
BI,G6PDH2__Org1,6pgl[c]__Org1,BI
BI,g6p[c]__Org1,G6PDH2__Org1,BI
BI,G6PDH2__Org1,h[c]__Org1,BI
BI,nadp[c]__Org1,G6PDH2__Org1,BI
BI,G6PDH2__Org1,nadph[c]__Org1,BI
BI,G6PI__Org1,g6p_B[c]__Org1,BI
BI,g6p[c]__Org1,G6PI__Org1,BI
BI,G6PI3__Org1,f6p[c]__Org1,BI
BI,g6p_B[c]__Org1,G6PI3__Org1,BI
BI,galam6p[c]__Org1,GALAM6PDA__Org1,BI
BI,GALAM6PDA__Org1,tag6p_D[c]__Org1,BI
BI,h2o[c]__Org1,GALAM6PDA__Org1,BI
BI,GALAM6PDA__Org1,nh4[c]__Org1,BI
BI,GALAMt2r__Org1,galam[c]__Org1,BI
BI,galam[e]__Org1,GALAMt2r__Org1,BI
BI,GALAMt2r__Org1,h[c]__Org1,BI
BI,h[e]__Org1,GALAMt2r__Org1,BI
BI,GALASE_LACTL__Org1,gal[c]__Org1,BI
BI,lactl[c]__Org1,GALASE_LACTL__Org1,BI
BI,GALASE_LACTL__Org1,fru[c]__Org1,BI
BI,h2o[c]__Org1,GALASE_LACTL__Org1,BI
BI,GALASE_OGLYCAN1e__Org1,core6[e]__Org1,BI
BI,f1a[e]__Org1,GALASE_OGLYCAN1e__Org1,BI
BI,GALASE_OGLYCAN1e__Org1,gal[e]__Org1,BI
BI,h2o[e]__Org1,GALASE_OGLYCAN1e__Org1,BI
BI,T_antigen[e]__Org1,GALASE_OGLYCAN2e__Org1,BI
BI,GALASE_OGLYCAN2e__Org1,Tn_antigen[e]__Org1,BI
BI,GALASE_OGLYCAN2e__Org1,gal[e]__Org1,BI
BI,h2o[e]__Org1,GALASE_OGLYCAN2e__Org1,BI
BI,GALASE_OGLYCAN3e__Org1,Tn_antigen[e]__Org1,BI
BI,core8[e]__Org1,GALASE_OGLYCAN3e__Org1,BI
BI,GALASE_OGLYCAN3e__Org1,gal[e]__Org1,BI
BI,h2o[e]__Org1,GALASE_OGLYCAN3e__Org1,BI
BI,GALK__Org1,gal1p[c]__Org1,BI
BI,GALK__Org1,adp[c]__Org1,BI
BI,atp[c]__Org1,GALK__Org1,BI
BI,gal[c]__Org1,GALK__Org1,BI
BI,GALK__Org1,h[c]__Org1,BI
BI,GALNACASE_OGLYCAN1e__Org1,Ser_Thr[e]__Org1,BI
BI,Tn_antigen[e]__Org1,GALNACASE_OGLYCAN1e__Org1,BI
BI,GALNACASE_OGLYCAN1e__Org1,acgal[e]__Org1,BI
BI,h2o[e]__Org1,GALNACASE_OGLYCAN1e__Org1,BI
BI,GALNACASE_OGLYCAN2e__Org1,Tn_antigen[e]__Org1,BI
BI,GALNACASE_OGLYCAN2e__Org1,acgal[e]__Org1,BI
BI,core5[e]__Org1,GALNACASE_OGLYCAN2e__Org1,BI
BI,h2o[e]__Org1,GALNACASE_OGLYCAN2e__Org1,BI
BI,GALNACASE_OGLYCAN3e__Org1,Tn_antigen[e]__Org1,BI
BI,GALNACASE_OGLYCAN3e__Org1,acgal[e]__Org1,BI
BI,core7[e]__Org1,GALNACASE_OGLYCAN3e__Org1,BI
BI,h2o[e]__Org1,GALNACASE_OGLYCAN3e__Org1,BI
BI,melib[c]__Org1,GALS3__Org1,BI
BI,GALS3__Org1,gal[c]__Org1,BI
BI,GALS3__Org1,glc_D[c]__Org1,BI
BI,h2o[c]__Org1,GALS3__Org1,BI
BI,GALT__Org1,udpgal[c]__Org1,BI
BI,gal1p[c]__Org1,GALT__Org1,BI
BI,h[c]__Org1,GALT__Org1,BI
BI,GALT__Org1,ppi[c]__Org1,BI
BI,utp[c]__Org1,GALT__Org1,BI
BI,g1p[c]__Org1,GALU__Org1,BI
BI,GALU__Org1,udpg[c]__Org1,BI
BI,h[c]__Org1,GALU__Org1,BI
BI,GALU__Org1,ppi[c]__Org1,BI
BI,utp[c]__Org1,GALU__Org1,BI
BI,GALabc__Org1,adp[c]__Org1,BI
BI,atp[c]__Org1,GALabc__Org1,BI
BI,GALabc__Org1,gal[c]__Org1,BI
BI,gal[e]__Org1,GALabc__Org1,BI
BI,h2o[c]__Org1,GALabc__Org1,BI
BI,GALabc__Org1,h[c]__Org1,BI
BI,GALabc__Org1,pi[c]__Org1,BI
BI,GALt1r__Org1,gal[c]__Org1,BI
BI,gal[e]__Org1,GALt1r__Org1,BI
BI,GALt2_2i__Org1,gal[c]__Org1,BI
BI,gal[e]__Org1,GALt2_2i__Org1,BI
BI,GALt2_2i__Org1,h[c]__Org1,BI
BI,h[e]__Org1,GALt2_2i__Org1,BI
BI,GAPD__Org1,13dpg[c]__Org1,BI
BI,g3p[c]__Org1,GAPD__Org1,BI
BI,GAPD__Org1,h[c]__Org1,BI
BI,nad[c]__Org1,GAPD__Org1,BI
BI,GAPD__Org1,nadh[c]__Org1,BI
BI,pi[c]__Org1,GAPD__Org1,BI
BI,GART__Org1,fgam[c]__Org1,BI
BI,gar[c]__Org1,GART__Org1,BI
BI,GART__Org1,adp[c]__Org1,BI
BI,atp[c]__Org1,GART__Org1,BI
BI,for[c]__Org1,GART__Org1,BI
BI,GART__Org1,h[c]__Org1,BI
BI,GART__Org1,pi[c]__Org1,BI
BI,GCALDD__Org1,glyclt[c]__Org1,BI
BI,gcald[c]__Org1,GCALDD__Org1,BI
BI,h2o[c]__Org1,GCALDD__Org1,BI
BI,GCALDD__Org1,h[c]__Org1,BI
BI,nad[c]__Org1,GCALDD__Org1,BI
BI,GCALDD__Org1,nadh[c]__Org1,BI
BI,alpro[c]__Org1,GCCb__Org1,BI
BI,GCCb__Org1,dhlpro[c]__Org1,BI
BI,GCCb__Org1,mlthf[c]__Org1,BI
BI,GCCb__Org1,nh4[c]__Org1,BI
BI,thf[c]__Org1,GCCb__Org1,BI
BI,GCCc__Org1,lpro[c]__Org1,BI
BI,dhlpro[c]__Org1,GCCc__Org1,BI
BI,GCCc__Org1,h[c]__Org1,BI
BI,nad[c]__Org1,GCCc__Org1,BI
BI,GCCc__Org1,nadh[c]__Org1,BI
BI,GCDCHOLBHSe__Org1,C02528[e]__Org1,BI
BI,dgchol[e]__Org1,GCDCHOLBHSe__Org1,BI
BI,GCDCHOLBHSe__Org1,gly[e]__Org1,BI
BI,h2o[e]__Org1,GCDCHOLBHSe__Org1,BI
BI,GCDCHOLBHSe__Org1,h[e]__Org1,BI
BI,GCHOLBHSe__Org1,cholate[e]__Org1,BI
BI,gchola[e]__Org1,GCHOLBHSe__Org1,BI
BI,GCHOLBHSe__Org1,gly[e]__Org1,BI
BI,h2o[e]__Org1,GCHOLBHSe__Org1,BI
BI,GCHOLBHSe__Org1,h[e]__Org1,BI
BI,M01989[e]__Org1,GDCABSHe__Org1,BI
BI,GDCABSHe__Org1,dchac[e]__Org1,BI
BI,GDCABSHe__Org1,gly[e]__Org1,BI
BI,h2o[e]__Org1,GDCABSHe__Org1,BI
BI,GDCABSHe__Org1,h[e]__Org1,BI
BI,f6p[c]__Org1,GF6PTA__Org1,BI
BI,GF6PTA__Org1,gam6p[c]__Org1,BI
BI,gln_L[c]__Org1,GF6PTA__Org1,BI
BI,GF6PTA__Org1,glu_L[c]__Org1,BI
BI,GHMT2r__Org1,gly[c]__Org1,BI
BI,GHMT2r__Org1,h2o[c]__Org1,BI
BI,GHMT2r__Org1,mlthf[c]__Org1,BI
BI,ser_L[c]__Org1,GHMT2r__Org1,BI
BI,thf[c]__Org1,GHMT2r__Org1,BI
BI,gmp[c]__Org1,GK1__Org1,BI
BI,GK1__Org1,adp[c]__Org1,BI
BI,atp[c]__Org1,GK1__Org1,BI
BI,GK1__Org1,gdp[c]__Org1,BI
BI,GK2__Org1,dadp[c]__Org1,BI
BI,datp[c]__Org1,GK2__Org1,BI
BI,GK2__Org1,gdp[c]__Org1,BI
BI,gmp[c]__Org1,GK2__Org1,BI
BI,GLCABSHe__Org1,HC02191[e]__Org1,BI
BI,HC02193[e]__Org1,GLCABSHe__Org1,BI
BI,GLCABSHe__Org1,gly[e]__Org1,BI
BI,h2o[e]__Org1,GLCABSHe__Org1,BI
BI,GLCNACASE_OGLYCAN1e__Org1,Tn_antigen[e]__Org1,BI
BI,GLCNACASE_OGLYCAN1e__Org1,acgam[e]__Org1,BI
BI,core6[e]__Org1,GLCNACASE_OGLYCAN1e__Org1,BI
BI,h2o[e]__Org1,GLCNACASE_OGLYCAN1e__Org1,BI
BI,GLCNACASE_OGLYCAN2e__Org1,acgam[e]__Org1,BI
BI,GLCNACASE_OGLYCAN2e__Org1,core2[e]__Org1,BI
BI,gncore2[e]__Org1,GLCNACASE_OGLYCAN2e__Org1,BI
BI,h2o[e]__Org1,GLCNACASE_OGLYCAN2e__Org1,BI
BI,GLCNACASE_OGLYCAN3e__Org1,T_antigen[e]__Org1,BI
BI,GLCNACASE_OGLYCAN3e__Org1,acgam[e]__Org1,BI
BI,core2[e]__Org1,GLCNACASE_OGLYCAN3e__Org1,BI
BI,h2o[e]__Org1,GLCNACASE_OGLYCAN3e__Org1,BI
BI,GLCNACASE_OGLYCAN4e__Org1,T_antigen[e]__Org1,BI
BI,GLCNACASE_OGLYCAN4e__Org1,acgam[e]__Org1,BI
BI,gncore1[e]__Org1,GLCNACASE_OGLYCAN4e__Org1,BI
BI,h2o[e]__Org1,GLCNACASE_OGLYCAN4e__Org1,BI
BI,GLCNACASE_OGLYCAN5e__Org1,acgam[e]__Org1,BI
BI,GLCNACASE_OGLYCAN5e__Org1,core3[e]__Org1,BI
BI,core4[e]__Org1,GLCNACASE_OGLYCAN5e__Org1,BI
BI,h2o[e]__Org1,GLCNACASE_OGLYCAN5e__Org1,BI
BI,GLCNACASE_OGLYCAN6e__Org1,Tn_antigen[e]__Org1,BI
BI,GLCNACASE_OGLYCAN6e__Org1,acgam[e]__Org1,BI
BI,core3[e]__Org1,GLCNACASE_OGLYCAN6e__Org1,BI
BI,h2o[e]__Org1,GLCNACASE_OGLYCAN6e__Org1,BI
BI,glycogen[c]__Org1,GLCP3__Org1,BI
BI,GLCP3__Org1,glycogenb[c]__Org1,BI
BI,GLCP3__Org1,g1p[c]__Org1,BI
BI,h[c]__Org1,GLCP3__Org1,BI
BI,pi[c]__Org1,GLCP3__Org1,BI
BI,sucr[c]__Org1,GLCTR4r__Org1,BI
BI,GLCTR4r__Org1,fru[c]__Org1,BI
BI,GLCTR4r__Org1,g1p[c]__Org1,BI
BI,pi[c]__Org1,GLCTR4r__Org1,BI
BI,GLCURt2r__Org1,glcur[c]__Org1,BI
BI,glcur[e]__Org1,GLCURt2r__Org1,BI
BI,GLCURt2r__Org1,h[c]__Org1,BI
BI,h[e]__Org1,GLCURt2r__Org1,BI
BI,GLCabc__Org1,adp[c]__Org1,BI
BI,atp[c]__Org1,GLCabc__Org1,BI
BI,GLCabc__Org1,glc_D[c]__Org1,BI
BI,glc_D[e]__Org1,GLCabc__Org1,BI
BI,h2o[c]__Org1,GLCabc__Org1,BI
BI,GLCabc__Org1,h[c]__Org1,BI
BI,GLCabc__Org1,pi[c]__Org1,BI
BI,GLGC__Org1,adpglc[c]__Org1,BI
BI,atp[c]__Org1,GLGC__Org1,BI
BI,g1p[c]__Org1,GLGC__Org1,BI
BI,h[c]__Org1,GLGC__Org1,BI
BI,GLGC__Org1,ppi[c]__Org1,BI
BI,GLKKpppi__Org1,g6p[c]__Org1,BI
BI,glc_D[c]__Org1,GLKKpppi__Org1,BI
BI,GLKKpppi__Org1,h[c]__Org1,BI
BI,GLKKpppi__Org1,ppi[c]__Org1,BI
BI,pppi[c]__Org1,GLKKpppi__Org1,BI
BI,GLNS__Org1,adp[c]__Org1,BI
BI,atp[c]__Org1,GLNS__Org1,BI
BI,GLNS__Org1,gln_L[c]__Org1,BI
BI,glu_L[c]__Org1,GLNS__Org1,BI
BI,GLNS__Org1,h[c]__Org1,BI
BI,nh4[c]__Org1,GLNS__Org1,BI
BI,GLNS__Org1,pi[c]__Org1,BI
BI,uaaAgla[c]__Org1,GLNSP1__Org1,BI
BI,GLNSP1__Org1,uaaAgtla[c]__Org1,BI
BI,GLNSP1__Org1,adp[c]__Org1,BI
BI,atp[c]__Org1,GLNSP1__Org1,BI
BI,GLNSP1__Org1,h[c]__Org1,BI
BI,nh4[c]__Org1,GLNSP1__Org1,BI
BI,GLNSP1__Org1,pi[c]__Org1,BI
BI,uaaGgla[c]__Org1,GLNSP2__Org1,BI
BI,GLNSP2__Org1,uaaGgtla[c]__Org1,BI
BI,GLNSP2__Org1,adp[c]__Org1,BI
BI,atp[c]__Org1,GLNSP2__Org1,BI
BI,GLNSP2__Org1,h[c]__Org1,BI
BI,nh4[c]__Org1,GLNSP2__Org1,BI
BI,GLNSP2__Org1,pi[c]__Org1,BI
BI,uaagmda[c]__Org1,GLNSP3__Org1,BI
BI,GLNSP3__Org1,uaagtmda[c]__Org1,BI
BI,GLNSP3__Org1,adp[c]__Org1,BI
BI,atp[c]__Org1,GLNSP3__Org1,BI
BI,GLNSP3__Org1,h[c]__Org1,BI
BI,nh4[c]__Org1,GLNSP3__Org1,BI
BI,GLNSP3__Org1,pi[c]__Org1,BI
BI,GLU5K__Org1,adp[c]__Org1,BI
BI,atp[c]__Org1,GLU5K__Org1,BI
BI,GLU5K__Org1,glu5p[c]__Org1,BI
BI,glu_L[c]__Org1,GLU5K__Org1,BI
BI,GLUDC__Org1,4abut[c]__Org1,BI
BI,GLUDC__Org1,co2[c]__Org1,BI
BI,glu_L[c]__Org1,GLUDC__Org1,BI
BI,h[c]__Org1,GLUDC__Org1,BI
BI,GLUOX__Org1,akg[c]__Org1,BI
BI,GLUOX__Org1,gln_L[c]__Org1,BI
BI,glu_L[c]__Org1,GLUOX__Org1,BI
BI,GLUOX__Org1,h[c]__Org1,BI
BI,nadp[c]__Org1,GLUOX__Org1,BI
BI,GLUOX__Org1,nadph[c]__Org1,BI
BI,GLUPRT__Org1,pram[c]__Org1,BI
BI,gln_L[c]__Org1,GLUPRT__Org1,BI
BI,GLUPRT__Org1,glu_L[c]__Org1,BI
BI,h2o[c]__Org1,GLUPRT__Org1,BI
BI,GLUPRT__Org1,ppi[c]__Org1,BI
BI,prpp[c]__Org1,GLUPRT__Org1,BI
BI,glu_D[c]__Org1,GLUR__Org1,BI
BI,GLUR__Org1,glu_L[c]__Org1,BI
BI,akg[c]__Org1,GLUSx__Org1,BI
BI,gln_L[c]__Org1,GLUSx__Org1,BI
BI,GLUSx__Org1,glu_L[c]__Org1,BI
BI,h[c]__Org1,GLUSx__Org1,BI
BI,GLUSx__Org1,nad[c]__Org1,BI
BI,nadh[c]__Org1,GLUSx__Org1,BI
BI,akg[c]__Org1,GLUSy__Org1,BI
BI,gln_L[c]__Org1,GLUSy__Org1,BI
BI,GLUSy__Org1,glu_L[c]__Org1,BI
BI,h[c]__Org1,GLUSy__Org1,BI
BI,GLUSy__Org1,nadp[c]__Org1,BI
BI,nadph[c]__Org1,GLUSy__Org1,BI
BI,GLUTRS__Org1,glutrna[c]__Org1,BI
BI,trnaglu[c]__Org1,GLUTRS__Org1,BI
BI,GLUTRS__Org1,amp[c]__Org1,BI
BI,atp[c]__Org1,GLUTRS__Org1,BI
BI,glu_L[c]__Org1,GLUTRS__Org1,BI
BI,GLUTRS__Org1,ppi[c]__Org1,BI
BI,glx[c]__Org1,GLXO1__Org1,BI
BI,GLXO1__Org1,oxa[c]__Org1,BI
BI,h2o[c]__Org1,GLXO1__Org1,BI
BI,GLXO1__Org1,h[c]__Org1,BI
BI,nad[c]__Org1,GLXO1__Org1,BI
BI,GLXO1__Org1,nadh[c]__Org1,BI
BI,glyasn[c]__Org1,GLYASN1c__Org1,BI
BI,GLYASN1c__Org1,asn_L[c]__Org1,BI
BI,GLYASN1c__Org1,gly[c]__Org1,BI
BI,h2o[c]__Org1,GLYASN1c__Org1,BI
BI,GLYASNabc__Org1,adp[c]__Org1,BI
BI,atp[c]__Org1,GLYASNabc__Org1,BI
BI,GLYASNabc__Org1,glyasn[c]__Org1,BI
BI,glyasn[e]__Org1,GLYASNabc__Org1,BI
BI,h2o[c]__Org1,GLYASNabc__Org1,BI
BI,GLYASNabc__Org1,h[c]__Org1,BI
BI,GLYASNabc__Org1,pi[c]__Org1,BI
BI,glyasp[c]__Org1,GLYASP1c__Org1,BI
BI,GLYASP1c__Org1,asp_L[c]__Org1,BI
BI,GLYASP1c__Org1,gly[c]__Org1,BI
BI,h2o[c]__Org1,GLYASP1c__Org1,BI
BI,GLYASPabc__Org1,adp[c]__Org1,BI
BI,atp[c]__Org1,GLYASPabc__Org1,BI
BI,GLYASPabc__Org1,glyasp[c]__Org1,BI
BI,glyasp[e]__Org1,GLYASPabc__Org1,BI
BI,h2o[c]__Org1,GLYASPabc__Org1,BI
BI,GLYASPabc__Org1,h[c]__Org1,BI
BI,GLYASPabc__Org1,pi[c]__Org1,BI
BI,GLYC3Pabc__Org1,adp[c]__Org1,BI
BI,atp[c]__Org1,GLYC3Pabc__Org1,BI
BI,GLYC3Pabc__Org1,glyc3p[c]__Org1,BI
BI,glyc3p[e]__Org1,GLYC3Pabc__Org1,BI
BI,h2o[c]__Org1,GLYC3Pabc__Org1,BI
BI,GLYC3Pabc__Org1,h[c]__Org1,BI
BI,GLYC3Pabc__Org1,pi[c]__Org1,BI
BI,GLYCLTDxr__Org1,glx[c]__Org1,BI
BI,glyclt[c]__Org1,GLYCLTDxr__Org1,BI
BI,GLYCLTDxr__Org1,h[c]__Org1,BI
BI,nad[c]__Org1,GLYCLTDxr__Org1,BI
BI,GLYCLTDxr__Org1,nadh[c]__Org1,BI
BI,GLYCYSabc__Org1,adp[c]__Org1,BI
BI,atp[c]__Org1,GLYCYSabc__Org1,BI
BI,GLYCYSabc__Org1,glycys[c]__Org1,BI
BI,glycys[e]__Org1,GLYCYSabc__Org1,BI
BI,h2o[c]__Org1,GLYCYSabc__Org1,BI
BI,GLYCYSabc__Org1,h[c]__Org1,BI
BI,GLYCYSabc__Org1,pi[c]__Org1,BI
BI,glyc[c]__Org1,GLYCt__Org1,BI
BI,GLYCt__Org1,glyc[e]__Org1,BI
BI,glygln[c]__Org1,GLYGLN1c__Org1,BI
BI,GLYGLN1c__Org1,gln_L[c]__Org1,BI
BI,GLYGLN1c__Org1,gly[c]__Org1,BI
BI,h2o[c]__Org1,GLYGLN1c__Org1,BI
BI,GLYGLNabc__Org1,adp[c]__Org1,BI
BI,atp[c]__Org1,GLYGLNabc__Org1,BI
BI,GLYGLNabc__Org1,glygln[c]__Org1,BI
BI,glygln[e]__Org1,GLYGLNabc__Org1,BI
BI,h2o[c]__Org1,GLYGLNabc__Org1,BI
BI,GLYGLNabc__Org1,h[c]__Org1,BI
BI,GLYGLNabc__Org1,pi[c]__Org1,BI
BI,glyglu[c]__Org1,GLYGLU1c__Org1,BI
BI,GLYGLU1c__Org1,glu_L[c]__Org1,BI
BI,GLYGLU1c__Org1,gly[c]__Org1,BI
BI,h2o[c]__Org1,GLYGLU1c__Org1,BI
BI,GLYGLUabc__Org1,adp[c]__Org1,BI
BI,atp[c]__Org1,GLYGLUabc__Org1,BI
BI,GLYGLUabc__Org1,glyglu[c]__Org1,BI
BI,glyglu[e]__Org1,GLYGLUabc__Org1,BI
BI,h2o[c]__Org1,GLYGLUabc__Org1,BI
BI,GLYGLUabc__Org1,h[c]__Org1,BI
BI,GLYGLUabc__Org1,pi[c]__Org1,BI
BI,GLYK__Org1,adp[c]__Org1,BI
BI,atp[c]__Org1,GLYK__Org1,BI
BI,GLYK__Org1,glyc3p[c]__Org1,BI
BI,glyc[c]__Org1,GLYK__Org1,BI
BI,GLYK__Org1,h[c]__Org1,BI
BI,glyleu[c]__Org1,GLYLEUHYDROc__Org1,BI
BI,GLYLEUHYDROc__Org1,gly[c]__Org1,BI
BI,h2o[c]__Org1,GLYLEUHYDROc__Org1,BI
BI,GLYLEUHYDROc__Org1,leu_L[c]__Org1,BI
BI,GLYLEUPEPT1tc__Org1,glyleu[c]__Org1,BI
BI,glyleu[e]__Org1,GLYLEUPEPT1tc__Org1,BI
BI,GLYLEUPEPT1tc__Org1,h[c]__Org1,BI
BI,h[e]__Org1,GLYLEUPEPT1tc__Org1,BI
BI,glymet[c]__Org1,GLYMET1c__Org1,BI
BI,GLYMET1c__Org1,met_L[c]__Org1,BI
BI,GLYMET1c__Org1,gly[c]__Org1,BI
BI,h2o[c]__Org1,GLYMET1c__Org1,BI
BI,GLYMETabc__Org1,adp[c]__Org1,BI
BI,atp[c]__Org1,GLYMETabc__Org1,BI
BI,GLYMETabc__Org1,glymet[c]__Org1,BI
BI,glymet[e]__Org1,GLYMETabc__Org1,BI
BI,h2o[c]__Org1,GLYMETabc__Org1,BI
BI,GLYMETabc__Org1,h[c]__Org1,BI
BI,GLYMETabc__Org1,pi[c]__Org1,BI
BI,glyphe[c]__Org1,GLYPHEHYc__Org1,BI
BI,GLYPHEHYc__Org1,phe_L[c]__Org1,BI
BI,GLYPHEHYc__Org1,gly[c]__Org1,BI
BI,h2o[c]__Org1,GLYPHEHYc__Org1,BI
BI,GLYPHEabc__Org1,adp[c]__Org1,BI
BI,atp[c]__Org1,GLYPHEabc__Org1,BI
BI,GLYPHEabc__Org1,glyphe[c]__Org1,BI
BI,glyphe[e]__Org1,GLYPHEabc__Org1,BI
BI,h2o[c]__Org1,GLYPHEabc__Org1,BI
BI,GLYPHEabc__Org1,h[c]__Org1,BI
BI,GLYPHEabc__Org1,pi[c]__Org1,BI
BI,glypro[c]__Org1,GLYPROPRO1c__Org1,BI
BI,GLYPROPRO1c__Org1,pro_L[c]__Org1,BI
BI,GLYPROPRO1c__Org1,gly[c]__Org1,BI
BI,h2o[c]__Org1,GLYPROPRO1c__Org1,BI
BI,GLYPROabc__Org1,adp[c]__Org1,BI
BI,atp[c]__Org1,GLYPROabc__Org1,BI
BI,GLYPROabc__Org1,glypro[c]__Org1,BI
BI,glypro[e]__Org1,GLYPROabc__Org1,BI
BI,h2o[c]__Org1,GLYPROabc__Org1,BI
BI,GLYPROabc__Org1,h[c]__Org1,BI
BI,GLYPROabc__Org1,pi[c]__Org1,BI
BI,glytyr[c]__Org1,GLYTYR1c__Org1,BI
BI,GLYTYR1c__Org1,tyr_L[c]__Org1,BI
BI,GLYTYR1c__Org1,gly[c]__Org1,BI
BI,h2o[c]__Org1,GLYTYR1c__Org1,BI
BI,GLYTYRabc__Org1,adp[c]__Org1,BI
BI,atp[c]__Org1,GLYTYRabc__Org1,BI
BI,GLYTYRabc__Org1,glytyr[c]__Org1,BI
BI,glytyr[e]__Org1,GLYTYRabc__Org1,BI
BI,h2o[c]__Org1,GLYTYRabc__Org1,BI
BI,GLYTYRabc__Org1,h[c]__Org1,BI
BI,GLYTYRabc__Org1,pi[c]__Org1,BI
BI,xmp[c]__Org1,GMPS2__Org1,BI
BI,GMPS2__Org1,amp[c]__Org1,BI
BI,atp[c]__Org1,GMPS2__Org1,BI
BI,gln_L[c]__Org1,GMPS2__Org1,BI
BI,GMPS2__Org1,glu_L[c]__Org1,BI
BI,GMPS2__Org1,gmp[c]__Org1,BI
BI,h2o[c]__Org1,GMPS2__Org1,BI
BI,GMPS2__Org1,h[c]__Org1,BI
BI,GMPS2__Org1,ppi[c]__Org1,BI
BI,6pgc[c]__Org1,GND__Org1,BI
BI,GND__Org1,co2[c]__Org1,BI
BI,nadp[c]__Org1,GND__Org1,BI
BI,GND__Org1,nadph[c]__Org1,BI
BI,GND__Org1,ru5p_D[c]__Org1,BI
BI,glcn[c]__Org1,GNK__Org1,BI
BI,GNK__Org1,6pgc[c]__Org1,BI
BI,GNK__Org1,adp[c]__Org1,BI
BI,atp[c]__Org1,GNK__Org1,BI
BI,GNK__Org1,h[c]__Org1,BI
BI,gsn[c]__Org1,GNNUC__Org1,BI
BI,GNNUC__Org1,gua[c]__Org1,BI
BI,h2o[c]__Org1,GNNUC__Org1,BI
BI,GNNUC__Org1,rib_D[c]__Org1,BI
BI,GPDDA1__Org1,chol[c]__Org1,BI
BI,g3pc[c]__Org1,GPDDA1__Org1,BI
BI,GPDDA1__Org1,glyc3p[c]__Org1,BI
BI,h2o[c]__Org1,GPDDA1__Org1,BI
BI,GPDDA1__Org1,h[c]__Org1,BI
BI,GPDDA2__Org1,etha[c]__Org1,BI
BI,g3pe[c]__Org1,GPDDA2__Org1,BI
BI,GPDDA2__Org1,glyc3p[c]__Org1,BI
BI,h2o[c]__Org1,GPDDA2__Org1,BI
BI,GPDDA2__Org1,h[c]__Org1,BI
BI,g3pg[c]__Org1,GPDDA4__Org1,BI
BI,GPDDA4__Org1,glyc3p[c]__Org1,BI
BI,GPDDA4__Org1,glyc[c]__Org1,BI
BI,h2o[c]__Org1,GPDDA4__Org1,BI
BI,GPDDA4__Org1,h[c]__Org1,BI
BI,GRTT__Org1,frdp[c]__Org1,BI
BI,grdp[c]__Org1,GRTT__Org1,BI
BI,ipdp[c]__Org1,GRTT__Org1,BI
BI,GRTT__Org1,ppi[c]__Org1,BI
BI,GTPCI__Org1,ahdt[c]__Org1,BI
BI,GTPCI__Org1,for[c]__Org1,BI
BI,gtp[c]__Org1,GTPCI__Org1,BI
BI,h2o[c]__Org1,GTPCI__Org1,BI
BI,GTPCI__Org1,h[c]__Org1,BI
BI,GTPCII__Org1,25dhpp[c]__Org1,BI
BI,GTPCII__Org1,for[c]__Org1,BI
BI,gtp[c]__Org1,GTPCII__Org1,BI
BI,h2o[c]__Org1,GTPCII__Org1,BI
BI,GTPCII__Org1,h[c]__Org1,BI
BI,GTPCII__Org1,ppi[c]__Org1,BI
BI,GTPDPK__Org1,gdptp[c]__Org1,BI
BI,GTPDPK__Org1,amp[c]__Org1,BI
BI,atp[c]__Org1,GTPDPK__Org1,BI
BI,gtp[c]__Org1,GTPDPK__Org1,BI
BI,GTPDPK__Org1,h[c]__Org1,BI
BI,GUAPRT__Org1,gmp[c]__Org1,BI
BI,gua[c]__Org1,GUAPRT__Org1,BI
BI,GUAPRT__Org1,ppi[c]__Org1,BI
BI,prpp[c]__Org1,GUAPRT__Org1,BI
BI,GUI1__Org1,fruur[c]__Org1,BI
BI,glcur[c]__Org1,GUI1__Org1,BI
BI,galur[c]__Org1,GUI2__Org1,BI
BI,GUI2__Org1,tagur[c]__Org1,BI
BI,co2[c]__Org1,H2CO3D__Org1,BI
BI,h2o[c]__Org1,H2CO3D__Org1,BI
BI,H2CO3D__Org1,h[c]__Org1,BI
BI,H2CO3D__Org1,hco3[c]__Org1,BI
BI,H2Ot__Org1,h2o[c]__Org1,BI
BI,h2o[e]__Org1,H2Ot__Org1,BI
BI,4mhetz[c]__Org1,HETZK__Org1,BI
BI,HETZK__Org1,4mpetz[c]__Org1,BI
BI,HETZK__Org1,adp[c]__Org1,BI
BI,atp[c]__Org1,HETZK__Org1,BI
BI,HETZK__Org1,h[c]__Org1,BI
BI,HEX1__Org1,adp[c]__Org1,BI
BI,atp[c]__Org1,HEX1__Org1,BI
BI,HEX1__Org1,g6p[c]__Org1,BI
BI,glc_D[c]__Org1,HEX1__Org1,BI
BI,HEX1__Org1,h[c]__Org1,BI
BI,HEX11__Org1,adp[c]__Org1,BI
BI,atp[c]__Org1,HEX11__Org1,BI
BI,HEX11__Org1,galam6p[c]__Org1,BI
BI,galam[c]__Org1,HEX11__Org1,BI
BI,HEX4__Org1,man6p[c]__Org1,BI
BI,man[c]__Org1,HEX4__Org1,BI
BI,HEX4__Org1,adp[c]__Org1,BI
BI,atp[c]__Org1,HEX4__Org1,BI
BI,HEX4__Org1,h[c]__Org1,BI
BI,HEX7__Org1,adp[c]__Org1,BI
BI,atp[c]__Org1,HEX7__Org1,BI
BI,HEX7__Org1,f6p[c]__Org1,BI
BI,fru[c]__Org1,HEX7__Org1,BI
BI,HEX7__Org1,h[c]__Org1,BI
BI,hg2[c]__Org1,HG2abc__Org1,BI
BI,HG2abc__Org1,adp[c]__Org1,BI
BI,atp[c]__Org1,HG2abc__Org1,BI
BI,h2o[c]__Org1,HG2abc__Org1,BI
BI,HG2abc__Org1,h[c]__Org1,BI
BI,HG2abc__Org1,hg2[e]__Org1,BI
BI,HG2abc__Org1,pi[c]__Org1,BI
BI,his_L[c]__Org1,HISCAT1__Org1,BI
BI,HISCAT1__Org1,his_L[e]__Org1,BI
BI,histd[c]__Org1,HISTD__Org1,BI
BI,h2o[c]__Org1,HISTD__Org1,BI
BI,HISTD__Org1,h[c]__Org1,BI
BI,HISTD__Org1,his_L[c]__Org1,BI
BI,nad[c]__Org1,HISTD__Org1,BI
BI,HISTD__Org1,nadh[c]__Org1,BI
BI,HISTDOX__Org1,histl_L[c]__Org1,BI
BI,HISTDOX__Org1,h[c]__Org1,BI
BI,histd[c]__Org1,HISTDOX__Org1,BI
BI,nad[c]__Org1,HISTDOX__Org1,BI
BI,HISTDOX__Org1,nadh[c]__Org1,BI
BI,h2o[c]__Org1,HISTLOX__Org1,BI
BI,HISTLOX__Org1,h[c]__Org1,BI
BI,HISTLOX__Org1,his_L[c]__Org1,BI
BI,histl_L[c]__Org1,HISTLOX__Org1,BI
BI,nad[c]__Org1,HISTLOX__Org1,BI
BI,HISTLOX__Org1,nadh[c]__Org1,BI
BI,HISt2__Org1,h[c]__Org1,BI
BI,h[e]__Org1,HISt2__Org1,BI
BI,HISt2__Org1,his_L[c]__Org1,BI
BI,his_L[e]__Org1,HISt2__Org1,BI
BI,4ahmmp[c]__Org1,HMPK1__Org1,BI
BI,HMPK1__Org1,4ampm[c]__Org1,BI
BI,HMPK1__Org1,adp[c]__Org1,BI
BI,atp[c]__Org1,HMPK1__Org1,BI
BI,HMPK1__Org1,h[c]__Org1,BI
BI,HMPyrABC__Org1,4ahmmp[c]__Org1,BI
BI,4ahmmp[e]__Org1,HMPyrABC__Org1,BI
BI,HMPyrABC__Org1,adp[c]__Org1,BI
BI,atp[c]__Org1,HMPyrABC__Org1,BI
BI,h2o[c]__Org1,HMPyrABC__Org1,BI
BI,HMPyrABC__Org1,h[c]__Org1,BI
BI,HMPyrABC__Org1,pi[c]__Org1,BI
BI,HMR_7137__Org1,M02469[c]__Org1,BI
BI,selmeth[c]__Org1,HMR_7137__Org1,BI
BI,HMR_7137__Org1,2obut[c]__Org1,BI
BI,h2o[c]__Org1,HMR_7137__Org1,BI
BI,HMR_7137__Org1,nh4[c]__Org1,BI
BI,HPPK__Org1,2ahhmd[c]__Org1,BI
BI,2ahhmp[c]__Org1,HPPK__Org1,BI
BI,HPPK__Org1,amp[c]__Org1,BI
BI,atp[c]__Org1,HPPK__Org1,BI
BI,HPPK__Org1,h[c]__Org1,BI
BI,6hmhpt[c]__Org1,HPPK2__Org1,BI
BI,HPPK2__Org1,6hmhptpp[c]__Org1,BI
BI,HPPK2__Org1,amp[c]__Org1,BI
BI,atp[c]__Org1,HPPK2__Org1,BI
BI,HPPK2__Org1,h[c]__Org1,BI
BI,hom_L[c]__Org1,HSDx__Org1,BI
BI,HSDx__Org1,aspsa[c]__Org1,BI
BI,HSDx__Org1,h[c]__Org1,BI
BI,nad[c]__Org1,HSDx__Org1,BI
BI,HSDx__Org1,nadh[c]__Org1,BI
BI,HSDy__Org1,aspsa[c]__Org1,BI
BI,HSDy__Org1,h[c]__Org1,BI
BI,hom_L[c]__Org1,HSDy__Org1,BI
BI,nadp[c]__Org1,HSDy__Org1,BI
BI,HSDy__Org1,nadph[c]__Org1,BI
BI,accoa[c]__Org1,HSERTA__Org1,BI
BI,HSERTA__Org1,achms[c]__Org1,BI
BI,HSERTA__Org1,coa[c]__Org1,BI
BI,hom_L[c]__Org1,HSERTA__Org1,BI
BI,HSK__Org1,phom[c]__Org1,BI
BI,HSK__Org1,adp[c]__Org1,BI
BI,atp[c]__Org1,HSK__Org1,BI
BI,HSK__Org1,h[c]__Org1,BI
BI,hom_L[c]__Org1,HSK__Org1,BI
BI,hisp[c]__Org1,HSTPTr__Org1,BI
BI,HSTPTr__Org1,imacp[c]__Org1,BI
BI,akg[c]__Org1,HSTPTr__Org1,BI
BI,HSTPTr__Org1,glu_L[c]__Org1,BI
BI,hxan[c]__Org1,HXPRT__Org1,BI
BI,HXPRT__Org1,imp[c]__Org1,BI
BI,HXPRT__Org1,ppi[c]__Org1,BI
BI,prpp[c]__Org1,HXPRT__Org1,BI
BI,HYXNt__Org1,hxan[c]__Org1,BI
BI,hxan[e]__Org1,HYXNt__Org1,BI
BI,ICDHy__Org1,akg[c]__Org1,BI
BI,ICDHy__Org1,co2[c]__Org1,BI
BI,icit[c]__Org1,ICDHy__Org1,BI
BI,nadp[c]__Org1,ICDHy__Org1,BI
BI,ICDHy__Org1,nadph[c]__Org1,BI
BI,IG3PS__Org1,eig3p[c]__Org1,BI
BI,prlp[c]__Org1,IG3PS__Org1,BI
BI,IG3PS__Org1,aicar[c]__Org1,BI
BI,gln_L[c]__Org1,IG3PS__Org1,BI
BI,IG3PS__Org1,glu_L[c]__Org1,BI
BI,IG3PS__Org1,h[c]__Org1,BI
BI,eig3p[c]__Org1,IGPDH__Org1,BI
BI,IGPDH__Org1,h2o[c]__Org1,BI
BI,IGPDH__Org1,imacp[c]__Org1,BI
BI,2cpr5p[c]__Org1,IGPS__Org1,BI
BI,IGPS__Org1,3ig3p[c]__Org1,BI
BI,IGPS__Org1,co2[c]__Org1,BI
BI,IGPS__Org1,h2o[c]__Org1,BI
BI,h[c]__Org1,IGPS__Org1,BI
BI,ile_L[c]__Org1,ILETA__Org1,BI
BI,ILETA__Org1,3mop[c]__Org1,BI
BI,akg[c]__Org1,ILETA__Org1,BI
BI,ILETA__Org1,glu_L[c]__Org1,BI
BI,ILEabc__Org1,adp[c]__Org1,BI
BI,atp[c]__Org1,ILEabc__Org1,BI
BI,h2o[c]__Org1,ILEabc__Org1,BI
BI,ILEabc__Org1,h[c]__Org1,BI
BI,ILEabc__Org1,ile_L[c]__Org1,BI
BI,ile_L[e]__Org1,ILEabc__Org1,BI
BI,ILEabc__Org1,pi[c]__Org1,BI
BI,ILEt2r__Org1,h[c]__Org1,BI
BI,h[e]__Org1,ILEt2r__Org1,BI
BI,ILEt2r__Org1,ile_L[c]__Org1,BI
BI,ile_L[e]__Org1,ILEt2r__Org1,BI
BI,IMACTD__Org1,im4ac[c]__Org1,BI
BI,im4act[c]__Org1,IMACTD__Org1,BI
BI,h2o[c]__Org1,IMACTD__Org1,BI
BI,IMACTD__Org1,h[c]__Org1,BI
BI,nad[c]__Org1,IMACTD__Org1,BI
BI,IMACTD__Org1,nadh[c]__Org1,BI
BI,IMPC__Org1,fprica[c]__Org1,BI
BI,h2o[c]__Org1,IMPC__Org1,BI
BI,imp[c]__Org1,IMPC__Org1,BI
BI,h2o[c]__Org1,IMPD__Org1,BI
BI,IMPD__Org1,h[c]__Org1,BI
BI,imp[c]__Org1,IMPD__Org1,BI
BI,nad[c]__Org1,IMPD__Org1,BI
BI,IMPD__Org1,nadh[c]__Org1,BI
BI,IMPD__Org1,xmp[c]__Org1,BI
BI,ins[c]__Org1,INSH__Org1,BI
BI,h2o[c]__Org1,INSH__Org1,BI
BI,INSH__Org1,hxan[c]__Org1,BI
BI,INSH__Org1,rib_D[c]__Org1,BI
BI,inulin[c]__Org1,INULINASE__Org1,BI
BI,INULINASE__Org1,fru[c]__Org1,BI
BI,INULINASE__Org1,glc_D[c]__Org1,BI
BI,h2o[c]__Org1,INULINASE__Org1,BI
BI,INULINabc__Org1,adp[c]__Org1,BI
BI,atp[c]__Org1,INULINabc__Org1,BI
BI,h2o[c]__Org1,INULINabc__Org1,BI
BI,INULINabc__Org1,h[c]__Org1,BI
BI,INULINabc__Org1,inulin[c]__Org1,BI
BI,inulin[e]__Org1,INULINabc__Org1,BI
BI,INULINabc__Org1,pi[c]__Org1,BI
BI,h2mb4p[c]__Org1,IPDPS__Org1,BI
BI,IPDPS__Org1,h2o[c]__Org1,BI
BI,h[c]__Org1,IPDPS__Org1,BI
BI,IPDPS__Org1,ipdp[c]__Org1,BI
BI,IPDPS__Org1,nad[c]__Org1,BI
BI,nadh[c]__Org1,IPDPS__Org1,BI
BI,h2mb4p[c]__Org1,IPDPS2__Org1,BI
BI,IPDPS2__Org1,h2o[c]__Org1,BI
BI,h[c]__Org1,IPDPS2__Org1,BI
BI,IPDPS2__Org1,ipdp[c]__Org1,BI
BI,IPDPS2__Org1,nadp[c]__Org1,BI
BI,nadph[c]__Org1,IPDPS2__Org1,BI
BI,IPDPUPT__Org1,udcpdp[c]__Org1,BI
BI,ipdp[c]__Org1,IPDPUPT__Org1,BI
BI,IPDPUPT__Org1,ppi[c]__Org1,BI
BI,ttc_ggdp[c]__Org1,IPDPUPT__Org1,BI
BI,e3mmal[c]__Org1,IPMD2__Org1,BI
BI,IPMD2__Org1,2obut[c]__Org1,BI
BI,IPMD2__Org1,co2[c]__Org1,BI
BI,nad[c]__Org1,IPMD2__Org1,BI
BI,IPMD2__Org1,nadh[c]__Org1,BI
BI,3c2hmp[c]__Org1,IPMDr__Org1,BI
BI,IPMDr__Org1,3c4mop[c]__Org1,BI
BI,IPMDr__Org1,h[c]__Org1,BI
BI,nad[c]__Org1,IPMDr__Org1,BI
BI,IPMDr__Org1,nadh[c]__Org1,BI
BI,IPPMIa__Org1,2ippm[c]__Org1,BI
BI,3c2hmp[c]__Org1,IPPMIa__Org1,BI
BI,IPPMIa__Org1,h2o[c]__Org1,BI
BI,2ippm[c]__Org1,IPPMIb__Org1,BI
BI,IPPMIb__Org1,3c3hmp[c]__Org1,BI
BI,h2o[c]__Org1,IPPMIb__Org1,BI
BI,isomal[c]__Org1,ISOMALT__Org1,BI
BI,ISOMALT__Org1,glc_D[c]__Org1,BI
BI,h2o[c]__Org1,ISOMALT__Org1,BI
BI,ISOMALabc__Org1,adp[c]__Org1,BI
BI,atp[c]__Org1,ISOMALabc__Org1,BI
BI,h2o[c]__Org1,ISOMALabc__Org1,BI
BI,ISOMALabc__Org1,h[c]__Org1,BI
BI,ISOMALabc__Org1,isomal[c]__Org1,BI
BI,isomal[e]__Org1,ISOMALabc__Org1,BI
BI,ISOMALabc__Org1,pi[c]__Org1,BI
BI,23dhmb[c]__Org1,KARA1__Org1,BI
BI,KARA1__Org1,alac_S[c]__Org1,BI
BI,KARA1__Org1,h[c]__Org1,BI
BI,nadp[c]__Org1,KARA1__Org1,BI
BI,KARA1__Org1,nadph[c]__Org1,BI
BI,KARA2__Org1,23dhmp[c]__Org1,BI
BI,2ahbut[c]__Org1,KARA2__Org1,BI
BI,h[c]__Org1,KARA2__Org1,BI
BI,KARA2__Org1,nadp[c]__Org1,BI
BI,nadph[c]__Org1,KARA2__Org1,BI
BI,23dhmb[c]__Org1,KARA3__Org1,BI
BI,KARA3__Org1,33hmeoxobut[c]__Org1,BI
BI,KARA3__Org1,h[c]__Org1,BI
BI,nadp[c]__Org1,KARA3__Org1,BI
BI,KARA3__Org1,nadph[c]__Org1,BI
BI,KESTOASEe__Org1,fru[e]__Org1,BI
BI,KESTOASEe__Org1,glc_D[e]__Org1,BI
BI,h2o[e]__Org1,KESTOASEe__Org1,BI
BI,kesto[e]__Org1,KESTOASEe__Org1,BI
BI,KESTOPTASEe__Org1,fru[e]__Org1,BI
BI,KESTOPTASEe__Org1,glc_D[e]__Org1,BI
BI,h2o[e]__Org1,KESTOPTASEe__Org1,BI
BI,kestopt[e]__Org1,KESTOPTASEe__Org1,BI
BI,KESTOTTRASEe__Org1,fru[e]__Org1,BI
BI,KESTOTTRASEe__Org1,glc_D[e]__Org1,BI
BI,h2o[e]__Org1,KESTOTTRASEe__Org1,BI
BI,kestottr[e]__Org1,KESTOTTRASEe__Org1,BI
BI,Kt1r__Org1,k[c]__Org1,BI
BI,k[e]__Org1,Kt1r__Org1,BI
BI,LACTLt__Org1,h[c]__Org1,BI
BI,h[e]__Org1,LACTLt__Org1,BI
BI,LACTLt__Org1,lactl[c]__Org1,BI
BI,lactl[e]__Org1,LACTLt__Org1,BI
BI,lcts[c]__Org1,LACZ__Org1,BI
BI,LACZ__Org1,gal[c]__Org1,BI
BI,LACZ__Org1,glc_D[c]__Org1,BI
BI,h2o[c]__Org1,LACZ__Org1,BI
BI,Largn[c]__Org1,LARGNAT__Org1,BI
BI,LARGNAT__Org1,asp_L[c]__Org1,BI
BI,oaa[c]__Org1,LARGNAT__Org1,BI
BI,LARGNAT__Org1,pphn[c]__Org1,BI
BI,LCARS__Org1,12ppd_S[c]__Org1,BI
BI,h[c]__Org1,LCARS__Org1,BI
BI,lald_L[c]__Org1,LCARS__Org1,BI
BI,LCARS__Org1,nad[c]__Org1,BI
BI,nadh[c]__Org1,LCARS__Org1,BI
BI,HC02191[c]__Org1,LCAT__Org1,BI
BI,LCAT__Org1,HC02191[e]__Org1,BI
BI,h[c]__Org1,LCAT__Org1,BI
BI,LCAT__Org1,h[e]__Org1,BI
BI,LCTSabc__Org1,adp[c]__Org1,BI
BI,atp[c]__Org1,LCTSabc__Org1,BI
BI,h2o[c]__Org1,LCTSabc__Org1,BI
BI,LCTSabc__Org1,h[c]__Org1,BI
BI,LCTSabc__Org1,lcts[c]__Org1,BI
BI,lcts[e]__Org1,LCTSabc__Org1,BI
BI,LCTSabc__Org1,pi[c]__Org1,BI
BI,lac_L[c]__Org1,LDH_L__Org1,BI
BI,LDH_L__Org1,h[c]__Org1,BI
BI,nad[c]__Org1,LDH_L__Org1,BI
BI,LDH_L__Org1,nadh[c]__Org1,BI
BI,LDH_L__Org1,pyr[c]__Org1,BI
BI,LEUTA__Org1,4mop[c]__Org1,BI
BI,akg[c]__Org1,LEUTA__Org1,BI
BI,LEUTA__Org1,glu_L[c]__Org1,BI
BI,leu_L[c]__Org1,LEUTA__Org1,BI
BI,LEUabc__Org1,adp[c]__Org1,BI
BI,atp[c]__Org1,LEUabc__Org1,BI
BI,h2o[c]__Org1,LEUabc__Org1,BI
BI,LEUabc__Org1,h[c]__Org1,BI
BI,LEUabc__Org1,leu_L[c]__Org1,BI
BI,leu_L[e]__Org1,LEUabc__Org1,BI
BI,LEUabc__Org1,pi[c]__Org1,BI
BI,LEUt2r__Org1,h[c]__Org1,BI
BI,h[e]__Org1,LEUt2r__Org1,BI
BI,LEUt2r__Org1,leu_L[c]__Org1,BI
BI,leu_L[e]__Org1,LEUt2r__Org1,BI
BI,LPLIPAL1A120__Org1,ddca[c]__Org1,BI
BI,1ddecg3p[c]__Org1,LPLIPAL1A120__Org1,BI
BI,LPLIPAL1A120__Org1,glyc3p[c]__Org1,BI
BI,h2o[c]__Org1,LPLIPAL1A120__Org1,BI
BI,LPLIPAL1A120__Org1,h[c]__Org1,BI
BI,1tdecg3p[c]__Org1,LPLIPAL1A140__Org1,BI
BI,LPLIPAL1A140__Org1,glyc3p[c]__Org1,BI
BI,h2o[c]__Org1,LPLIPAL1A140__Org1,BI
BI,LPLIPAL1A140__Org1,h[c]__Org1,BI
BI,LPLIPAL1A140__Org1,ttdca[c]__Org1,BI
BI,LPLIPAL1A141__Org1,ttdcea[c]__Org1,BI
BI,1tdec7eg3p[c]__Org1,LPLIPAL1A141__Org1,BI
BI,LPLIPAL1A141__Org1,glyc3p[c]__Org1,BI
BI,h2o[c]__Org1,LPLIPAL1A141__Org1,BI
BI,LPLIPAL1A141__Org1,h[c]__Org1,BI
BI,1hdecg3p[c]__Org1,LPLIPAL1A160__Org1,BI
BI,LPLIPAL1A160__Org1,glyc3p[c]__Org1,BI
BI,h2o[c]__Org1,LPLIPAL1A160__Org1,BI
BI,LPLIPAL1A160__Org1,h[c]__Org1,BI
BI,LPLIPAL1A160__Org1,hdca[c]__Org1,BI
BI,1hdec9eg3p[c]__Org1,LPLIPAL1A161__Org1,BI
BI,LPLIPAL1A161__Org1,glyc3p[c]__Org1,BI
BI,h2o[c]__Org1,LPLIPAL1A161__Org1,BI
BI,LPLIPAL1A161__Org1,h[c]__Org1,BI
BI,LPLIPAL1A161__Org1,hdcea[c]__Org1,BI
BI,1odecg3p[c]__Org1,LPLIPAL1A180__Org1,BI
BI,LPLIPAL1A180__Org1,glyc3p[c]__Org1,BI
BI,h2o[c]__Org1,LPLIPAL1A180__Org1,BI
BI,LPLIPAL1A180__Org1,h[c]__Org1,BI
BI,LPLIPAL1A180__Org1,ocdca[c]__Org1,BI
BI,1odec11eg3p[c]__Org1,LPLIPAL1A181__Org1,BI
BI,LPLIPAL1A181__Org1,glyc3p[c]__Org1,BI
BI,h2o[c]__Org1,LPLIPAL1A181__Org1,BI
BI,LPLIPAL1A181__Org1,h[c]__Org1,BI
BI,LPLIPAL1A181__Org1,ocdcea[c]__Org1,BI
BI,1agpe120[c]__Org1,LPLIPAL1E120__Org1,BI
BI,LPLIPAL1E120__Org1,ddca[c]__Org1,BI
BI,LPLIPAL1E120__Org1,g3pe[c]__Org1,BI
BI,h2o[c]__Org1,LPLIPAL1E120__Org1,BI
BI,LPLIPAL1E120__Org1,h[c]__Org1,BI
BI,1agpe140[c]__Org1,LPLIPAL1E140__Org1,BI
BI,LPLIPAL1E140__Org1,g3pe[c]__Org1,BI
BI,h2o[c]__Org1,LPLIPAL1E140__Org1,BI
BI,LPLIPAL1E140__Org1,h[c]__Org1,BI
BI,LPLIPAL1E140__Org1,ttdca[c]__Org1,BI
BI,1agpe141[c]__Org1,LPLIPAL1E141__Org1,BI
BI,LPLIPAL1E141__Org1,g3pe[c]__Org1,BI
BI,h2o[c]__Org1,LPLIPAL1E141__Org1,BI
BI,LPLIPAL1E141__Org1,h[c]__Org1,BI
BI,LPLIPAL1E141__Org1,ttdcea[c]__Org1,BI
BI,1agpe160[c]__Org1,LPLIPAL1E160__Org1,BI
BI,LPLIPAL1E160__Org1,g3pe[c]__Org1,BI
BI,h2o[c]__Org1,LPLIPAL1E160__Org1,BI
BI,LPLIPAL1E160__Org1,h[c]__Org1,BI
BI,LPLIPAL1E160__Org1,hdca[c]__Org1,BI
BI,1agpe161[c]__Org1,LPLIPAL1E161__Org1,BI
BI,LPLIPAL1E161__Org1,g3pe[c]__Org1,BI
BI,h2o[c]__Org1,LPLIPAL1E161__Org1,BI
BI,LPLIPAL1E161__Org1,h[c]__Org1,BI
BI,LPLIPAL1E161__Org1,hdcea[c]__Org1,BI
BI,1agpe180[c]__Org1,LPLIPAL1E180__Org1,BI
BI,LPLIPAL1E180__Org1,g3pe[c]__Org1,BI
BI,h2o[c]__Org1,LPLIPAL1E180__Org1,BI
BI,LPLIPAL1E180__Org1,h[c]__Org1,BI
BI,LPLIPAL1E180__Org1,ocdca[c]__Org1,BI
BI,1agpe181[c]__Org1,LPLIPAL1E181__Org1,BI
BI,LPLIPAL1E181__Org1,g3pe[c]__Org1,BI
BI,h2o[c]__Org1,LPLIPAL1E181__Org1,BI
BI,LPLIPAL1E181__Org1,h[c]__Org1,BI
BI,LPLIPAL1E181__Org1,ocdcea[c]__Org1,BI
BI,1agpg120[c]__Org1,LPLIPAL1G120__Org1,BI
BI,LPLIPAL1G120__Org1,ddca[c]__Org1,BI
BI,LPLIPAL1G120__Org1,g3pg[c]__Org1,BI
BI,h2o[c]__Org1,LPLIPAL1G120__Org1,BI
BI,LPLIPAL1G120__Org1,h[c]__Org1,BI
BI,1agpg140[c]__Org1,LPLIPAL1G140__Org1,BI
BI,LPLIPAL1G140__Org1,g3pg[c]__Org1,BI
BI,h2o[c]__Org1,LPLIPAL1G140__Org1,BI
BI,LPLIPAL1G140__Org1,h[c]__Org1,BI
BI,LPLIPAL1G140__Org1,ttdca[c]__Org1,BI
BI,1agpg141[c]__Org1,LPLIPAL1G141__Org1,BI
BI,LPLIPAL1G141__Org1,g3pg[c]__Org1,BI
BI,h2o[c]__Org1,LPLIPAL1G141__Org1,BI
BI,LPLIPAL1G141__Org1,h[c]__Org1,BI
BI,LPLIPAL1G141__Org1,ttdcea[c]__Org1,BI
BI,1agpg160[c]__Org1,LPLIPAL1G160__Org1,BI
BI,LPLIPAL1G160__Org1,g3pg[c]__Org1,BI
BI,h2o[c]__Org1,LPLIPAL1G160__Org1,BI
BI,LPLIPAL1G160__Org1,h[c]__Org1,BI
BI,LPLIPAL1G160__Org1,hdca[c]__Org1,BI
BI,1agpg161[c]__Org1,LPLIPAL1G161__Org1,BI
BI,LPLIPAL1G161__Org1,g3pg[c]__Org1,BI
BI,h2o[c]__Org1,LPLIPAL1G161__Org1,BI
BI,LPLIPAL1G161__Org1,h[c]__Org1,BI
BI,LPLIPAL1G161__Org1,hdcea[c]__Org1,BI
BI,1agpg180[c]__Org1,LPLIPAL1G180__Org1,BI
BI,LPLIPAL1G180__Org1,g3pg[c]__Org1,BI
BI,h2o[c]__Org1,LPLIPAL1G180__Org1,BI
BI,LPLIPAL1G180__Org1,h[c]__Org1,BI
BI,LPLIPAL1G180__Org1,ocdca[c]__Org1,BI
BI,1agpg181[c]__Org1,LPLIPAL1G181__Org1,BI
BI,LPLIPAL1G181__Org1,g3pg[c]__Org1,BI
BI,h2o[c]__Org1,LPLIPAL1G181__Org1,BI
BI,LPLIPAL1G181__Org1,h[c]__Org1,BI
BI,LPLIPAL1G181__Org1,ocdcea[c]__Org1,BI
BI,2ddecg3p[c]__Org1,LPLIPAL2A120__Org1,BI
BI,LPLIPAL2A120__Org1,ddca[c]__Org1,BI
BI,LPLIPAL2A120__Org1,glyc3p[c]__Org1,BI
BI,h2o[c]__Org1,LPLIPAL2A120__Org1,BI
BI,LPLIPAL2A120__Org1,h[c]__Org1,BI
BI,2tdecg3p[c]__Org1,LPLIPAL2A140__Org1,BI
BI,LPLIPAL2A140__Org1,glyc3p[c]__Org1,BI
BI,h2o[c]__Org1,LPLIPAL2A140__Org1,BI
BI,LPLIPAL2A140__Org1,h[c]__Org1,BI
BI,LPLIPAL2A140__Org1,ttdca[c]__Org1,BI
BI,2tdec7eg3p[c]__Org1,LPLIPAL2A141__Org1,BI
BI,LPLIPAL2A141__Org1,glyc3p[c]__Org1,BI
BI,h2o[c]__Org1,LPLIPAL2A141__Org1,BI
BI,LPLIPAL2A141__Org1,h[c]__Org1,BI
BI,LPLIPAL2A141__Org1,ttdcea[c]__Org1,BI
BI,2hdecg3p[c]__Org1,LPLIPAL2A160__Org1,BI
BI,LPLIPAL2A160__Org1,glyc3p[c]__Org1,BI
BI,h2o[c]__Org1,LPLIPAL2A160__Org1,BI
BI,LPLIPAL2A160__Org1,h[c]__Org1,BI
BI,LPLIPAL2A160__Org1,hdca[c]__Org1,BI
BI,2hdec9eg3p[c]__Org1,LPLIPAL2A161__Org1,BI
BI,LPLIPAL2A161__Org1,glyc3p[c]__Org1,BI
BI,h2o[c]__Org1,LPLIPAL2A161__Org1,BI
BI,LPLIPAL2A161__Org1,h[c]__Org1,BI
BI,LPLIPAL2A161__Org1,hdcea[c]__Org1,BI
BI,2odecg3p[c]__Org1,LPLIPAL2A180__Org1,BI
BI,LPLIPAL2A180__Org1,glyc3p[c]__Org1,BI
BI,h2o[c]__Org1,LPLIPAL2A180__Org1,BI
BI,LPLIPAL2A180__Org1,h[c]__Org1,BI
BI,LPLIPAL2A180__Org1,ocdca[c]__Org1,BI
BI,2odec11eg3p[c]__Org1,LPLIPAL2A181__Org1,BI
BI,LPLIPAL2A181__Org1,glyc3p[c]__Org1,BI
BI,h2o[c]__Org1,LPLIPAL2A181__Org1,BI
BI,LPLIPAL2A181__Org1,h[c]__Org1,BI
BI,LPLIPAL2A181__Org1,ocdcea[c]__Org1,BI
BI,2agpe120[c]__Org1,LPLIPAL2E120__Org1,BI
BI,LPLIPAL2E120__Org1,ddca[c]__Org1,BI
BI,LPLIPAL2E120__Org1,g3pe[c]__Org1,BI
BI,h2o[c]__Org1,LPLIPAL2E120__Org1,BI
BI,LPLIPAL2E120__Org1,h[c]__Org1,BI
BI,2agpe140[c]__Org1,LPLIPAL2E140__Org1,BI
BI,LPLIPAL2E140__Org1,g3pe[c]__Org1,BI
BI,h2o[c]__Org1,LPLIPAL2E140__Org1,BI
BI,LPLIPAL2E140__Org1,h[c]__Org1,BI
BI,LPLIPAL2E140__Org1,ttdca[c]__Org1,BI
BI,2agpe141[c]__Org1,LPLIPAL2E141__Org1,BI
BI,LPLIPAL2E141__Org1,g3pe[c]__Org1,BI
BI,h2o[c]__Org1,LPLIPAL2E141__Org1,BI
BI,LPLIPAL2E141__Org1,h[c]__Org1,BI
BI,LPLIPAL2E141__Org1,ttdcea[c]__Org1,BI
BI,2agpe160[c]__Org1,LPLIPAL2E160__Org1,BI
BI,LPLIPAL2E160__Org1,g3pe[c]__Org1,BI
BI,h2o[c]__Org1,LPLIPAL2E160__Org1,BI
BI,LPLIPAL2E160__Org1,h[c]__Org1,BI
BI,LPLIPAL2E160__Org1,hdca[c]__Org1,BI
BI,2agpe161[c]__Org1,LPLIPAL2E161__Org1,BI
BI,LPLIPAL2E161__Org1,g3pe[c]__Org1,BI
BI,h2o[c]__Org1,LPLIPAL2E161__Org1,BI
BI,LPLIPAL2E161__Org1,h[c]__Org1,BI
BI,LPLIPAL2E161__Org1,hdcea[c]__Org1,BI
BI,2agpe180[c]__Org1,LPLIPAL2E180__Org1,BI
BI,LPLIPAL2E180__Org1,g3pe[c]__Org1,BI
BI,h2o[c]__Org1,LPLIPAL2E180__Org1,BI
BI,LPLIPAL2E180__Org1,h[c]__Org1,BI
BI,LPLIPAL2E180__Org1,ocdca[c]__Org1,BI
BI,2agpe181[c]__Org1,LPLIPAL2E181__Org1,BI
BI,LPLIPAL2E181__Org1,g3pe[c]__Org1,BI
BI,h2o[c]__Org1,LPLIPAL2E181__Org1,BI
BI,LPLIPAL2E181__Org1,h[c]__Org1,BI
BI,LPLIPAL2E181__Org1,ocdcea[c]__Org1,BI
BI,2agpg120[c]__Org1,LPLIPAL2G120__Org1,BI
BI,LPLIPAL2G120__Org1,ddca[c]__Org1,BI
BI,LPLIPAL2G120__Org1,g3pg[c]__Org1,BI
BI,h2o[c]__Org1,LPLIPAL2G120__Org1,BI
BI,LPLIPAL2G120__Org1,h[c]__Org1,BI
BI,2agpg140[c]__Org1,LPLIPAL2G140__Org1,BI
BI,LPLIPAL2G140__Org1,g3pg[c]__Org1,BI
BI,h2o[c]__Org1,LPLIPAL2G140__Org1,BI
BI,LPLIPAL2G140__Org1,h[c]__Org1,BI
BI,LPLIPAL2G140__Org1,ttdca[c]__Org1,BI
BI,2agpg141[c]__Org1,LPLIPAL2G141__Org1,BI
BI,LPLIPAL2G141__Org1,g3pg[c]__Org1,BI
BI,h2o[c]__Org1,LPLIPAL2G141__Org1,BI
BI,LPLIPAL2G141__Org1,h[c]__Org1,BI
BI,LPLIPAL2G141__Org1,ttdcea[c]__Org1,BI
BI,2agpg160[c]__Org1,LPLIPAL2G160__Org1,BI
BI,LPLIPAL2G160__Org1,g3pg[c]__Org1,BI
BI,h2o[c]__Org1,LPLIPAL2G160__Org1,BI
BI,LPLIPAL2G160__Org1,h[c]__Org1,BI
BI,LPLIPAL2G160__Org1,hdca[c]__Org1,BI
BI,2agpg161[c]__Org1,LPLIPAL2G161__Org1,BI
BI,LPLIPAL2G161__Org1,g3pg[c]__Org1,BI
BI,h2o[c]__Org1,LPLIPAL2G161__Org1,BI
BI,LPLIPAL2G161__Org1,h[c]__Org1,BI
BI,LPLIPAL2G161__Org1,hdcea[c]__Org1,BI
BI,2agpg180[c]__Org1,LPLIPAL2G180__Org1,BI
BI,LPLIPAL2G180__Org1,g3pg[c]__Org1,BI
BI,h2o[c]__Org1,LPLIPAL2G180__Org1,BI
BI,LPLIPAL2G180__Org1,h[c]__Org1,BI
BI,LPLIPAL2G180__Org1,ocdca[c]__Org1,BI
BI,2agpg181[c]__Org1,LPLIPAL2G181__Org1,BI
BI,LPLIPAL2G181__Org1,g3pg[c]__Org1,BI
BI,h2o[c]__Org1,LPLIPAL2G181__Org1,BI
BI,LPLIPAL2G181__Org1,h[c]__Org1,BI
BI,LPLIPAL2G181__Org1,ocdcea[c]__Org1,BI
BI,LTHRK__Org1,thrp[c]__Org1,BI
BI,LTHRK__Org1,adp[c]__Org1,BI
BI,atp[c]__Org1,LTHRK__Org1,BI
BI,LTHRK__Org1,h[c]__Org1,BI
BI,thr_L[c]__Org1,LTHRK__Org1,BI
BI,Largn[c]__Org1,L_AROND__Org1,BI
BI,L_AROND__Org1,co2[c]__Org1,BI
BI,nad[c]__Org1,L_AROND__Org1,BI
BI,L_AROND__Org1,nadh[c]__Org1,BI
BI,L_AROND__Org1,tyr_L[c]__Org1,BI
BI,Largn[c]__Org1,L_ARONR__Org1,BI
BI,L_ARONR__Org1,co2[c]__Org1,BI
BI,nadp[c]__Org1,L_ARONR__Org1,BI
BI,L_ARONR__Org1,nadph[c]__Org1,BI
BI,L_ARONR__Org1,tyr_L[c]__Org1,BI
BI,ficytC[c]__Org1,L_LACD__Org1,BI
BI,L_LACD__Org1,focytC[c]__Org1,BI
BI,L_LACD__Org1,h[c]__Org1,BI
BI,lac_L[c]__Org1,L_LACD__Org1,BI
BI,L_LACD__Org1,pyr[c]__Org1,BI
BI,lac_L[c]__Org1,L_LACD2__Org1,BI
BI,L_LACD2__Org1,pyr[c]__Org1,BI
BI,q8[c]__Org1,L_LACD2__Org1,BI
BI,L_LACD2__Org1,q8h2[c]__Org1,BI
BI,lac_L[c]__Org1,L_LACD3__Org1,BI
BI,L_LACD3__Org1,mql8[c]__Org1,BI
BI,mqn8[c]__Org1,L_LACD3__Org1,BI
BI,L_LACD3__Org1,pyr[c]__Org1,BI
BI,L_LACt2r__Org1,h[c]__Org1,BI
BI,h[e]__Org1,L_LACt2r__Org1,BI
BI,L_LACt2r__Org1,lac_L[c]__Org1,BI
BI,lac_L[e]__Org1,L_LACt2r__Org1,BI
BI,M03134t2r__Org1,M03134[c]__Org1,BI
BI,M03134[e]__Org1,M03134t2r__Org1,BI
BI,M03134t2r__Org1,h[c]__Org1,BI
BI,h[e]__Org1,M03134t2r__Org1,BI
BI,madg[c]__Org1,MADGBG__Org1,BI
BI,MADGBG__Org1,meoh[c]__Org1,BI
BI,MADGBG__Org1,glc_D[c]__Org1,BI
BI,h2o[c]__Org1,MADGBG__Org1,BI
BI,MALT__Org1,glc_D[c]__Org1,BI
BI,h2o[c]__Org1,MALT__Org1,BI
BI,malt[c]__Org1,MALT__Org1,BI
BI,MALTHXabc__Org1,adp[c]__Org1,BI
BI,atp[c]__Org1,MALTHXabc__Org1,BI
BI,h2o[c]__Org1,MALTHXabc__Org1,BI
BI,MALTHXabc__Org1,h[c]__Org1,BI
BI,MALTHXabc__Org1,malthx[c]__Org1,BI
BI,malthx[e]__Org1,MALTHXabc__Org1,BI
BI,MALTHXabc__Org1,pi[c]__Org1,BI
BI,MALTTRabc__Org1,adp[c]__Org1,BI
BI,atp[c]__Org1,MALTTRabc__Org1,BI
BI,h2o[c]__Org1,MALTTRabc__Org1,BI
BI,MALTTRabc__Org1,h[c]__Org1,BI
BI,MALTTRabc__Org1,malttr[c]__Org1,BI
BI,malttr[e]__Org1,MALTTRabc__Org1,BI
BI,MALTTRabc__Org1,pi[c]__Org1,BI
BI,MALTabc__Org1,adp[c]__Org1,BI
BI,atp[c]__Org1,MALTabc__Org1,BI
BI,h2o[c]__Org1,MALTabc__Org1,BI
BI,MALTabc__Org1,h[c]__Org1,BI
BI,MALTabc__Org1,malt[c]__Org1,BI
BI,malt[e]__Org1,MALTabc__Org1,BI
BI,MALTabc__Org1,pi[c]__Org1,BI
BI,MAN6PI__Org1,f6p[c]__Org1,BI
BI,man6p[c]__Org1,MAN6PI__Org1,BI
BI,mantr[c]__Org1,MANA4__Org1,BI
BI,MANA4__Org1,gal[c]__Org1,BI
BI,h2o[c]__Org1,MANA4__Org1,BI
BI,MANA4__Org1,melib[c]__Org1,BI
BI,mnl[c]__Org1,MANAD_D__Org1,BI
BI,MANAD_D__Org1,fru[c]__Org1,BI
BI,MANAD_D__Org1,h[c]__Org1,BI
BI,nad[c]__Org1,MANAD_D__Org1,BI
BI,MANAD_D__Org1,nadh[c]__Org1,BI
BI,mana[c]__Org1,MANAO__Org1,BI
BI,MANAO__Org1,fruur[c]__Org1,BI
BI,MANAO__Org1,h[c]__Org1,BI
BI,nad[c]__Org1,MANAO__Org1,BI
BI,MANAO__Org1,nadh[c]__Org1,BI
BI,MANTRabc__Org1,adp[c]__Org1,BI
BI,atp[c]__Org1,MANTRabc__Org1,BI
BI,h2o[c]__Org1,MANTRabc__Org1,BI
BI,MANTRabc__Org1,h[c]__Org1,BI
BI,MANTRabc__Org1,mantr[c]__Org1,BI
BI,mantr[e]__Org1,MANTRabc__Org1,BI
BI,MANTRabc__Org1,pi[c]__Org1,BI
BI,MANabc__Org1,adp[c]__Org1,BI
BI,atp[c]__Org1,MANabc__Org1,BI
BI,h2o[c]__Org1,MANabc__Org1,BI
BI,MANabc__Org1,h[c]__Org1,BI
BI,MANabc__Org1,man[c]__Org1,BI
BI,man[e]__Org1,MANabc__Org1,BI
BI,MANabc__Org1,pi[c]__Org1,BI
BI,mbdg[c]__Org1,MBDGBG__Org1,BI
BI,MBDGBG__Org1,glc_D[c]__Org1,BI
BI,h2o[c]__Org1,MBDGBG__Org1,BI
BI,MBDGBG__Org1,meoh[c]__Org1,BI
BI,MDH__Org1,h[c]__Org1,BI
BI,mal_L[c]__Org1,MDH__Org1,BI
BI,nad[c]__Org1,MDH__Org1,BI
BI,MDH__Org1,nadh[c]__Org1,BI
BI,MDH__Org1,oaa[c]__Org1,BI
BI,2mecdp[c]__Org1,MECDPDH2__Org1,BI
BI,MECDPDH2__Org1,h2mb4p[c]__Org1,BI
BI,MECDPDH2__Org1,h2o[c]__Org1,BI
BI,MECDPDH2__Org1,nad[c]__Org1,BI
BI,nadh[c]__Org1,MECDPDH2__Org1,BI
BI,MECDPS__Org1,2mecdp[c]__Org1,BI
BI,2p4c2me[c]__Org1,MECDPS__Org1,BI
BI,MECDPS__Org1,cmp[c]__Org1,BI
BI,MELIBabc__Org1,adp[c]__Org1,BI
BI,atp[c]__Org1,MELIBabc__Org1,BI
BI,h2o[c]__Org1,MELIBabc__Org1,BI
BI,MELIBabc__Org1,h[c]__Org1,BI
BI,MELIBabc__Org1,melib[c]__Org1,BI
BI,melib[e]__Org1,MELIBabc__Org1,BI
BI,MELIBabc__Org1,pi[c]__Org1,BI
BI,2me4p[c]__Org1,MEPCT__Org1,BI
BI,MEPCT__Org1,4c2me[c]__Org1,BI
BI,ctp[c]__Org1,MEPCT__Org1,BI
BI,h[c]__Org1,MEPCT__Org1,BI
BI,MEPCT__Org1,ppi[c]__Org1,BI
BI,metala[c]__Org1,METALA1c__Org1,BI
BI,METALA1c__Org1,ala_L[c]__Org1,BI
BI,h2o[c]__Org1,METALA1c__Org1,BI
BI,METALA1c__Org1,met_L[c]__Org1,BI
BI,METALAabc__Org1,adp[c]__Org1,BI
BI,atp[c]__Org1,METALAabc__Org1,BI
BI,h2o[c]__Org1,METALAabc__Org1,BI
BI,METALAabc__Org1,h[c]__Org1,BI
BI,METALAabc__Org1,metala[c]__Org1,BI
BI,metala[e]__Org1,METALAabc__Org1,BI
BI,METALAabc__Org1,pi[c]__Org1,BI
BI,METAT__Org1,amet[c]__Org1,BI
BI,atp[c]__Org1,METAT__Org1,BI
BI,h2o[c]__Org1,METAT__Org1,BI
BI,met_L[c]__Org1,METAT__Org1,BI
BI,METAT__Org1,pi[c]__Org1,BI
BI,METAT__Org1,ppi[c]__Org1,BI
BI,METB1__Org1,ac[c]__Org1,BI
BI,achms[c]__Org1,METB1__Org1,BI
BI,cys_L[c]__Org1,METB1__Org1,BI
BI,METB1__Org1,cyst_L[c]__Org1,BI
BI,METB1__Org1,h[c]__Org1,BI
BI,METDabc__Org1,met_D[c]__Org1,BI
BI,METDabc__Org1,adp[c]__Org1,BI
BI,atp[c]__Org1,METDabc__Org1,BI
BI,h2o[c]__Org1,METDabc__Org1,BI
BI,METDabc__Org1,h[c]__Org1,BI
BI,met_D[e]__Org1,METDabc__Org1,BI
BI,METDabc__Org1,pi[c]__Org1,BI
BI,5mthf[c]__Org1,METFR__Org1,BI
BI,METFR__Org1,h[c]__Org1,BI
BI,METFR__Org1,mlthf[c]__Org1,BI
BI,nadp[c]__Org1,METFR__Org1,BI
BI,METFR__Org1,nadph[c]__Org1,BI
BI,5mthf[c]__Org1,METS__Org1,BI
BI,METS__Org1,h[c]__Org1,BI
BI,hcys_L[c]__Org1,METS__Org1,BI
BI,METS__Org1,met_L[c]__Org1,BI
BI,METS__Org1,thf[c]__Org1,BI
BI,METSOX1abc__Org1,metsox_S_L[c]__Org1,BI
BI,METSOX1abc__Org1,adp[c]__Org1,BI
BI,atp[c]__Org1,METSOX1abc__Org1,BI
BI,h2o[c]__Org1,METSOX1abc__Org1,BI
BI,METSOX1abc__Org1,h[c]__Org1,BI
BI,metsox_S_L[e]__Org1,METSOX1abc__Org1,BI
BI,METSOX1abc__Org1,pi[c]__Org1,BI
BI,METSOX2abc__Org1,metsox_R_L[c]__Org1,BI
BI,metsox_R_L[e]__Org1,METSOX2abc__Org1,BI
BI,METSOX2abc__Org1,adp[c]__Org1,BI
BI,atp[c]__Org1,METSOX2abc__Org1,BI
BI,h2o[c]__Org1,METSOX2abc__Org1,BI
BI,METSOX2abc__Org1,h[c]__Org1,BI
BI,METSOX2abc__Org1,pi[c]__Org1,BI
BI,METSOXR1r__Org1,h2o[c]__Org1,BI
BI,METSOXR1r__Org1,met_L[c]__Org1,BI
BI,metsox_S_L[c]__Org1,METSOXR1r__Org1,BI
BI,METSOXR1r__Org1,trdox[c]__Org1,BI
BI,trdrd[c]__Org1,METSOXR1r__Org1,BI
BI,MG2abc__Org1,mg2[c]__Org1,BI
BI,MG2abc__Org1,adp[c]__Org1,BI
BI,atp[c]__Org1,MG2abc__Org1,BI
BI,h2o[c]__Org1,MG2abc__Org1,BI
BI,MG2abc__Org1,h[c]__Org1,BI
BI,mg2[e]__Org1,MG2abc__Org1,BI
BI,MG2abc__Org1,pi[c]__Org1,BI
BI,mg2[c]__Org1,MGt5__Org1,BI
BI,MGt5__Org1,mg2[e]__Org1,BI
BI,MI1PP__Org1,inost[c]__Org1,BI
BI,mi1p_D[c]__Org1,MI1PP__Org1,BI
BI,h2o[c]__Org1,MI1PP__Org1,BI
BI,MI1PP__Org1,pi[c]__Org1,BI
BI,mi3p_D[c]__Org1,MI3PP__Org1,BI
BI,h2o[c]__Org1,MI3PP__Org1,BI
BI,MI3PP__Org1,inost[c]__Org1,BI
BI,MI3PP__Org1,pi[c]__Org1,BI
BI,mi4p_D[c]__Org1,MI4PP__Org1,BI
BI,h2o[c]__Org1,MI4PP__Org1,BI
BI,MI4PP__Org1,inost[c]__Org1,BI
BI,MI4PP__Org1,pi[c]__Org1,BI
BI,2mcacn[c]__Org1,MICITDr__Org1,BI
BI,MICITDr__Org1,micit[c]__Org1,BI
BI,h2o[c]__Org1,MICITDr__Org1,BI
BI,MK7te__Org1,mqn7[c]__Org1,BI
BI,mqn7[e]__Org1,MK7te__Org1,BI
BI,mqn8[c]__Org1,MK8t__Org1,BI
BI,MK8t__Org1,mqn8[e]__Org1,BI
BI,MLTG1__Org1,glc_D[c]__Org1,BI
BI,h2o[c]__Org1,MLTG1__Org1,BI
BI,MLTG1__Org1,malt[c]__Org1,BI
BI,malttr[c]__Org1,MLTG1__Org1,BI
BI,MLTG2__Org1,glc_D[c]__Org1,BI
BI,h2o[c]__Org1,MLTG2__Org1,BI
BI,MLTG2__Org1,malttr[c]__Org1,BI
BI,maltttr[c]__Org1,MLTG2__Org1,BI
BI,MLTG3__Org1,glc_D[c]__Org1,BI
BI,h2o[c]__Org1,MLTG3__Org1,BI
BI,maltpt[c]__Org1,MLTG3__Org1,BI
BI,MLTG3__Org1,maltttr[c]__Org1,BI
BI,MLTG4__Org1,glc_D[c]__Org1,BI
BI,h2o[c]__Org1,MLTG4__Org1,BI
BI,malthx[c]__Org1,MLTG4__Org1,BI
BI,MLTG4__Org1,maltpt[c]__Org1,BI
BI,MLTG5__Org1,glc_D[c]__Org1,BI
BI,h2o[c]__Org1,MLTG5__Org1,BI
BI,malthp[c]__Org1,MLTG5__Org1,BI
BI,MLTG5__Org1,malthx[c]__Org1,BI
BI,MNLt6__Org1,h[c]__Org1,BI
BI,h[e]__Org1,MNLt6__Org1,BI
BI,MNLt6__Org1,mnl[c]__Org1,BI
BI,mnl[e]__Org1,MNLt6__Org1,BI
BI,MNNH__Org1,2ddglcn[c]__Org1,BI
BI,MNNH__Org1,h2o[c]__Org1,BI
BI,mana[c]__Org1,MNNH__Org1,BI
BI,MNt2__Org1,mn2[c]__Org1,BI
BI,MNt2__Org1,h[c]__Org1,BI
BI,h[e]__Org1,MNt2__Org1,BI
BI,mn2[e]__Org1,MNt2__Org1,BI
BI,5mta[c]__Org1,MTAN__Org1,BI
BI,MTAN__Org1,5mtr[c]__Org1,BI
BI,MTAN__Org1,ade[c]__Org1,BI
BI,h2o[c]__Org1,MTAN__Org1,BI
BI,MTHFC__Org1,10fthf[c]__Org1,BI
BI,h2o[c]__Org1,MTHFC__Org1,BI
BI,MTHFC__Org1,h[c]__Org1,BI
BI,methf[c]__Org1,MTHFC__Org1,BI
BI,MTHFD__Org1,methf[c]__Org1,BI
BI,mlthf[c]__Org1,MTHFD__Org1,BI
BI,nadp[c]__Org1,MTHFD__Org1,BI
BI,MTHFD__Org1,nadph[c]__Org1,BI
BI,5mthf[c]__Org1,MTHFTe__Org1,BI
BI,MTHFTe__Org1,5mthf[e]__Org1,BI
BI,5mthglu[c]__Org1,MTHPTGHM__Org1,BI
BI,hcys_L[c]__Org1,MTHPTGHM__Org1,BI
BI,MTHPTGHM__Org1,met_L[c]__Org1,BI
BI,MTHPTGHM__Org1,thglu[c]__Org1,BI
BI,nac[c]__Org1,NACt2r__Org1,BI
BI,h[c]__Org1,NACt2r__Org1,BI
BI,NACt2r__Org1,h[e]__Org1,BI
BI,NACt2r__Org1,nac[e]__Org1,BI
BI,NADK__Org1,adp[c]__Org1,BI
BI,atp[c]__Org1,NADK__Org1,BI
BI,NADK__Org1,h[c]__Org1,BI
BI,nad[c]__Org1,NADK__Org1,BI
BI,NADK__Org1,nadp[c]__Org1,BI
BI,NADK2__Org1,dtdp[c]__Org1,BI
BI,dttp[c]__Org1,NADK2__Org1,BI
BI,NADK2__Org1,h[c]__Org1,BI
BI,nad[c]__Org1,NADK2__Org1,BI
BI,NADK2__Org1,nadp[c]__Org1,BI
BI,dnad[c]__Org1,NADS1__Org1,BI
BI,NADS1__Org1,amp[c]__Org1,BI
BI,atp[c]__Org1,NADS1__Org1,BI
BI,NADS1__Org1,h[c]__Org1,BI
BI,NADS1__Org1,nad[c]__Org1,BI
BI,nh4[c]__Org1,NADS1__Org1,BI
BI,NADS1__Org1,ppi[c]__Org1,BI
BI,NADS2__Org1,amp[c]__Org1,BI
BI,atp[c]__Org1,NADS2__Org1,BI
BI,dnad[c]__Org1,NADS2__Org1,BI
BI,gln_L[c]__Org1,NADS2__Org1,BI
BI,NADS2__Org1,glu_L[c]__Org1,BI
BI,h2o[c]__Org1,NADS2__Org1,BI
BI,NADS2__Org1,h[c]__Org1,BI
BI,NADS2__Org1,nad[c]__Org1,BI
BI,NADS2__Org1,ppi[c]__Org1,BI
BI,NAPRT__Org1,nicrnt[c]__Org1,BI
BI,h[c]__Org1,NAPRT__Org1,BI
BI,nac[c]__Org1,NAPRT__Org1,BI
BI,NAPRT__Org1,ppi[c]__Org1,BI
BI,prpp[c]__Org1,NAPRT__Org1,BI
BI,NAt3_1__Org1,h[c]__Org1,BI
BI,h[e]__Org1,NAt3_1__Org1,BI
BI,na1[c]__Org1,NAt3_1__Org1,BI
BI,NAt3_1__Org1,na1[e]__Org1,BI
BI,nforglu[c]__Org1,NFORGLUAH__Org1,BI
BI,NFORGLUAH__Org1,for[c]__Org1,BI
BI,NFORGLUAH__Org1,glu_L[c]__Org1,BI
BI,h2o[c]__Org1,NFORGLUAH__Org1,BI
BI,NH4tb__Org1,nh4[c]__Org1,BI
BI,nh4[e]__Org1,NH4tb__Org1,BI
BI,NIabc__Org1,ni2[c]__Org1,BI
BI,NIabc__Org1,adp[c]__Org1,BI
BI,atp[c]__Org1,NIabc__Org1,BI
BI,h2o[c]__Org1,NIabc__Org1,BI
BI,NIabc__Org1,h[c]__Org1,BI
BI,ni2[e]__Org1,NIabc__Org1,BI
BI,NIabc__Org1,pi[c]__Org1,BI
BI,ncam[c]__Org1,NNAM__Org1,BI
BI,h2o[c]__Org1,NNAM__Org1,BI
BI,NNAM__Org1,nac[c]__Org1,BI
BI,NNAM__Org1,nh4[c]__Org1,BI
BI,atp[c]__Org1,NNATr__Org1,BI
BI,NNATr__Org1,dnad[c]__Org1,BI
BI,h[c]__Org1,NNATr__Org1,BI
BI,nicrnt[c]__Org1,NNATr__Org1,BI
BI,NNATr__Org1,ppi[c]__Org1,BI
BI,quln[c]__Org1,NNDPR__Org1,BI
BI,NNDPR__Org1,co2[c]__Org1,BI
BI,h[c]__Org1,NNDPR__Org1,BI
BI,NNDPR__Org1,nicrnt[c]__Org1,BI
BI,NNDPR__Org1,ppi[c]__Org1,BI
BI,prpp[c]__Org1,NNDPR__Org1,BI
BI,norval_L[c]__Org1,NORVALDC__Org1,BI
BI,NORVALDC__Org1,butam[c]__Org1,BI
BI,NORVALDC__Org1,co2[c]__Org1,BI
BI,h[c]__Org1,NORVALDC__Org1,BI
BI,akval[c]__Org1,NORVALS__Org1,BI
BI,NORVALS__Org1,h2o[c]__Org1,BI
BI,NORVALS__Org1,nad[c]__Org1,BI
BI,nadh[c]__Org1,NORVALS__Org1,BI
BI,nh4[c]__Org1,NORVALS__Org1,BI
BI,NORVALS__Org1,norval_L[c]__Org1,BI
BI,NORVALt2r__Org1,h[c]__Org1,BI
BI,h[e]__Org1,NORVALt2r__Org1,BI
BI,NORVALt2r__Org1,norval_L[c]__Org1,BI
BI,norval_L[e]__Org1,NORVALt2r__Org1,BI
BI,NT5C__Org1,nicrns[c]__Org1,BI
BI,h2o[c]__Org1,NT5C__Org1,BI
BI,nicrnt[c]__Org1,NT5C__Org1,BI
BI,NT5C__Org1,pi[c]__Org1,BI
BI,NTD1__Org1,duri[c]__Org1,BI
BI,dump[c]__Org1,NTD1__Org1,BI
BI,h2o[c]__Org1,NTD1__Org1,BI
BI,NTD1__Org1,pi[c]__Org1,BI
BI,NTD10__Org1,xtsn[c]__Org1,BI
BI,h2o[c]__Org1,NTD10__Org1,BI
BI,NTD10__Org1,pi[c]__Org1,BI
BI,xmp[c]__Org1,NTD10__Org1,BI
BI,h2o[c]__Org1,NTD11__Org1,BI
BI,imp[c]__Org1,NTD11__Org1,BI
BI,NTD11__Org1,ins[c]__Org1,BI
BI,NTD11__Org1,pi[c]__Org1,BI
BI,NTD2__Org1,uri[c]__Org1,BI
BI,h2o[c]__Org1,NTD2__Org1,BI
BI,NTD2__Org1,pi[c]__Org1,BI
BI,ump[c]__Org1,NTD2__Org1,BI
BI,NTD3__Org1,dcyt[c]__Org1,BI
BI,dcmp[c]__Org1,NTD3__Org1,BI
BI,h2o[c]__Org1,NTD3__Org1,BI
BI,NTD3__Org1,pi[c]__Org1,BI
BI,cmp[c]__Org1,NTD4__Org1,BI
BI,NTD4__Org1,cytd[c]__Org1,BI
BI,h2o[c]__Org1,NTD4__Org1,BI
BI,NTD4__Org1,pi[c]__Org1,BI
BI,NTD5__Org1,thymd[c]__Org1,BI
BI,dtmp[c]__Org1,NTD5__Org1,BI
BI,h2o[c]__Org1,NTD5__Org1,BI
BI,NTD5__Org1,pi[c]__Org1,BI
BI,nmn[c]__Org1,NTD5_a__Org1,BI
BI,NTD5_a__Org1,rnam[c]__Org1,BI
BI,h2o[c]__Org1,NTD5_a__Org1,BI
BI,NTD5_a__Org1,pi[c]__Org1,BI
BI,NTD6__Org1,dad_2[c]__Org1,BI
BI,damp[c]__Org1,NTD6__Org1,BI
BI,h2o[c]__Org1,NTD6__Org1,BI
BI,NTD6__Org1,pi[c]__Org1,BI
BI,NTD7__Org1,adn[c]__Org1,BI
BI,amp[c]__Org1,NTD7__Org1,BI
BI,h2o[c]__Org1,NTD7__Org1,BI
BI,NTD7__Org1,pi[c]__Org1,BI
BI,NTD8__Org1,dgsn[c]__Org1,BI
BI,dgmp[c]__Org1,NTD8__Org1,BI
BI,h2o[c]__Org1,NTD8__Org1,BI
BI,NTD8__Org1,pi[c]__Org1,BI
BI,gmp[c]__Org1,NTD9__Org1,BI
BI,NTD9__Org1,gsn[c]__Org1,BI
BI,h2o[c]__Org1,NTD9__Org1,BI
BI,NTD9__Org1,pi[c]__Org1,BI
BI,NTPTP1__Org1,dgsn[c]__Org1,BI
BI,dgtp[c]__Org1,NTPTP1__Org1,BI
BI,h2o[c]__Org1,NTPTP1__Org1,BI
BI,NTPTP1__Org1,pppi[c]__Org1,BI
BI,O2t__Org1,o2[c]__Org1,BI
BI,o2[e]__Org1,O2t__Org1,BI
BI,OAASr__Org1,accoa[c]__Org1,BI
BI,cit[c]__Org1,OAASr__Org1,BI
BI,coa[c]__Org1,OAASr__Org1,BI
BI,OAASr__Org1,h2o[c]__Org1,BI
BI,h[c]__Org1,OAASr__Org1,BI
BI,OAASr__Org1,oaa[c]__Org1,BI
BI,OBTFL__Org1,ppcoa[c]__Org1,BI
BI,2obut[c]__Org1,OBTFL__Org1,BI
BI,coa[c]__Org1,OBTFL__Org1,BI
BI,OBTFL__Org1,for[c]__Org1,BI
BI,cbp[c]__Org1,OCBT__Org1,BI
BI,OCBT__Org1,citr_L[c]__Org1,BI
BI,OCBT__Org1,h[c]__Org1,BI
BI,orn[c]__Org1,OCBT__Org1,BI
BI,OCBT__Org1,pi[c]__Org1,BI
BI,ohpb[c]__Org1,OHPBAT__Org1,BI
BI,OHPBAT__Org1,akg[c]__Org1,BI
BI,glu_L[c]__Org1,OHPBAT__Org1,BI
BI,OHPBAT__Org1,phthr[c]__Org1,BI
BI,3c4mop[c]__Org1,OMCDC__Org1,BI
BI,OMCDC__Org1,4mop[c]__Org1,BI
BI,OMCDC__Org1,co2[c]__Org1,BI
BI,h[c]__Org1,OMCDC__Org1,BI
BI,orot5p[c]__Org1,OMPDC__Org1,BI
BI,OMPDC__Org1,co2[c]__Org1,BI
BI,h[c]__Org1,OMPDC__Org1,BI
BI,OMPDC__Org1,ump[c]__Org1,BI
BI,OROTPT__Org1,orot5p[c]__Org1,BI
BI,orot[c]__Org1,OROTPT__Org1,BI
BI,OROTPT__Org1,ppi[c]__Org1,BI
BI,prpp[c]__Org1,OROTPT__Org1,BI
BI,oxa[c]__Org1,OXAte__Org1,BI
BI,OXAte__Org1,oxa[e]__Org1,BI
BI,P5CRyr__Org1,1pyr5c[c]__Org1,BI
BI,P5CRyr__Org1,h[c]__Org1,BI
BI,nadp[c]__Org1,P5CRyr__Org1,BI
BI,P5CRyr__Org1,nadph[c]__Org1,BI
BI,pro_L[c]__Org1,P5CRyr__Org1,BI
BI,uGgla[c]__Org1,PAPPT2__Org1,BI
BI,PAPPT2__Org1,uaGgla[c]__Org1,BI
BI,udcpp[c]__Org1,PAPPT2__Org1,BI
BI,PAPPT2__Org1,ump[c]__Org1,BI
BI,PAPPT3__Org1,uagmda[c]__Org1,BI
BI,ugmda[c]__Org1,PAPPT3__Org1,BI
BI,udcpp[c]__Org1,PAPPT3__Org1,BI
BI,PAPPT3__Org1,ump[c]__Org1,BI
BI,pb[c]__Org1,PBt__Org1,BI
BI,PBt__Org1,adp[c]__Org1,BI
BI,atp[c]__Org1,PBt__Org1,BI
BI,h2o[c]__Org1,PBt__Org1,BI
BI,PBt__Org1,h[c]__Org1,BI
BI,PBt__Org1,pb[e]__Org1,BI
BI,PBt__Org1,pi[c]__Org1,BI
BI,adhlam[c]__Org1,PDHbr__Org1,BI
BI,PDHbr__Org1,dhlam[c]__Org1,BI
BI,PDHbr__Org1,accoa[c]__Org1,BI
BI,coa[c]__Org1,PDHbr__Org1,BI
BI,dhlam[c]__Org1,PDHc__Org1,BI
BI,PDHc__Org1,h[c]__Org1,BI
BI,PDHc__Org1,lpam[c]__Org1,BI
BI,nad[c]__Org1,PDHc__Org1,BI
BI,PDHc__Org1,nadh[c]__Org1,BI
BI,PEAMNt2r__Org1,peamn[c]__Org1,BI
BI,PEAMNt2r__Org1,h[c]__Org1,BI
BI,h[e]__Org1,PEAMNt2r__Org1,BI
BI,peamn[e]__Org1,PEAMNt2r__Org1,BI
BI,PEPGLY__Org1,PGP[c]__Org1,BI
BI,PGPm1[c]__Org1,PEPGLY__Org1,BI
BI,PEPGLY__Org1,co2[c]__Org1,BI
BI,h[c]__Org1,PEPGLY__Org1,BI
BI,uaagmda[c]__Org1,PEPGLY__Org1,BI
BI,PEPGLY__Org1,udcpdp[c]__Org1,BI
BI,PFK__Org1,adp[c]__Org1,BI
BI,atp[c]__Org1,PFK__Org1,BI
BI,f6p[c]__Org1,PFK__Org1,BI
BI,PFK__Org1,fdp[c]__Org1,BI
BI,PFK__Org1,h[c]__Org1,BI
BI,PFK_2__Org1,tagdp_D[c]__Org1,BI
BI,PFK_2__Org1,adp[c]__Org1,BI
BI,atp[c]__Org1,PFK_2__Org1,BI
BI,PFK_2__Org1,h[c]__Org1,BI
BI,tag6p_D[c]__Org1,PFK_2__Org1,BI
BI,PFL__Org1,accoa[c]__Org1,BI
BI,coa[c]__Org1,PFL__Org1,BI
BI,PFL__Org1,for[c]__Org1,BI
BI,pyr[c]__Org1,PFL__Org1,BI
BI,gam1p[c]__Org1,PGAMT__Org1,BI
BI,PGAMT__Org1,gam6p[c]__Org1,BI
BI,PGI__Org1,f6p[c]__Org1,BI
BI,g6p[c]__Org1,PGI__Org1,BI
BI,PGK__Org1,13dpg[c]__Org1,BI
BI,3pg[c]__Org1,PGK__Org1,BI
BI,PGK__Org1,adp[c]__Org1,BI
BI,atp[c]__Org1,PGK__Org1,BI
BI,PGL__Org1,6pgc[c]__Org1,BI
BI,6pgl[c]__Org1,PGL__Org1,BI
BI,h2o[c]__Org1,PGL__Org1,BI
BI,PGL__Org1,h[c]__Org1,BI
BI,2pglyc[c]__Org1,PGLYCP__Org1,BI
BI,PGLYCP__Org1,glyclt[c]__Org1,BI
BI,h2o[c]__Org1,PGLYCP__Org1,BI
BI,PGLYCP__Org1,pi[c]__Org1,BI
BI,2pg[c]__Org1,PGM__Org1,BI
BI,PGM__Org1,3pg[c]__Org1,BI
BI,g1p[c]__Org1,PGMT__Org1,BI
BI,PGMT__Org1,g6p[c]__Org1,BI
BI,PGPGT__Org1,prl45tcaglc[c]__Org1,BI
BI,PGPGT__Org1,udp[c]__Org1,BI
BI,PGPGT__Org1,h[c]__Org1,BI
BI,prl45tca[c]__Org1,PGPGT__Org1,BI
BI,udpg[c]__Org1,PGPGT__Org1,BI
BI,PGSA120__Org1,pgp120[c]__Org1,BI
BI,cdpdddecg[c]__Org1,PGSA120__Org1,BI
BI,PGSA120__Org1,cmp[c]__Org1,BI
BI,glyc3p[c]__Org1,PGSA120__Org1,BI
BI,PGSA120__Org1,h[c]__Org1,BI
BI,PGSA140__Org1,pgp140[c]__Org1,BI
BI,cdpdtdecg[c]__Org1,PGSA140__Org1,BI
BI,PGSA140__Org1,cmp[c]__Org1,BI
BI,glyc3p[c]__Org1,PGSA140__Org1,BI
BI,PGSA140__Org1,h[c]__Org1,BI
BI,PGSA141__Org1,pgp141[c]__Org1,BI
BI,cdpdtdec7eg[c]__Org1,PGSA141__Org1,BI
BI,PGSA141__Org1,cmp[c]__Org1,BI
BI,glyc3p[c]__Org1,PGSA141__Org1,BI
BI,PGSA141__Org1,h[c]__Org1,BI
BI,PGSA160__Org1,pgp160[c]__Org1,BI
BI,cdpdhdecg[c]__Org1,PGSA160__Org1,BI
BI,PGSA160__Org1,cmp[c]__Org1,BI
BI,glyc3p[c]__Org1,PGSA160__Org1,BI
BI,PGSA160__Org1,h[c]__Org1,BI
BI,PGSA161__Org1,pgp161[c]__Org1,BI
BI,cdpdhdec9eg[c]__Org1,PGSA161__Org1,BI
BI,PGSA161__Org1,cmp[c]__Org1,BI
BI,glyc3p[c]__Org1,PGSA161__Org1,BI
BI,PGSA161__Org1,h[c]__Org1,BI
BI,PGSA180__Org1,pgp180[c]__Org1,BI
BI,cdpdodecg[c]__Org1,PGSA180__Org1,BI
BI,PGSA180__Org1,cmp[c]__Org1,BI
BI,glyc3p[c]__Org1,PGSA180__Org1,BI
BI,PGSA180__Org1,h[c]__Org1,BI
BI,PGSA181__Org1,pgp181[c]__Org1,BI
BI,cdpdodec11eg[c]__Org1,PGSA181__Org1,BI
BI,PGSA181__Org1,cmp[c]__Org1,BI
BI,glyc3p[c]__Org1,PGSA181__Org1,BI
BI,PGSA181__Org1,h[c]__Org1,BI
BI,PGSAAI15__Org1,pgpai15[c]__Org1,BI
BI,cdpdaipdecg[c]__Org1,PGSAAI15__Org1,BI
BI,PGSAAI15__Org1,cmp[c]__Org1,BI
BI,glyc3p[c]__Org1,PGSAAI15__Org1,BI
BI,PGSAAI15__Org1,h[c]__Org1,BI
BI,PGSAAI17__Org1,pgpai17[c]__Org1,BI
BI,cdpdaihpdecg[c]__Org1,PGSAAI17__Org1,BI
BI,PGSAAI17__Org1,cmp[c]__Org1,BI
BI,glyc3p[c]__Org1,PGSAAI17__Org1,BI
BI,PGSAAI17__Org1,h[c]__Org1,BI
BI,PGSAI14__Org1,pgpi14[c]__Org1,BI
BI,cdpditdecg[c]__Org1,PGSAI14__Org1,BI
BI,PGSAI14__Org1,cmp[c]__Org1,BI
BI,glyc3p[c]__Org1,PGSAI14__Org1,BI
BI,PGSAI14__Org1,h[c]__Org1,BI
BI,PGSAI15__Org1,pgpi15[c]__Org1,BI
BI,cdpdipdecg[c]__Org1,PGSAI15__Org1,BI
BI,PGSAI15__Org1,cmp[c]__Org1,BI
BI,glyc3p[c]__Org1,PGSAI15__Org1,BI
BI,PGSAI15__Org1,h[c]__Org1,BI
BI,PGSAI16__Org1,pgpi16[c]__Org1,BI
BI,cdpdihdecg[c]__Org1,PGSAI16__Org1,BI
BI,PGSAI16__Org1,cmp[c]__Org1,BI
BI,glyc3p[c]__Org1,PGSAI16__Org1,BI
BI,PGSAI16__Org1,h[c]__Org1,BI
BI,PGSAI17__Org1,pgpi17[c]__Org1,BI
BI,cdpdihpdecg[c]__Org1,PGSAI17__Org1,BI
BI,PGSAI17__Org1,cmp[c]__Org1,BI
BI,glyc3p[c]__Org1,PGSAI17__Org1,BI
BI,PGSAI17__Org1,h[c]__Org1,BI
BI,PHETA1__Org1,phpyr[c]__Org1,BI
BI,akg[c]__Org1,PHETA1__Org1,BI
BI,PHETA1__Org1,glu_L[c]__Org1,BI
BI,phe_L[c]__Org1,PHETA1__Org1,BI
BI,PHYCBOXL__Org1,co2[c]__Org1,BI
BI,h[c]__Org1,PHYCBOXL__Org1,BI
BI,PHYCBOXL__Org1,peamn[c]__Org1,BI
BI,phe_L[c]__Org1,PHYCBOXL__Org1,BI
BI,PIabc__Org1,adp[c]__Org1,BI
BI,atp[c]__Org1,PIabc__Org1,BI
BI,h2o[c]__Org1,PIabc__Org1,BI
BI,PIabc__Org1,h[c]__Org1,BI
BI,PIabc__Org1,pi[c]__Org1,BI
BI,pi[e]__Org1,PIabc__Org1,BI
BI,PIt6b__Org1,h[c]__Org1,BI
BI,h[e]__Org1,PIt6b__Org1,BI
BI,PIt6b__Org1,pi[c]__Org1,BI
BI,pi[e]__Org1,PIt6b__Org1,BI
BI,PLPS__Org1,pydx5p[c]__Org1,BI
BI,g3p[c]__Org1,PLPS__Org1,BI
BI,gln_L[c]__Org1,PLPS__Org1,BI
BI,PLPS__Org1,glu_L[c]__Org1,BI
BI,PLPS__Org1,h2o[c]__Org1,BI
BI,PLPS__Org1,h[c]__Org1,BI
BI,PLPS__Org1,pi[c]__Org1,BI
BI,ru5p_D[c]__Org1,PLPS__Org1,BI
BI,PMPK__Org1,2mahmp[c]__Org1,BI
BI,4ampm[c]__Org1,PMPK__Org1,BI
BI,PMPK__Org1,adp[c]__Org1,BI
BI,atp[c]__Org1,PMPK__Org1,BI
BI,PNTK__Org1,4ppan[c]__Org1,BI
BI,pnto_R[c]__Org1,PNTK__Org1,BI
BI,PNTK__Org1,adp[c]__Org1,BI
BI,atp[c]__Org1,PNTK__Org1,BI
BI,PNTK__Org1,h[c]__Org1,BI
BI,PNTOt4__Org1,na1[c]__Org1,BI
BI,na1[e]__Org1,PNTOt4__Org1,BI
BI,PNTOt4__Org1,pnto_R[c]__Org1,BI
BI,pnto_R[e]__Org1,PNTOt4__Org1,BI
BI,h2o[c]__Org1,PPA__Org1,BI
BI,PPA__Org1,h[c]__Org1,BI
BI,PPA__Org1,pi[c]__Org1,BI
BI,ppi[c]__Org1,PPA__Org1,BI
BI,PPAKr__Org1,ppa[c]__Org1,BI
BI,ppap[c]__Org1,PPAKr__Org1,BI
BI,adp[c]__Org1,PPAKr__Org1,BI
BI,PPAKr__Org1,atp[c]__Org1,BI
BI,4ppcys[c]__Org1,PPCDC__Org1,BI
BI,PPCDC__Org1,pan4p[c]__Org1,BI
BI,PPCDC__Org1,co2[c]__Org1,BI
BI,h[c]__Org1,PPCDC__Org1,BI
BI,PPCK__Org1,adp[c]__Org1,BI
BI,atp[c]__Org1,PPCK__Org1,BI
BI,PPCK__Org1,co2[c]__Org1,BI
BI,oaa[c]__Org1,PPCK__Org1,BI
BI,PPCK__Org1,pep[c]__Org1,BI
BI,PPCr__Org1,co2[c]__Org1,BI
BI,PPCr__Org1,h2o[c]__Org1,BI
BI,h[c]__Org1,PPCr__Org1,BI
BI,oaa[c]__Org1,PPCr__Org1,BI
BI,PPCr__Org1,pep[c]__Org1,BI
BI,pi[c]__Org1,PPCr__Org1,BI
BI,ppi[c]__Org1,PPIte__Org1,BI
BI,PPIte__Org1,ppi[e]__Org1,BI
BI,4ppan[c]__Org1,PPNCL3__Org1,BI
BI,PPNCL3__Org1,4ppcys[c]__Org1,BI
BI,PPNCL3__Org1,amp[c]__Org1,BI
BI,atp[c]__Org1,PPNCL3__Org1,BI
BI,cys_L[c]__Org1,PPNCL3__Org1,BI
BI,PPNCL3__Org1,h[c]__Org1,BI
BI,PPNCL3__Org1,ppi[c]__Org1,BI
BI,PPNDH__Org1,co2[c]__Org1,BI
BI,PPNDH__Org1,h2o[c]__Org1,BI
BI,h[c]__Org1,PPNDH__Org1,BI
BI,PPNDH__Org1,phpyr[c]__Org1,BI
BI,pphn[c]__Org1,PPNDH__Org1,BI
BI,PRAGS__Org1,adp[c]__Org1,BI
BI,atp[c]__Org1,PRAGS__Org1,BI
BI,PRAGS__Org1,gar[c]__Org1,BI
BI,gly[c]__Org1,PRAGS__Org1,BI
BI,PRAGS__Org1,h[c]__Org1,BI
BI,PRAGS__Org1,pi[c]__Org1,BI
BI,pram[c]__Org1,PRAGS__Org1,BI
BI,PRAI__Org1,2cpr5p[c]__Org1,BI
BI,pran[c]__Org1,PRAI__Org1,BI
BI,fpram[c]__Org1,PRAIS__Org1,BI
BI,PRAIS__Org1,adp[c]__Org1,BI
BI,PRAIS__Org1,air[c]__Org1,BI
BI,atp[c]__Org1,PRAIS__Org1,BI
BI,PRAIS__Org1,h[c]__Org1,BI
BI,PRAIS__Org1,pi[c]__Org1,BI
BI,prbamp[c]__Org1,PRAMPC__Org1,BI
BI,PRAMPC__Org1,prfp[c]__Org1,BI
BI,h2o[c]__Org1,PRAMPC__Org1,BI
BI,PRASCSi__Org1,25aics[c]__Org1,BI
BI,5aizc[c]__Org1,PRASCSi__Org1,BI
BI,PRASCSi__Org1,adp[c]__Org1,BI
BI,asp_L[c]__Org1,PRASCSi__Org1,BI
BI,atp[c]__Org1,PRASCSi__Org1,BI
BI,PRASCSi__Org1,h[c]__Org1,BI
BI,PRASCSi__Org1,pi[c]__Org1,BI
BI,h2o[c]__Org1,PRATPP__Org1,BI
BI,PRATPP__Org1,h[c]__Org1,BI
BI,PRATPP__Org1,ppi[c]__Org1,BI
BI,PRATPP__Org1,prbamp[c]__Org1,BI
BI,prbatp[c]__Org1,PRATPP__Org1,BI
BI,PRFGS__Org1,adp[c]__Org1,BI
BI,atp[c]__Org1,PRFGS__Org1,BI
BI,fgam[c]__Org1,PRFGS__Org1,BI
BI,PRFGS__Org1,fpram[c]__Org1,BI
BI,gln_L[c]__Org1,PRFGS__Org1,BI
BI,PRFGS__Org1,glu_L[c]__Org1,BI
BI,h2o[c]__Org1,PRFGS__Org1,BI
BI,PRFGS__Org1,h[c]__Org1,BI
BI,PRFGS__Org1,pi[c]__Org1,BI
BI,prfp[c]__Org1,PRMICI__Org1,BI
BI,PRMICI__Org1,prlp[c]__Org1,BI
BI,PRO1x__Org1,1pyr5c[c]__Org1,BI
BI,PRO1x__Org1,h[c]__Org1,BI
BI,nad[c]__Org1,PRO1x__Org1,BI
BI,PRO1x__Org1,nadh[c]__Org1,BI
BI,pro_L[c]__Org1,PRO1x__Org1,BI
BI,PROt4r__Org1,na1[c]__Org1,BI
BI,na1[e]__Org1,PROt4r__Org1,BI
BI,PROt4r__Org1,pro_L[c]__Org1,BI
BI,pro_L[e]__Org1,PROt4r__Org1,BI
BI,r5p[c]__Org1,PRPPS__Org1,BI
BI,PRPPS__Org1,amp[c]__Org1,BI
BI,atp[c]__Org1,PRPPS__Org1,BI
BI,PRPPS__Org1,h[c]__Org1,BI
BI,PRPPS__Org1,prpp[c]__Org1,BI
BI,skm5p[c]__Org1,PSCVT__Org1,BI
BI,PSCVT__Org1,3psme[c]__Org1,BI
BI,pep[c]__Org1,PSCVT__Org1,BI
BI,PSCVT__Org1,pi[c]__Org1,BI
BI,3php[c]__Org1,PSERT__Org1,BI
BI,PSERT__Org1,pser_L[c]__Org1,BI
BI,PSERT__Org1,akg[c]__Org1,BI
BI,glu_L[c]__Org1,PSERT__Org1,BI
BI,h2o[c]__Org1,PSP_L__Org1,BI
BI,PSP_L__Org1,pi[c]__Org1,BI
BI,pser_L[c]__Org1,PSP_L__Org1,BI
BI,PSP_L__Org1,ser_L[c]__Org1,BI
BI,PTA2__Org1,coa[c]__Org1,BI
BI,pi[c]__Org1,PTA2__Org1,BI
BI,PTA2__Org1,ppap[c]__Org1,BI
BI,ppcoa[c]__Org1,PTA2__Org1,BI
BI,accoa[c]__Org1,PTAr__Org1,BI
BI,PTAr__Org1,actp[c]__Org1,BI
BI,PTAr__Org1,coa[c]__Org1,BI
BI,pi[c]__Org1,PTAr__Org1,BI
BI,atp[c]__Org1,PTPAT__Org1,BI
BI,PTPAT__Org1,dpcoa[c]__Org1,BI
BI,h[c]__Org1,PTPAT__Org1,BI
BI,pan4p[c]__Org1,PTPAT__Org1,BI
BI,PTPAT__Org1,ppi[c]__Org1,BI
BI,PYDAMK__Org1,pyam5p[c]__Org1,BI
BI,pydam[c]__Org1,PYDAMK__Org1,BI
BI,PYDAMK__Org1,adp[c]__Org1,BI
BI,atp[c]__Org1,PYDAMK__Org1,BI
BI,PYDAMK__Org1,h[c]__Org1,BI
BI,PYDAMtr__Org1,pydam[c]__Org1,BI
BI,pydam[e]__Org1,PYDAMtr__Org1,BI
BI,pydx[c]__Org1,PYDXK__Org1,BI
BI,PYDXK__Org1,adp[c]__Org1,BI
BI,atp[c]__Org1,PYDXK__Org1,BI
BI,PYDXK__Org1,h[c]__Org1,BI
BI,PYDXK__Org1,pydx5p[c]__Org1,BI
BI,PYDXNK__Org1,pdx5p[c]__Org1,BI
BI,pydxn[c]__Org1,PYDXNK__Org1,BI
BI,PYDXNK__Org1,adp[c]__Org1,BI
BI,atp[c]__Org1,PYDXNK__Org1,BI
BI,PYDXNK__Org1,h[c]__Org1,BI
BI,PYDXNtr__Org1,pydxn[c]__Org1,BI
BI,pydxn[e]__Org1,PYDXNtr__Org1,BI
BI,PYDXtr__Org1,pydx[c]__Org1,BI
BI,pydx[e]__Org1,PYDXtr__Org1,BI
BI,adp[c]__Org1,PYK__Org1,BI
BI,PYK__Org1,atp[c]__Org1,BI
BI,h[c]__Org1,PYK__Org1,BI
BI,pep[c]__Org1,PYK__Org1,BI
BI,PYK__Org1,pyr[c]__Org1,BI
BI,dhap[c]__Org1,QULNS__Org1,BI
BI,QULNS__Org1,h2o[c]__Org1,BI
BI,iasp[c]__Org1,QULNS__Org1,BI
BI,QULNS__Org1,pi[c]__Org1,BI
BI,QULNS__Org1,quln[c]__Org1,BI
BI,RAFFabc__Org1,raffin[c]__Org1,BI
BI,RAFFabc__Org1,adp[c]__Org1,BI
BI,atp[c]__Org1,RAFFabc__Org1,BI
BI,h2o[c]__Org1,RAFFabc__Org1,BI
BI,RAFFabc__Org1,h[c]__Org1,BI
BI,RAFFabc__Org1,pi[c]__Org1,BI
BI,raffin[e]__Org1,RAFFabc__Org1,BI
BI,RAFGH__Org1,gal[c]__Org1,BI
BI,h2o[c]__Org1,RAFGH__Org1,BI
BI,raffin[c]__Org1,RAFGH__Org1,BI
BI,RAFGH__Org1,sucr[c]__Org1,BI
BI,RAFH__Org1,fru[c]__Org1,BI
BI,h2o[c]__Org1,RAFH__Org1,BI
BI,RAFH__Org1,melib[c]__Org1,BI
BI,raffin[c]__Org1,RAFH__Org1,BI
BI,ru5p_L[c]__Org1,RB5PE__Org1,BI
BI,RB5PE__Org1,xu5p_L[c]__Org1,BI
BI,ribflv[c]__Org1,RBFK__Org1,BI
BI,RBFK__Org1,adp[c]__Org1,BI
BI,atp[c]__Org1,RBFK__Org1,BI
BI,RBFK__Org1,fmn[c]__Org1,BI
BI,RBFK__Org1,h[c]__Org1,BI
BI,4r5au[c]__Org1,RBFSa__Org1,BI
BI,RBFSa__Org1,dmlz[c]__Org1,BI
BI,db4p[c]__Org1,RBFSa__Org1,BI
BI,RBFSa__Org1,h2o[c]__Org1,BI
BI,RBFSa__Org1,pi[c]__Org1,BI
BI,RBFSb__Org1,4r5au[c]__Org1,BI
BI,dmlz[c]__Org1,RBFSb__Org1,BI
BI,RBFSb__Org1,ribflv[c]__Org1,BI
BI,RBK__Org1,adp[c]__Org1,BI
BI,atp[c]__Org1,RBK__Org1,BI
BI,RBK__Org1,h[c]__Org1,BI
BI,RBK__Org1,r5p[c]__Org1,BI
BI,rib_D[c]__Org1,RBK__Org1,BI
BI,rbl_D[c]__Org1,RBK_D__Org1,BI
BI,RBK_D__Org1,adp[c]__Org1,BI
BI,atp[c]__Org1,RBK_D__Org1,BI
BI,RBK_D__Org1,h[c]__Org1,BI
BI,RBK_D__Org1,ru5p_D[c]__Org1,BI
BI,rbl_L[c]__Org1,RBK_L1__Org1,BI
BI,RBK_L1__Org1,adp[c]__Org1,BI
BI,atp[c]__Org1,RBK_L1__Org1,BI
BI,RBK_L1__Org1,h[c]__Org1,BI
BI,RBK_L1__Org1,ru5p_L[c]__Org1,BI
BI,RE1944C__Org1,CE5656[c]__Org1,BI
BI,lipoate[c]__Org1,RE1944C__Org1,BI
BI,atp[c]__Org1,RE1944C__Org1,BI
BI,RE1944C__Org1,ppi[c]__Org1,BI
BI,RHCCE__Org1,dhptd[c]__Org1,BI
BI,RHCCE__Org1,hcys_L[c]__Org1,BI
BI,rhcys[c]__Org1,RHCCE__Org1,BI
BI,RIBFLVt2r__Org1,h[c]__Org1,BI
BI,h[e]__Org1,RIBFLVt2r__Org1,BI
BI,RIBFLVt2r__Org1,ribflv[c]__Org1,BI
BI,ribflv[e]__Org1,RIBFLVt2r__Org1,BI
BI,RIBabc__Org1,adp[c]__Org1,BI
BI,atp[c]__Org1,RIBabc__Org1,BI
BI,h2o[c]__Org1,RIBabc__Org1,BI
BI,RIBabc__Org1,h[c]__Org1,BI
BI,RIBabc__Org1,pi[c]__Org1,BI
BI,RIBabc__Org1,rib_D[c]__Org1,BI
BI,rib_D[e]__Org1,RIBabc__Org1,BI
BI,RMNt2__Org1,rmn[c]__Org1,BI
BI,RMNt2__Org1,h[c]__Org1,BI
BI,h[e]__Org1,RMNt2__Org1,BI
BI,rmn[e]__Org1,RMNt2__Org1,BI
BI,adp[c]__Org1,RNDR1__Org1,BI
BI,RNDR1__Org1,dadp[c]__Org1,BI
BI,RNDR1__Org1,h2o[c]__Org1,BI
BI,RNDR1__Org1,trdox[c]__Org1,BI
BI,trdrd[c]__Org1,RNDR1__Org1,BI
BI,RNDR2__Org1,dgdp[c]__Org1,BI
BI,gdp[c]__Org1,RNDR2__Org1,BI
BI,RNDR2__Org1,h2o[c]__Org1,BI
BI,RNDR2__Org1,trdox[c]__Org1,BI
BI,trdrd[c]__Org1,RNDR2__Org1,BI
BI,cdp[c]__Org1,RNDR3__Org1,BI
BI,RNDR3__Org1,dcdp[c]__Org1,BI
BI,RNDR3__Org1,h2o[c]__Org1,BI
BI,RNDR3__Org1,trdox[c]__Org1,BI
BI,trdrd[c]__Org1,RNDR3__Org1,BI
BI,RNDR4__Org1,dudp[c]__Org1,BI
BI,RNDR4__Org1,h2o[c]__Org1,BI
BI,RNDR4__Org1,trdox[c]__Org1,BI
BI,trdrd[c]__Org1,RNDR4__Org1,BI
BI,udp[c]__Org1,RNDR4__Org1,BI
BI,atp[c]__Org1,RNTR1__Org1,BI
BI,RNTR1__Org1,datp[c]__Org1,BI
BI,RNTR1__Org1,h2o[c]__Org1,BI
BI,RNTR1__Org1,trdox[c]__Org1,BI
BI,trdrd[c]__Org1,RNTR1__Org1,BI
BI,RNTR2__Org1,dgtp[c]__Org1,BI
BI,gtp[c]__Org1,RNTR2__Org1,BI
BI,RNTR2__Org1,h2o[c]__Org1,BI
BI,RNTR2__Org1,trdox[c]__Org1,BI
BI,trdrd[c]__Org1,RNTR2__Org1,BI
BI,ctp[c]__Org1,RNTR3__Org1,BI
BI,RNTR3__Org1,dctp[c]__Org1,BI
BI,RNTR3__Org1,h2o[c]__Org1,BI
BI,RNTR3__Org1,trdox[c]__Org1,BI
BI,trdrd[c]__Org1,RNTR3__Org1,BI
BI,RNTR4__Org1,dutp[c]__Org1,BI
BI,RNTR4__Org1,h2o[c]__Org1,BI
BI,RNTR4__Org1,trdox[c]__Org1,BI
BI,trdrd[c]__Org1,RNTR4__Org1,BI
BI,utp[c]__Org1,RNTR4__Org1,BI
BI,RPE__Org1,xu5p_D[c]__Org1,BI
BI,ru5p_D[c]__Org1,RPE__Org1,BI
BI,r5p[c]__Org1,RPI__Org1,BI
BI,RPI__Org1,ru5p_D[c]__Org1,BI
BI,SADT__Org1,aps[c]__Org1,BI
BI,so4[c]__Org1,SADT__Org1,BI
BI,atp[c]__Org1,SADT__Org1,BI
BI,h[c]__Org1,SADT__Org1,BI
BI,SADT__Org1,ppi[c]__Org1,BI
BI,SALCpts__Org1,salc6p[c]__Org1,BI
BI,pep[c]__Org1,SALCpts__Org1,BI
BI,SALCpts__Org1,pyr[c]__Org1,BI
BI,salcn[e]__Org1,SALCpts__Org1,BI
BI,sl26da[c]__Org1,SDPDS__Org1,BI
BI,SDPDS__Org1,26dap_LL[c]__Org1,BI
BI,h2o[c]__Org1,SDPDS__Org1,BI
BI,SDPDS__Org1,succ[c]__Org1,BI
BI,SDPTA__Org1,sl2a6o[c]__Org1,BI
BI,akg[c]__Org1,SDPTA__Org1,BI
BI,SDPTA__Org1,glu_L[c]__Org1,BI
BI,sl26da[c]__Org1,SDPTA__Org1,BI
BI,accoa[c]__Org1,SERATi__Org1,BI
BI,SERATi__Org1,acser[c]__Org1,BI
BI,SERATi__Org1,coa[c]__Org1,BI
BI,ser_L[c]__Org1,SERATi__Org1,BI
BI,dscl[c]__Org1,SHCHD2__Org1,BI
BI,SHCHD2__Org1,scl[c]__Org1,BI
BI,SHCHD2__Org1,h[c]__Org1,BI
BI,nad[c]__Org1,SHCHD2__Org1,BI
BI,SHCHD2__Org1,nadh[c]__Org1,BI
BI,SHK3Dr__Org1,skm[c]__Org1,BI
BI,3dhsk[c]__Org1,SHK3Dr__Org1,BI
BI,h[c]__Org1,SHK3Dr__Org1,BI
BI,SHK3Dr__Org1,nadp[c]__Org1,BI
BI,nadph[c]__Org1,SHK3Dr__Org1,BI
BI,SHKK__Org1,adp[c]__Org1,BI
BI,atp[c]__Org1,SHKK__Org1,BI
BI,SHKK__Org1,h[c]__Org1,BI
BI,SHKK__Org1,skm5p[c]__Org1,BI
BI,skm[c]__Org1,SHKK__Org1,BI
BI,suchms[c]__Org1,SHSL2__Org1,BI
BI,h2s[c]__Org1,SHSL2__Org1,BI
BI,SHSL2__Org1,h[c]__Org1,BI
BI,SHSL2__Org1,hcys_L[c]__Org1,BI
BI,SHSL2__Org1,succ[c]__Org1,BI
BI,SHSL4r__Org1,2obut[c]__Org1,BI
BI,h2o[c]__Org1,SHSL4r__Org1,BI
BI,SHSL4r__Org1,h[c]__Org1,BI
BI,SHSL4r__Org1,nh4[c]__Org1,BI
BI,SHSL4r__Org1,succ[c]__Org1,BI
BI,suchms[c]__Org1,SHSL4r__Org1,BI
BI,SIAASE_OGLYCAN1e__Org1,Tn_antigen[e]__Org1,BI
BI,SIAASE_OGLYCAN1e__Org1,acnam[e]__Org1,BI
BI,h2o[e]__Org1,SIAASE_OGLYCAN1e__Org1,BI
BI,sTn_antigen[e]__Org1,SIAASE_OGLYCAN1e__Org1,BI
BI,SIAASE_OGLYCAN2e__Org1,acnam[e]__Org1,BI
BI,dsT_antigen[e]__Org1,SIAASE_OGLYCAN2e__Org1,BI
BI,h2o[e]__Org1,SIAASE_OGLYCAN2e__Org1,BI
BI,SIAASE_OGLYCAN2e__Org1,sT_antigen[e]__Org1,BI
BI,SIAASE_OGLYCAN3e__Org1,T_antigen[e]__Org1,BI
BI,SIAASE_OGLYCAN3e__Org1,acnam[e]__Org1,BI
BI,h2o[e]__Org1,SIAASE_OGLYCAN3e__Org1,BI
BI,sT_antigen[e]__Org1,SIAASE_OGLYCAN3e__Org1,BI
BI,SO4t2__Org1,h[c]__Org1,BI
BI,h[e]__Org1,SO4t2__Org1,BI
BI,SO4t2__Org1,so4[c]__Org1,BI
BI,so4[e]__Org1,SO4t2__Org1,BI
BI,stys[c]__Org1,STYSGH__Org1,BI
BI,STYSGH__Org1,gal[c]__Org1,BI
BI,h2o[c]__Org1,STYSGH__Org1,BI
BI,STYSGH__Org1,raffin[c]__Org1,BI
BI,STYSabc__Org1,adp[c]__Org1,BI
BI,atp[c]__Org1,STYSabc__Org1,BI
BI,h2o[c]__Org1,STYSabc__Org1,BI
BI,STYSabc__Org1,h[c]__Org1,BI
BI,STYSabc__Org1,pi[c]__Org1,BI
BI,STYSabc__Org1,stys[c]__Org1,BI
BI,stys[e]__Org1,STYSabc__Org1,BI
BI,SUCCt2r__Org1,h[c]__Org1,BI
BI,h[e]__Org1,SUCCt2r__Org1,BI
BI,SUCCt2r__Org1,succ[c]__Org1,BI
BI,succ[e]__Org1,SUCCt2r__Org1,BI
BI,SUCD1__Org1,fadh2[c]__Org1,BI
BI,fad[c]__Org1,SUCD1__Org1,BI
BI,SUCD1__Org1,fum[c]__Org1,BI
BI,succ[c]__Org1,SUCD1__Org1,BI
BI,SUCD4__Org1,fad[c]__Org1,BI
BI,fadh2[c]__Org1,SUCD4__Org1,BI
BI,q8[c]__Org1,SUCD4__Org1,BI
BI,SUCD4__Org1,q8h2[c]__Org1,BI
BI,SUCDi__Org1,fum[c]__Org1,BI
BI,q8[c]__Org1,SUCDi__Org1,BI
BI,SUCDi__Org1,q8h2[c]__Org1,BI
BI,succ[c]__Org1,SUCDi__Org1,BI
BI,SUCDimq__Org1,fum[c]__Org1,BI
BI,SUCDimq__Org1,mql8[c]__Org1,BI
BI,mqn8[c]__Org1,SUCDimq__Org1,BI
BI,succ[c]__Org1,SUCDimq__Org1,BI
BI,SUCOAS__Org1,adp[c]__Org1,BI
BI,atp[c]__Org1,SUCOAS__Org1,BI
BI,coa[c]__Org1,SUCOAS__Org1,BI
BI,SUCOAS__Org1,pi[c]__Org1,BI
BI,succ[c]__Org1,SUCOAS__Org1,BI
BI,SUCOAS__Org1,succoa[c]__Org1,BI
BI,SUCR__Org1,fru[c]__Org1,BI
BI,SUCR__Org1,glc_D[c]__Org1,BI
BI,h2o[c]__Org1,SUCR__Org1,BI
BI,sucr[c]__Org1,SUCR__Org1,BI
BI,SUCRt2__Org1,h[c]__Org1,BI
BI,h[e]__Org1,SUCRt2__Org1,BI
BI,SUCRt2__Org1,sucr[c]__Org1,BI
BI,sucr[e]__Org1,SUCRt2__Org1,BI
BI,SULRi__Org1,h2o[c]__Org1,BI
BI,SULRi__Org1,h2s[c]__Org1,BI
BI,h[c]__Org1,SULRi__Org1,BI
BI,SULRi__Org1,nadp[c]__Org1,BI
BI,nadph[c]__Org1,SULRi__Org1,BI
BI,so3[c]__Org1,SULRi__Org1,BI
BI,s7p[c]__Org1,TALA__Org1,BI
BI,TALA__Org1,e4p[c]__Org1,BI
BI,TALA__Org1,f6p[c]__Org1,BI
BI,g3p[c]__Org1,TALA__Org1,BI
BI,TCDCHOLBHSe__Org1,C02528[e]__Org1,BI
BI,h2o[e]__Org1,TCDCHOLBHSe__Org1,BI
BI,TCDCHOLBHSe__Org1,h[e]__Org1,BI
BI,TCDCHOLBHSe__Org1,taur[e]__Org1,BI
BI,tdchola[e]__Org1,TCDCHOLBHSe__Org1,BI
BI,TCHOLBHSe__Org1,cholate[e]__Org1,BI
BI,h2o[e]__Org1,TCHOLBHSe__Org1,BI
BI,TCHOLBHSe__Org1,h[e]__Org1,BI
BI,TCHOLBHSe__Org1,taur[e]__Org1,BI
BI,tchola[e]__Org1,TCHOLBHSe__Org1,BI
BI,TDCABSHe__Org1,dchac[e]__Org1,BI
BI,h2o[e]__Org1,TDCABSHe__Org1,BI
BI,TDCABSHe__Org1,taur[e]__Org1,BI
BI,tdechola[e]__Org1,TDCABSHe__Org1,BI
BI,TDPGDH__Org1,dtdp4d6dg[c]__Org1,BI
BI,dtdpglu[c]__Org1,TDPGDH__Org1,BI
BI,TDPGDH__Org1,h2o[c]__Org1,BI
BI,TECA4S__Org1,tcam[c]__Org1,BI
BI,udpacgal[c]__Org1,TECA4S__Org1,BI
BI,h2o[c]__Org1,TECA4S__Org1,BI
BI,TECA4S__Org1,udp[c]__Org1,BI
BI,udpg[c]__Org1,TECA4S__Org1,BI
BI,TECA4S__Org1,ump[c]__Org1,BI
BI,myrstca1[c]__Org1,TECA5S140__Org1,BI
BI,TECA5S140__Org1,myrstcaacgam[c]__Org1,BI
BI,TECA5S140__Org1,h[c]__Org1,BI
BI,uacgam[c]__Org1,TECA5S140__Org1,BI
BI,TECA5S140__Org1,udp[c]__Org1,BI
BI,palmtca1[c]__Org1,TECA5S160__Org1,BI
BI,TECA5S160__Org1,palmtcaacgam[c]__Org1,BI
BI,TECA5S160__Org1,h[c]__Org1,BI
BI,uacgam[c]__Org1,TECA5S160__Org1,BI
BI,TECA5S160__Org1,udp[c]__Org1,BI
BI,sttca1[c]__Org1,TECA5S180__Org1,BI
BI,TECA5S180__Org1,sttcaacgam[c]__Org1,BI
BI,TECA5S180__Org1,h[c]__Org1,BI
BI,uacgam[c]__Org1,TECA5S180__Org1,BI
BI,TECA5S180__Org1,udp[c]__Org1,BI
BI,ai15tca1[c]__Org1,TECA5SAI15__Org1,BI
BI,TECA5SAI15__Org1,ai15tcaacgam[c]__Org1,BI
BI,TECA5SAI15__Org1,h[c]__Org1,BI
BI,uacgam[c]__Org1,TECA5SAI15__Org1,BI
BI,TECA5SAI15__Org1,udp[c]__Org1,BI
BI,ai17tca1[c]__Org1,TECA5SAI17__Org1,BI
BI,TECA5SAI17__Org1,ai17tcaacgam[c]__Org1,BI
BI,TECA5SAI17__Org1,h[c]__Org1,BI
BI,uacgam[c]__Org1,TECA5SAI17__Org1,BI
BI,TECA5SAI17__Org1,udp[c]__Org1,BI
BI,i14tca1[c]__Org1,TECA5SI14__Org1,BI
BI,TECA5SI14__Org1,i14tcaacgam[c]__Org1,BI
BI,TECA5SI14__Org1,h[c]__Org1,BI
BI,uacgam[c]__Org1,TECA5SI14__Org1,BI
BI,TECA5SI14__Org1,udp[c]__Org1,BI
BI,i15tca1[c]__Org1,TECA5SI15__Org1,BI
BI,TECA5SI15__Org1,i15tcaacgam[c]__Org1,BI
BI,TECA5SI15__Org1,h[c]__Org1,BI
BI,uacgam[c]__Org1,TECA5SI15__Org1,BI
BI,TECA5SI15__Org1,udp[c]__Org1,BI
BI,i16tca1[c]__Org1,TECA5SI16__Org1,BI
BI,TECA5SI16__Org1,i16tcaacgam[c]__Org1,BI
BI,TECA5SI16__Org1,h[c]__Org1,BI
BI,uacgam[c]__Org1,TECA5SI16__Org1,BI
BI,TECA5SI16__Org1,udp[c]__Org1,BI
BI,i17tca1[c]__Org1,TECA5SI17__Org1,BI
BI,TECA5SI17__Org1,i17tcaacgam[c]__Org1,BI
BI,TECA5SI17__Org1,h[c]__Org1,BI
BI,uacgam[c]__Org1,TECA5SI17__Org1,BI
BI,TECA5SI17__Org1,udp[c]__Org1,BI
BI,TECAAE__Org1,glyc45tcaala_D[c]__Org1,BI
BI,PGPm1[c]__Org1,TECAAE__Org1,BI
BI,prl45tcaala[c]__Org1,TECAAE__Org1,BI
BI,TECAAE__Org1,udcpp[c]__Org1,BI
BI,TECAGE__Org1,glyc45tcaglc[c]__Org1,BI
BI,PGPm1[c]__Org1,TECAGE__Org1,BI
BI,prl45tcaglc[c]__Org1,TECAGE__Org1,BI
BI,TECAGE__Org1,udcpp[c]__Org1,BI
BI,TECAUE__Org1,glyc45tca[c]__Org1,BI
BI,PGPm1[c]__Org1,TECAUE__Org1,BI
BI,prl45tca[c]__Org1,TECAUE__Org1,BI
BI,TECAUE__Org1,udcpp[c]__Org1,BI
BI,TGBPA__Org1,dhap[c]__Org1,BI
BI,TGBPA__Org1,g3p[c]__Org1,BI
BI,tagdp_D[c]__Org1,TGBPA__Org1,BI
BI,nad[c]__Org1,THD1__Org1,BI
BI,THD1__Org1,nadh[c]__Org1,BI
BI,THD1__Org1,nadp[c]__Org1,BI
BI,nadph[c]__Org1,THD1__Org1,BI
BI,THD2__Org1,h[c]__Org1,BI
BI,h[e]__Org1,THD2__Org1,BI
BI,THD2__Org1,nad[c]__Org1,BI
BI,nadh[c]__Org1,THD2__Org1,BI
BI,nadp[c]__Org1,THD2__Org1,BI
BI,THD2__Org1,nadph[c]__Org1,BI
BI,THDPS__Org1,coa[c]__Org1,BI
BI,h2o[c]__Org1,THDPS__Org1,BI
BI,THDPS__Org1,sl2a6o[c]__Org1,BI
BI,succoa[c]__Org1,THDPS__Org1,BI
BI,thdp[c]__Org1,THDPS__Org1,BI
BI,thf[c]__Org1,THFte__Org1,BI
BI,THFte__Org1,thf[e]__Org1,BI
BI,h2o2[c]__Org1,THIORDXi__Org1,BI
BI,THIORDXi__Org1,h2o[c]__Org1,BI
BI,THIORDXi__Org1,trdox[c]__Org1,BI
BI,trdrd[c]__Org1,THIORDXi__Org1,BI
BI,THMP__Org1,thm[c]__Org1,BI
BI,thmmp[c]__Org1,THMP__Org1,BI
BI,h2o[c]__Org1,THMP__Org1,BI
BI,THMP__Org1,pi[c]__Org1,BI
BI,THMabc__Org1,adp[c]__Org1,BI
BI,atp[c]__Org1,THMabc__Org1,BI
BI,h2o[c]__Org1,THMabc__Org1,BI
BI,THMabc__Org1,h[c]__Org1,BI
BI,THMabc__Org1,pi[c]__Org1,BI
BI,THMabc__Org1,thm[c]__Org1,BI
BI,thm[e]__Org1,THMabc__Org1,BI
BI,thm[c]__Org1,THMte__Org1,BI
BI,THMte__Org1,thm[e]__Org1,BI
BI,THRAi__Org1,acald[c]__Org1,BI
BI,THRAi__Org1,gly[c]__Org1,BI
BI,thr_L[c]__Org1,THRAi__Org1,BI
BI,THRD_L__Org1,2obut[c]__Org1,BI
BI,THRD_L__Org1,nh4[c]__Org1,BI
BI,thr_L[c]__Org1,THRD_L__Org1,BI
BI,h2o[c]__Org1,THRS__Org1,BI
BI,phom[c]__Org1,THRS__Org1,BI
BI,THRS__Org1,pi[c]__Org1,BI
BI,THRS__Org1,thr_L[c]__Org1,BI
BI,THZPSN__Org1,4hba[c]__Org1,BI
BI,THZPSN__Org1,4mpetz[c]__Org1,BI
BI,THZPSN__Org1,ala_L[c]__Org1,BI
BI,THZPSN__Org1,amp[c]__Org1,BI
BI,atp[c]__Org1,THZPSN__Org1,BI
BI,THZPSN__Org1,co2[c]__Org1,BI
BI,cys_L[c]__Org1,THZPSN__Org1,BI
BI,dxyl5p[c]__Org1,THZPSN__Org1,BI
BI,THZPSN__Org1,h2o[c]__Org1,BI
BI,THZPSN__Org1,h[c]__Org1,BI
BI,THZPSN__Org1,ppi[c]__Org1,BI
BI,tyr_L[c]__Org1,THZPSN__Org1,BI
BI,TKT1__Org1,g3p[c]__Org1,BI
BI,r5p[c]__Org1,TKT1__Org1,BI
BI,TKT1__Org1,s7p[c]__Org1,BI
BI,xu5p_D[c]__Org1,TKT1__Org1,BI
BI,e4p[c]__Org1,TKT2__Org1,BI
BI,TKT2__Org1,f6p[c]__Org1,BI
BI,TKT2__Org1,g3p[c]__Org1,BI
BI,xu5p_D[c]__Org1,TKT2__Org1,BI
BI,TLCABSHe__Org1,HC02191[e]__Org1,BI
BI,HC02192[e]__Org1,TLCABSHe__Org1,BI
BI,h2o[e]__Org1,TLCABSHe__Org1,BI
BI,TLCABSHe__Org1,taur[e]__Org1,BI
BI,TMDPK__Org1,amp[c]__Org1,BI
BI,atp[c]__Org1,TMDPK__Org1,BI
BI,TMDPK__Org1,h[c]__Org1,BI
BI,thm[c]__Org1,TMDPK__Org1,BI
BI,TMDPK__Org1,thmpp[c]__Org1,BI
BI,TMDS__Org1,dhf[c]__Org1,BI
BI,TMDS__Org1,dtmp[c]__Org1,BI
BI,dump[c]__Org1,TMDS__Org1,BI
BI,mlthf[c]__Org1,TMDS__Org1,BI
BI,TMN__Org1,4ahmmp[c]__Org1,BI
BI,TMN__Org1,4mhetz[c]__Org1,BI
BI,h2o[c]__Org1,TMN__Org1,BI
BI,TMN__Org1,h[c]__Org1,BI
BI,thm[c]__Org1,TMN__Org1,BI
BI,2mahmp[c]__Org1,TMPPP__Org1,BI
BI,4mpetz[c]__Org1,TMPPP__Org1,BI
BI,h[c]__Org1,TMPPP__Org1,BI
BI,TMPPP__Org1,ppi[c]__Org1,BI
BI,TMPPP__Org1,thmmp[c]__Org1,BI
BI,cthzp[c]__Org1,TMPPP_1__Org1,BI
BI,2mahmp[c]__Org1,TMPPP_1__Org1,BI
BI,TMPPP_1__Org1,co2[c]__Org1,BI
BI,h[c]__Org1,TMPPP_1__Org1,BI
BI,TMPPP_1__Org1,ppi[c]__Org1,BI
BI,TMPPP_1__Org1,thmmp[c]__Org1,BI
BI,dhap[c]__Org1,TPI__Org1,BI
BI,TPI__Org1,g3p[c]__Org1,BI
BI,peptmet_L[c]__Org1,TRDOXOX__Org1,BI
BI,TRDOXOX__Org1,peptmetox_L[c]__Org1,BI
BI,h2o[c]__Org1,TRDOXOX__Org1,BI
BI,trdox[c]__Org1,TRDOXOX__Org1,BI
BI,TRDOXOX__Org1,trdrd[c]__Org1,BI
BI,h[c]__Org1,TRDR__Org1,BI
BI,TRDR__Org1,nadp[c]__Org1,BI
BI,nadph[c]__Org1,TRDR__Org1,BI
BI,trdox[c]__Org1,TRDR__Org1,BI
BI,TRDR__Org1,trdrd[c]__Org1,BI
BI,tre[c]__Org1,TREH__Org1,BI
BI,TREH__Org1,glc_D[c]__Org1,BI
BI,h2o[c]__Org1,TREH__Org1,BI
BI,TREabc__Org1,adp[c]__Org1,BI
BI,atp[c]__Org1,TREabc__Org1,BI
BI,h2o[c]__Org1,TREabc__Org1,BI
BI,TREabc__Org1,h[c]__Org1,BI
BI,TREabc__Org1,pi[c]__Org1,BI
BI,TREabc__Org1,tre[c]__Org1,BI
BI,tre[e]__Org1,TREabc__Org1,BI
BI,TRPS1__Org1,trp_L[c]__Org1,BI
BI,3ig3p[c]__Org1,TRPS1__Org1,BI
BI,TRPS1__Org1,g3p[c]__Org1,BI
BI,TRPS1__Org1,h2o[c]__Org1,BI
BI,ser_L[c]__Org1,TRPS1__Org1,BI
BI,indole[c]__Org1,TRPS2__Org1,BI
BI,TRPS2__Org1,h2o[c]__Org1,BI
BI,ser_L[c]__Org1,TRPS2__Org1,BI
BI,TRPS2__Org1,trp_L[c]__Org1,BI
BI,3ig3p[c]__Org1,TRPS3__Org1,BI
BI,TRPS3__Org1,g3p[c]__Org1,BI
BI,TRPS3__Org1,indole[c]__Org1,BI
BI,TYRTA__Org1,34hpp[c]__Org1,BI
BI,akg[c]__Org1,TYRTA__Org1,BI
BI,TYRTA__Org1,glu_L[c]__Org1,BI
BI,tyr_L[c]__Org1,TYRTA__Org1,BI
BI,uamag[c]__Org1,UAAGDS__Org1,BI
BI,UAAGDS__Org1,ugmd[c]__Org1,BI
BI,26dap_M[c]__Org1,UAAGDS__Org1,BI
BI,UAAGDS__Org1,adp[c]__Org1,BI
BI,atp[c]__Org1,UAAGDS__Org1,BI
BI,UAAGDS__Org1,h[c]__Org1,BI
BI,UAAGDS__Org1,pi[c]__Org1,BI
BI,uacmam[c]__Org1,UACMAMAT__Org1,BI
BI,UACMAMAT__Org1,acbdma14gapuc[c]__Org1,BI
BI,UACMAMAT__Org1,h[c]__Org1,BI
BI,UACMAMAT__Org1,udp[c]__Org1,BI
BI,unaga[c]__Org1,UACMAMAT__Org1,BI
BI,uacgam[c]__Org1,UAG2E__Org1,BI
BI,UAG2E__Org1,uacmam[c]__Org1,BI
BI,uacgam[c]__Org1,UAG4E__Org1,BI
BI,UAG4E__Org1,udpacgal[c]__Org1,BI
BI,UAGCVT_r__Org1,uaccg[c]__Org1,BI
BI,pep[c]__Org1,UAGCVT_r__Org1,BI
BI,UAGCVT_r__Org1,pi[c]__Org1,BI
BI,uacgam[c]__Org1,UAGCVT_r__Org1,BI
BI,acgam1p[c]__Org1,UAGDP__Org1,BI
BI,h[c]__Org1,UAGDP__Org1,BI
BI,UAGDP__Org1,ppi[c]__Org1,BI
BI,UAGDP__Org1,uacgam[c]__Org1,BI
BI,utp[c]__Org1,UAGDP__Org1,BI
BI,UAGPT2__Org1,h[c]__Org1,BI
BI,uaGgla[c]__Org1,UAGPT2__Org1,BI
BI,UAGPT2__Org1,uaaGgla[c]__Org1,BI
BI,uacgam[c]__Org1,UAGPT2__Org1,BI
BI,UAGPT2__Org1,udp[c]__Org1,BI
BI,UAGPT3__Org1,h[c]__Org1,BI
BI,UAGPT3__Org1,uaagmda[c]__Org1,BI
BI,uacgam[c]__Org1,UAGPT3__Org1,BI
BI,uagmda[c]__Org1,UAGPT3__Org1,BI
BI,UAGPT3__Org1,udp[c]__Org1,BI
BI,uama[c]__Org1,UAMAGS__Org1,BI
BI,UAMAGS__Org1,adp[c]__Org1,BI
BI,atp[c]__Org1,UAMAGS__Org1,BI
BI,glu_D[c]__Org1,UAMAGS__Org1,BI
BI,UAMAGS__Org1,h[c]__Org1,BI
BI,UAMAGS__Org1,pi[c]__Org1,BI
BI,UAMAGS__Org1,uamag[c]__Org1,BI
BI,uamr[c]__Org1,UAMAS__Org1,BI
BI,UAMAS__Org1,adp[c]__Org1,BI
BI,ala_L[c]__Org1,UAMAS__Org1,BI
BI,atp[c]__Org1,UAMAS__Org1,BI
BI,UAMAS__Org1,h[c]__Org1,BI
BI,UAMAS__Org1,pi[c]__Org1,BI
BI,UAMAS__Org1,uama[c]__Org1,BI
BI,h[c]__Org1,UAPGR__Org1,BI
BI,UAPGR__Org1,nadp[c]__Org1,BI
BI,nadph[c]__Org1,UAPGR__Org1,BI
BI,uaccg[c]__Org1,UAPGR__Org1,BI
BI,UAPGR__Org1,uamr[c]__Org1,BI
BI,h2o[c]__Org1,UDCPDP__Org1,BI
BI,UDCPDP__Org1,h[c]__Org1,BI
BI,UDCPDP__Org1,pi[c]__Org1,BI
BI,udcpdp[c]__Org1,UDCPDP__Org1,BI
BI,UDCPDP__Org1,udcpp[c]__Org1,BI
BI,udpg[c]__Org1,UDPG4E__Org1,BI
BI,UDPG4E__Org1,udpgal[c]__Org1,BI
BI,UDPGALM__Org1,udpgalfur[c]__Org1,BI
BI,udpgal[c]__Org1,UDPGALM__Org1,BI
BI,UDPGDr__Org1,udpglcur[c]__Org1,BI
BI,h2o[c]__Org1,UDPGDr__Org1,BI
BI,UDPGDr__Org1,h[c]__Org1,BI
BI,nad[c]__Org1,UDPGDr__Org1,BI
BI,UDPGDr__Org1,nadh[c]__Org1,BI
BI,udpg[c]__Org1,UDPGDr__Org1,BI
BI,UGLT__Org1,g1p[c]__Org1,BI
BI,gal1p[c]__Org1,UGLT__Org1,BI
BI,udpg[c]__Org1,UGLT__Org1,BI
BI,UGLT__Org1,udpgal[c]__Org1,BI
BI,UGMDDS__Org1,adp[c]__Org1,BI
BI,alaala[c]__Org1,UGMDDS__Org1,BI
BI,atp[c]__Org1,UGMDDS__Org1,BI
BI,UGMDDS__Org1,h[c]__Org1,BI
BI,UGMDDS__Org1,pi[c]__Org1,BI
BI,ugmd[c]__Org1,UGMDDS__Org1,BI
BI,UGMDDS__Org1,ugmda[c]__Org1,BI
BI,UMPK__Org1,adp[c]__Org1,BI
BI,atp[c]__Org1,UMPK__Org1,BI
BI,UMPK__Org1,udp[c]__Org1,BI
BI,ump[c]__Org1,UMPK__Org1,BI
BI,up4g[c]__Org1,UP4GH__Org1,BI
BI,h2o[c]__Org1,UP4GH__Org1,BI
BI,UP4GH__Org1,h[c]__Org1,BI
BI,UP4GH__Org1,ump[c]__Org1,BI
BI,UP4GH__Org1,utp[c]__Org1,BI
BI,ura[c]__Org1,UPPRT__Org1,BI
BI,UPPRT__Org1,ppi[c]__Org1,BI
BI,prpp[c]__Org1,UPPRT__Org1,BI
BI,UPPRT__Org1,ump[c]__Org1,BI
BI,URAt2__Org1,h[c]__Org1,BI
BI,h[e]__Org1,URAt2__Org1,BI
BI,URAt2__Org1,ura[c]__Org1,BI
BI,ura[e]__Org1,URAt2__Org1,BI
BI,urea[c]__Org1,UREA__Org1,BI
BI,UREA__Org1,co2[c]__Org1,BI
BI,h2o[c]__Org1,UREA__Org1,BI
BI,h[c]__Org1,UREA__Org1,BI
BI,UREA__Org1,nh4[c]__Org1,BI
BI,UREAt__Org1,urea[c]__Org1,BI
BI,urea[e]__Org1,UREAt__Org1,BI
BI,URIDK3__Org1,adp[c]__Org1,BI
BI,atp[c]__Org1,URIDK3__Org1,BI
BI,URIDK3__Org1,dudp[c]__Org1,BI
BI,dump[c]__Org1,URIDK3__Org1,BI
BI,UTPATPT__Org1,adp[c]__Org1,BI
BI,amp[c]__Org1,UTPATPT__Org1,BI
BI,UTPATPT__Org1,udp[c]__Org1,BI
BI,utp[c]__Org1,UTPATPT__Org1,BI
BI,val_L[c]__Org1,VALTA__Org1,BI
BI,VALTA__Org1,3mob[c]__Org1,BI
BI,akg[c]__Org1,VALTA__Org1,BI
BI,VALTA__Org1,glu_L[c]__Org1,BI
BI,VALabc__Org1,adp[c]__Org1,BI
BI,atp[c]__Org1,VALabc__Org1,BI
BI,h2o[c]__Org1,VALabc__Org1,BI
BI,VALabc__Org1,h[c]__Org1,BI
BI,VALabc__Org1,pi[c]__Org1,BI
BI,VALabc__Org1,val_L[c]__Org1,BI
BI,val_L[e]__Org1,VALabc__Org1,BI
BI,VALt2r__Org1,h[c]__Org1,BI
BI,h[e]__Org1,VALt2r__Org1,BI
BI,VALt2r__Org1,val_L[c]__Org1,BI
BI,val_L[e]__Org1,VALt2r__Org1,BI
BI,XANt2r__Org1,xan[c]__Org1,BI
BI,XANt2r__Org1,h[c]__Org1,BI
BI,h[e]__Org1,XANt2r__Org1,BI
BI,xan[e]__Org1,XANt2r__Org1,BI
BI,XPPT__Org1,ppi[c]__Org1,BI
BI,prpp[c]__Org1,XPPT__Org1,BI
BI,xan[c]__Org1,XPPT__Org1,BI
BI,XPPT__Org1,xmp[c]__Org1,BI
BI,h2o[c]__Org1,XTSNH__Org1,BI
BI,XTSNH__Org1,rib_D[c]__Org1,BI
BI,XTSNH__Org1,xan[c]__Org1,BI
BI,xtsn[c]__Org1,XTSNH__Org1,BI
BI,XU5PG3PL__Org1,actp[c]__Org1,BI
BI,XU5PG3PL__Org1,g3p[c]__Org1,BI
BI,XU5PG3PL__Org1,h2o[c]__Org1,BI
BI,pi[c]__Org1,XU5PG3PL__Org1,BI
BI,xu5p_D[c]__Org1,XU5PG3PL__Org1,BI
BI,xyl_D[c]__Org1,XYLI1__Org1,BI
BI,XYLI1__Org1,xylu_D[c]__Org1,BI
BI,XYLK__Org1,adp[c]__Org1,BI
BI,atp[c]__Org1,XYLK__Org1,BI
BI,XYLK__Org1,h[c]__Org1,BI
BI,XYLK__Org1,xu5p_D[c]__Org1,BI
BI,xylu_D[c]__Org1,XYLK__Org1,BI
BI,xylottr[c]__Org1,XYLOTTR_DEG__Org1,BI
BI,h2o[c]__Org1,XYLOTTR_DEG__Org1,BI
BI,XYLOTTR_DEG__Org1,xyl_D[c]__Org1,BI
BI,XYLOTTRabc__Org1,adp[c]__Org1,BI
BI,atp[c]__Org1,XYLOTTRabc__Org1,BI
BI,h2o[c]__Org1,XYLOTTRabc__Org1,BI
BI,XYLOTTRabc__Org1,h[c]__Org1,BI
BI,XYLOTTRabc__Org1,pi[c]__Org1,BI
BI,XYLOTTRabc__Org1,xylottr[c]__Org1,BI
BI,xylottr[e]__Org1,XYLOTTRabc__Org1,BI
BI,XYLabc__Org1,adp[c]__Org1,BI
BI,atp[c]__Org1,XYLabc__Org1,BI
BI,h2o[c]__Org1,XYLabc__Org1,BI
BI,XYLabc__Org1,h[c]__Org1,BI
BI,XYLabc__Org1,pi[c]__Org1,BI
BI,XYLabc__Org1,xyl_D[c]__Org1,BI
BI,xyl_D[e]__Org1,XYLabc__Org1,BI
BI,XYLt__Org1,xyl_D[c]__Org1,BI
BI,xyl_D[e]__Org1,XYLt__Org1,BI
BI,YUMPS__Org1,psd5p[c]__Org1,BI
BI,YUMPS__Org1,h2o[c]__Org1,BI
BI,r5p[c]__Org1,YUMPS__Org1,BI
BI,ura[c]__Org1,YUMPS__Org1,BI
BI,ZNabc__Org1,zn2[c]__Org1,BI
BI,ZNabc__Org1,adp[c]__Org1,BI
BI,atp[c]__Org1,ZNabc__Org1,BI
BI,h2o[c]__Org1,ZNabc__Org1,BI
BI,ZNabc__Org1,h[c]__Org1,BI
BI,ZNabc__Org1,pi[c]__Org1,BI
BI,zn2[e]__Org1,ZNabc__Org1,BI
BI,dreplication__Org1,dnarep[c]__Org1,BI
BI,pbiosynthesis__Org1,proteinsynth[c]__Org1,BI
BI,r0060__Org1,nh4[c]__Org1,BI
BI,r0060__Org1,pyr[c]__Org1,BI
BI,ser_L[c]__Org1,r0060__Org1,BI
BI,HC01434[c]__Org1,r0082__Org1,BI
BI,r0082__Org1,akg[c]__Org1,BI
BI,r0082__Org1,co2[c]__Org1,BI
BI,h[c]__Org1,r0082__Org1,BI
BI,r0120__Org1,HC01651[c]__Org1,BI
BI,gtp[c]__Org1,r0120__Org1,BI
BI,h2o[c]__Org1,r0120__Org1,BI
BI,r0163c__Org1,HC01435[c]__Org1,BI
BI,akg[c]__Org1,r0163c__Org1,BI
BI,r0163c__Org1,co2[c]__Org1,BI
BI,h[c]__Org1,r0163c__Org1,BI
BI,thmpp[c]__Org1,r0163c__Org1,BI
BI,r0339__Org1,3pg[c]__Org1,BI
BI,r0339__Org1,adp[c]__Org1,BI
BI,atp[c]__Org1,r0339__Org1,BI
BI,glyc_R[c]__Org1,r0339__Org1,BI
BI,r0339__Org1,h[c]__Org1,BI
BI,r0345__Org1,adp[c]__Org1,BI
BI,atp[c]__Org1,r0345__Org1,BI
BI,r0345__Org1,dadp[c]__Org1,BI
BI,damp[c]__Org1,r0345__Org1,BI
BI,r0422__Org1,HC01434[c]__Org1,BI
BI,r0422__Org1,h[c]__Org1,BI
BI,icit[c]__Org1,r0422__Org1,BI
BI,nadp[c]__Org1,r0422__Org1,BI
BI,r0422__Org1,nadph[c]__Org1,BI
BI,r0556ci__Org1,HC00695[c]__Org1,BI
BI,r0556ci__Org1,coa[c]__Org1,BI
BI,dhlam[c]__Org1,r0556ci__Org1,BI
BI,succoa[c]__Org1,r0556ci__Org1,BI
BI,ptth[c]__Org1,r0578__Org1,BI
BI,r0578__Org1,adp[c]__Org1,BI
BI,atp[c]__Org1,r0578__Org1,BI
BI,r0578__Org1,h[c]__Org1,BI
BI,r0578__Org1,pan4p[c]__Org1,BI
BI,4ppan[c]__Org1,r0671__Org1,BI
BI,r0671__Org1,4ppcys[c]__Org1,BI
BI,r0671__Org1,cmp[c]__Org1,BI
BI,ctp[c]__Org1,r0671__Org1,BI
BI,cys_L[c]__Org1,r0671__Org1,BI
BI,r0671__Org1,h[c]__Org1,BI
BI,r0671__Org1,ppi[c]__Org1,BI
BI,r0708__Org1,HC01710[c]__Org1,BI
BI,ahdt[c]__Org1,r0708__Org1,BI
BI,h2o[c]__Org1,r0708__Org1,BI
BI,r0775__Org1,HC01652[c]__Org1,BI
BI,HC01651[c]__Org1,r0775__Org1,BI
BI,r0775__Org1,for[c]__Org1,BI
BI,h2o[c]__Org1,r0775__Org1,BI
BI,r0775__Org1,h[c]__Org1,BI
BI,HC01652[c]__Org1,r0777__Org1,BI
BI,r0777__Org1,HC01710[c]__Org1,BI
BI,r2137__Org1,cl[c]__Org1,BI
BI,cl[e]__Org1,r2137__Org1,BI
BI,rtranscription__Org1,rnatrans[c]__Org1,BI
BI,PGPm1[c]__Org1,sink_PGPm1[c]__Org1,BI
BI,dmbzid[c]__Org1,sink_dmbzid__Org1,BI
BI,thissh[c]__Org1,sink_thissh[c]__Org1,BI
BI,tDHNA__Org1,dhna[c]__Org1,BI
BI,dhna[e]__Org1,tDHNA__Org1,BI
BI,ACP[c]__Org1,biomass525__Org1,BI
BI,PGP[c]__Org1,biomass525__Org1,BI
BI,biomass525__Org1,PGPm1[c]__Org1,BI
BI,biomass525__Org1,adp[c]__Org1,BI
BI,ala_L[c]__Org1,biomass525__Org1,BI
BI,amet[c]__Org1,biomass525__Org1,BI
BI,biomass525__Org1,apoACP[c]__Org1,BI
BI,arg_L[c]__Org1,biomass525__Org1,BI
BI,asn_L[c]__Org1,biomass525__Org1,BI
BI,asp_L[c]__Org1,biomass525__Org1,BI
BI,atp[c]__Org1,biomass525__Org1,BI
BI,biomass525__Org1,biomass[c]__Org1,BI
BI,ca2[c]__Org1,biomass525__Org1,BI
BI,cl[c]__Org1,biomass525__Org1,BI
BI,coa[c]__Org1,biomass525__Org1,BI
BI,cobalt2[c]__Org1,biomass525__Org1,BI
BI,ctp[c]__Org1,biomass525__Org1,BI
BI,cu2[c]__Org1,biomass525__Org1,BI
BI,cys_L[c]__Org1,biomass525__Org1,BI
BI,datp[c]__Org1,biomass525__Org1,BI
BI,dctp[c]__Org1,biomass525__Org1,BI
BI,dgtp[c]__Org1,biomass525__Org1,BI
BI,dnarep[c]__Org1,biomass525__Org1,BI
BI,dttp[c]__Org1,biomass525__Org1,BI
BI,fad[c]__Org1,biomass525__Org1,BI
BI,fe2[c]__Org1,biomass525__Org1,BI
BI,fe3[c]__Org1,biomass525__Org1,BI
BI,gln_L[c]__Org1,biomass525__Org1,BI
BI,glu_L[c]__Org1,biomass525__Org1,BI
BI,gly[c]__Org1,biomass525__Org1,BI
BI,glyc45tca[c]__Org1,biomass525__Org1,BI
BI,glyc45tcaala_D[c]__Org1,biomass525__Org1,BI
BI,glyc45tcaglc[c]__Org1,biomass525__Org1,BI
BI,gtp[c]__Org1,biomass525__Org1,BI
BI,h2o[c]__Org1,biomass525__Org1,BI
BI,biomass525__Org1,h[c]__Org1,BI
BI,his_L[c]__Org1,biomass525__Org1,BI
BI,ile_L[c]__Org1,biomass525__Org1,BI
BI,k[c]__Org1,biomass525__Org1,BI
BI,leu_L[c]__Org1,biomass525__Org1,BI
BI,lys_L[c]__Org1,biomass525__Org1,BI
BI,met_L[c]__Org1,biomass525__Org1,BI
BI,mg2[c]__Org1,biomass525__Org1,BI
BI,mn2[c]__Org1,biomass525__Org1,BI
BI,nad[c]__Org1,biomass525__Org1,BI
BI,nadp[c]__Org1,biomass525__Org1,BI
BI,phe_L[c]__Org1,biomass525__Org1,BI
BI,biomass525__Org1,pi[c]__Org1,BI
BI,biomass525__Org1,ppi[c]__Org1,BI
BI,pro_L[c]__Org1,biomass525__Org1,BI
BI,proteinsynth[c]__Org1,biomass525__Org1,BI
BI,pydx5p[c]__Org1,biomass525__Org1,BI
BI,ribflv[c]__Org1,biomass525__Org1,BI
BI,rnatrans[c]__Org1,biomass525__Org1,BI
BI,ser_L[c]__Org1,biomass525__Org1,BI
BI,so4[c]__Org1,biomass525__Org1,BI
BI,tcam[c]__Org1,biomass525__Org1,BI
BI,thr_L[c]__Org1,biomass525__Org1,BI
BI,trp_L[c]__Org1,biomass525__Org1,BI
BI,tyr_L[c]__Org1,biomass525__Org1,BI
BI,udcpdp[c]__Org1,biomass525__Org1,BI
BI,udpglcur[c]__Org1,biomass525__Org1,BI
BI,utp[c]__Org1,biomass525__Org1,BI
BI,val_L[c]__Org1,biomass525__Org1,BI
BI,zn2[c]__Org1,biomass525__Org1,BI
m,12ppd_S_m,EX_12ppd_S_m,m
m,4abut_m,EX_4abut_m,m
m,4abz_m,EX_4abz_m,m
m,4ahmmp_m,EX_4ahmmp_m,m
m,5mthf_m,EX_5mthf_m,m
m,C02528_m,EX_C02528_m,m
m,HC02191_m,EX_HC02191_m,m
m,HC02192_m,EX_HC02192_m,m
m,HC02193_m,EX_HC02193_m,m
m,M01989_m,EX_M01989_m,m
m,M03134_m,EX_M03134_m,m
m,Ser_Thr_m,EX_Ser_Thr_m,m
m,T_antigen_m,EX_T_antigen_m,m
m,Tn_antigen_m,EX_Tn_antigen_m,m
m,ac_m,EX_ac_m,m
m,acald_m,EX_acald_m,m
m,acgal_m,EX_acgal_m,m
m,acgam_m,EX_acgam_m,m
m,acnam_m,EX_acnam_m,m
m,adocbl_m,EX_adocbl_m,m
m,alaasp_m,EX_alaasp_m,m
m,alagln_m,EX_alagln_m,m
m,alaglu_m,EX_alaglu_m,m
m,alagly_m,EX_alagly_m,m
m,alahis_m,EX_alahis_m,m
m,alaleu_m,EX_alaleu_m,m
m,alathr_m,EX_alathr_m,m
m,arab_L_m,EX_arab_L_m,m
m,arabinogal_m,EX_arabinogal_m,m
m,arabttr_m,EX_arabttr_m,m
m,arbt_m,EX_arbt_m,m
m,asn_L_m,EX_asn_L_m,m
m,btn_m,EX_btn_m,m
m,butam_m,EX_butam_m,m
m,ca2_m,EX_ca2_m,m
m,cbl1_m,EX_cbl1_m,m
m,cd2_m,EX_cd2_m,m
m,cgly_m,EX_cgly_m,m
m,cholate_m,EX_cholate_m,m
m,cl_m,EX_cl_m,m
m,co2_m,EX_co2_m,m
m,cobalt2_m,EX_cobalt2_m,m
m,core2_m,EX_core2_m,m
m,core3_m,EX_core3_m,m
m,core4_m,EX_core4_m,m
m,core5_m,EX_core5_m,m
m,core6_m,EX_core6_m,m
m,core7_m,EX_core7_m,m
m,core8_m,EX_core8_m,m
m,cu2_m,EX_cu2_m,m
m,dchac_m,EX_dchac_m,m
m,dextrin_m,EX_dextrin_m,m
m,dgchol_m,EX_dgchol_m,m
m,dhna_m,EX_dhna_m,m
m,dma_m,EX_dma_m,m
m,dsT_antigen_m,EX_dsT_antigen_m,m
m,etoh_m,EX_etoh_m,m
m,f1a_m,EX_f1a_m,m
m,fe2_m,EX_fe2_m,m
m,fe3_m,EX_fe3_m,m
m,fol_m,EX_fol_m,m
m,for_m,EX_for_m,m
m,fru_m,EX_fru_m,m
m,fuc_L_m,EX_fuc_L_m,m
m,fum_m,EX_fum_m,m
m,gal_m,EX_gal_m,m
m,galam_m,EX_galam_m,m
m,gchola_m,EX_gchola_m,m
m,glc_D_m,EX_glc_D_m,m
m,glcur_m,EX_glcur_m,m
m,gly_m,EX_gly_m,m
m,glyasn_m,EX_glyasn_m,m
m,glyasp_m,EX_glyasp_m,m
m,glyc_m,EX_glyc_m,m
m,glyc3p_m,EX_glyc3p_m,m
m,glycys_m,EX_glycys_m,m
m,glygln_m,EX_glygln_m,m
m,glyglu_m,EX_glyglu_m,m
m,glyleu_m,EX_glyleu_m,m
m,glymet_m,EX_glymet_m,m
m,glyphe_m,EX_glyphe_m,m
m,glypro_m,EX_glypro_m,m
m,glytyr_m,EX_glytyr_m,m
m,gncore1_m,EX_gncore1_m,m
m,gncore2_m,EX_gncore2_m,m
m,h_m,EX_h_m,m
m,h2o_m,EX_h2o_m,m
m,hg2_m,EX_hg2_m,m
m,his_L_m,EX_his_L_m,m
m,hxan_m,EX_hxan_m,m
m,ile_L_m,EX_ile_L_m,m
m,inulin_m,EX_inulin_m,m
m,isomal_m,EX_isomal_m,m
m,k_m,EX_k_m,m
m,kesto_m,EX_kesto_m,m
m,kestopt_m,EX_kestopt_m,m
m,kestottr_m,EX_kestottr_m,m
m,lac_L_m,EX_lac_L_m,m
m,lactl_m,EX_lactl_m,m
m,lcts_m,EX_lcts_m,m
m,leu_L_m,EX_leu_L_m,m
m,malt_m,EX_malt_m,m
m,malthx_m,EX_malthx_m,m
m,malttr_m,EX_malttr_m,m
m,man_m,EX_man_m,m
m,mantr_m,EX_mantr_m,m
m,melib_m,EX_melib_m,m
m,met_D_m,EX_met_D_m,m
m,met_L_m,EX_met_L_m,m
m,metala_m,EX_metala_m,m
m,metsox_S_L_m,EX_metsox_S_L_m,m
m,mg2_m,EX_mg2_m,m
m,mn2_m,EX_mn2_m,m
m,mnl_m,EX_mnl_m,m
m,mqn7_m,EX_mqn7_m,m
m,mqn8_m,EX_mqn8_m,m
m,na1_m,EX_na1_m,m
m,nac_m,EX_nac_m,m
m,nh4_m,EX_nh4_m,m
m,ni2_m,EX_ni2_m,m
m,norval_L_m,EX_norval_L_m,m
m,o2_m,EX_o2_m,m
m,oxa_m,EX_oxa_m,m
m,pb_m,EX_pb_m,m
m,peamn_m,EX_peamn_m,m
m,phe_L_m,EX_phe_L_m,m
m,pi_m,EX_pi_m,m
m,pnto_R_m,EX_pnto_R_m,m
m,ppi_m,EX_ppi_m,m
m,pro_L_m,EX_pro_L_m,m
m,pydam_m,EX_pydam_m,m
m,pydx_m,EX_pydx_m,m
m,pydxn_m,EX_pydxn_m,m
m,r406_m,EX_r406_m,m
m,r788_m,EX_r788_m,m
m,raffin_m,EX_raffin_m,m
m,rib_D_m,EX_rib_D_m,m
m,ribflv_m,EX_ribflv_m,m
m,rmn_m,EX_rmn_m,m
m,sT_antigen_m,EX_sT_antigen_m,m
m,sTn_antigen_m,EX_sTn_antigen_m,m
m,salcn_m,EX_salcn_m,m
m,so4_m,EX_so4_m,m
m,stys_m,EX_stys_m,m
m,succ_m,EX_succ_m,m
m,sucr_m,EX_sucr_m,m
m,taur_m,EX_taur_m,m
m,tchola_m,EX_tchola_m,m
m,tdchola_m,EX_tdchola_m,m
m,tdechola_m,EX_tdechola_m,m
m,thf_m,EX_thf_m,m
m,thm_m,EX_thm_m,m
m,tre_m,EX_tre_m,m
m,trp_L_m,EX_trp_L_m,m
m,tyr_L_m,EX_tyr_L_m,m
m,ura_m,EX_ura_m,m
m,urea_m,EX_urea_m,m
m,val_L_m,EX_val_L_m,m
m,xan_m,EX_xan_m,m
m,xyl_D_m,EX_xyl_D_m,m
m,xylottr_m,EX_xylottr_m,m
m,zn2_m,EX_zn2_m,m
AH,12ppd_S[c]__Org2,12PPDSDH__Org2,AH
AH,12PPDSDH__Org2,h2o[c]__Org2,AH
AH,12PPDSDH__Org2,ppal[c]__Org2,AH
AH,12ppd_S[e]__Org2,12PPDt__Org2,AH
AH,12PPDt__Org2,12ppd_S[c]__Org2,AH
AH,12aHSDHe__Org2,12dhchol[e]__Org2,AH
AH,cholate[e]__Org2,12aHSDHe__Org2,AH
AH,12aHSDHe__Org2,h[c]__Org2,AH
AH,nad[c]__Org2,12aHSDHe__Org2,AH
AH,12aHSDHe__Org2,nadh[c]__Org2,AH
AH,23dhmp[c]__Org2,23DHMPO__Org2,AH
AH,23DHMPO__Org2,3h3mop[c]__Org2,AH
AH,nadp[c]__Org2,23DHMPO__Org2,AH
AH,23DHMPO__Org2,nadph[c]__Org2,AH
AH,23DHMPO__Org2,h[c]__Org2,AH
AH,26dap_LL[c]__Org2,26DAPLLAT__Org2,AH
AH,akg[c]__Org2,26DAPLLAT__Org2,AH
AH,26DAPLLAT__Org2,glu_L[c]__Org2,AH
AH,26DAPLLAT__Org2,thdp[c]__Org2,AH
AH,26DAPLLAT__Org2,h2o[c]__Org2,AH
AH,26DAPLLAT__Org2,h[c]__Org2,AH
AH,2ahbut[c]__Org2,2AHBUTI__Org2,AH
AH,2AHBUTI__Org2,3h3mop[c]__Org2,AH
AH,amet[c]__Org2,2IMZS__Org2,AH
AH,2IMZS__Org2,dad_5[c]__Org2,AH
AH,2IMZS__Org2,imogly[c]__Org2,AH
AH,2IMZS__Org2,met_L[c]__Org2,AH
AH,2IMZS__Org2,pcresol[c]__Org2,AH
AH,tyr_L[c]__Org2,2IMZS__Org2,AH
AH,2IMZS__Org2,h[c]__Org2,AH
AH,2IMZS__Org2,nadp[c]__Org2,AH
AH,nadph[c]__Org2,2IMZS__Org2,AH
AH,2mbcoa[c]__Org2,2MBCOATA__Org2,AH
AH,2MBCOATA__Org2,2mbutACP[c]__Org2,AH
AH,ACP[c]__Org2,2MBCOATA__Org2,AH
AH,2MBCOATA__Org2,coa[c]__Org2,AH
AH,3hdecACP[c]__Org2,3HAD100__Org2,AH
AH,3HAD100__Org2,tdec2eACP[c]__Org2,AH
AH,3HAD100__Org2,h2o[c]__Org2,AH
AH,10m3hundecACP[c]__Org2,3HAD10M11__Org2,AH
AH,3HAD10M11__Org2,10mtundec2eACP[c]__Org2,AH
AH,3HAD10M11__Org2,h2o[c]__Org2,AH
AH,10m3hddcaACP[c]__Org2,3HAD10M12__Org2,AH
AH,3HAD10M12__Org2,10mtddec2eACP[c]__Org2,AH
AH,3HAD10M12__Org2,h2o[c]__Org2,AH
AH,11m3hddcaACP[c]__Org2,3HAD11M12__Org2,AH
AH,3HAD11M12__Org2,11mtddec2eACP[c]__Org2,AH
AH,3HAD11M12__Org2,h2o[c]__Org2,AH
AH,3hddecACP[c]__Org2,3HAD120__Org2,AH
AH,3HAD120__Org2,tddec2eACP[c]__Org2,AH
AH,3HAD120__Org2,h2o[c]__Org2,AH
AH,12m3htridecACP[c]__Org2,3HAD12M13__Org2,AH
AH,3HAD12M13__Org2,12mttritec2eACP[c]__Org2,AH
AH,3HAD12M13__Org2,h2o[c]__Org2,AH
AH,12m3hmyrsACP[c]__Org2,3HAD12M14__Org2,AH
AH,3HAD12M14__Org2,12mtmrs2eACP[c]__Org2,AH
AH,3HAD12M14__Org2,h2o[c]__Org2,AH
AH,13m3hmyrsACP[c]__Org2,3HAD13M14__Org2,AH
AH,3HAD13M14__Org2,13mtmrs2eACP[c]__Org2,AH
AH,3HAD13M14__Org2,h2o[c]__Org2,AH
AH,3hmrsACP[c]__Org2,3HAD140__Org2,AH
AH,3HAD140__Org2,tmrs2eACP[c]__Org2,AH
AH,3HAD140__Org2,h2o[c]__Org2,AH
AH,14m3hpentdecACP[c]__Org2,3HAD14M15__Org2,AH
AH,3HAD14M15__Org2,14mtpentdec2eACP[c]__Org2,AH
AH,3HAD14M15__Org2,h2o[c]__Org2,AH
AH,14m3hpalmACP[c]__Org2,3HAD14M16__Org2,AH
AH,3HAD14M16__Org2,14mtpalm2eACP[c]__Org2,AH
AH,3HAD14M16__Org2,h2o[c]__Org2,AH
AH,15m3hpalmACP[c]__Org2,3HAD15M16__Org2,AH
AH,3HAD15M16__Org2,15mtpalm2eACP[c]__Org2,AH
AH,3HAD15M16__Org2,h2o[c]__Org2,AH
AH,3hpalmACP[c]__Org2,3HAD160__Org2,AH
AH,3HAD160__Org2,tpalm2eACP[c]__Org2,AH
AH,3HAD160__Org2,h2o[c]__Org2,AH
AH,3hoctaACP[c]__Org2,3HAD180__Org2,AH
AH,3HAD180__Org2,toctd2eACP[c]__Org2,AH
AH,3HAD180__Org2,h2o[c]__Org2,AH
AH,3haACP[c]__Org2,3HAD40__Org2,AH
AH,3HAD40__Org2,but2eACP[c]__Org2,AH
AH,3HAD40__Org2,h2o[c]__Org2,AH
AH,4m3hpentACP[c]__Org2,3HAD4M5__Org2,AH
AH,3HAD4M5__Org2,4mtpent2eACP[c]__Org2,AH
AH,3HAD4M5__Org2,h2o[c]__Org2,AH
AH,4m3hhexACP[c]__Org2,3HAD4M6__Org2,AH
AH,3HAD4M6__Org2,4mthex2eACP[c]__Org2,AH
AH,3HAD4M6__Org2,h2o[c]__Org2,AH
AH,5m3hhexACP[c]__Org2,3HAD5M6__Org2,AH
AH,3HAD5M6__Org2,5mthex2eACP[c]__Org2,AH
AH,3HAD5M6__Org2,h2o[c]__Org2,AH
AH,3hhexACP[c]__Org2,3HAD60__Org2,AH
AH,3HAD60__Org2,thex2eACP[c]__Org2,AH
AH,3HAD60__Org2,h2o[c]__Org2,AH
AH,6m3hheptACP[c]__Org2,3HAD6M7__Org2,AH
AH,3HAD6M7__Org2,6mthept2eACP[c]__Org2,AH
AH,3HAD6M7__Org2,h2o[c]__Org2,AH
AH,6m3hocACP[c]__Org2,3HAD6M8__Org2,AH
AH,3HAD6M8__Org2,6mtoct2eACP[c]__Org2,AH
AH,3HAD6M8__Org2,h2o[c]__Org2,AH
AH,7m3hocACP[c]__Org2,3HAD7M8__Org2,AH
AH,3HAD7M8__Org2,7mtoct2eACP[c]__Org2,AH
AH,3HAD7M8__Org2,h2o[c]__Org2,AH
AH,3hoctACP[c]__Org2,3HAD80__Org2,AH
AH,3HAD80__Org2,toct2eACP[c]__Org2,AH
AH,3HAD80__Org2,h2o[c]__Org2,AH
AH,8m3hdcaACP[c]__Org2,3HAD8M10__Org2,AH
AH,3HAD8M10__Org2,8mtdec2eACP[c]__Org2,AH
AH,3HAD8M10__Org2,h2o[c]__Org2,AH
AH,8m3hnonACP[c]__Org2,3HAD8M9__Org2,AH
AH,3HAD8M9__Org2,8mtnon2eACP[c]__Org2,AH
AH,3HAD8M9__Org2,h2o[c]__Org2,AH
AH,9m3hdcaACP[c]__Org2,3HAD9M10__Org2,AH
AH,3HAD9M10__Org2,9mtdec2eACP[c]__Org2,AH
AH,3HAD9M10__Org2,h2o[c]__Org2,AH
AH,3hbcoa[c]__Org2,3HBCOAE__Org2,AH
AH,3HBCOAE__Org2,3hbcoa_R[c]__Org2,AH
AH,3c3hmp[c]__Org2,3MOBS__Org2,AH
AH,3MOBS__Org2,3mob[c]__Org2,AH
AH,3MOBS__Org2,accoa[c]__Org2,AH
AH,coa[c]__Org2,3MOBS__Org2,AH
AH,3MOBS__Org2,h2o[c]__Org2,AH
AH,h[c]__Org2,3MOBS__Org2,AH
AH,3odecACP[c]__Org2,3OAR100__Org2,AH
AH,3OAR100__Org2,3hdecACP[c]__Org2,AH
AH,h[c]__Org2,3OAR100__Org2,AH
AH,3OAR100__Org2,nadp[c]__Org2,AH
AH,nadph[c]__Org2,3OAR100__Org2,AH
AH,10m3oundecACP[c]__Org2,3OAR10M11__Org2,AH
AH,3OAR10M11__Org2,10m3hundecACP[c]__Org2,AH
AH,h[c]__Org2,3OAR10M11__Org2,AH
AH,3OAR10M11__Org2,nadp[c]__Org2,AH
AH,nadph[c]__Org2,3OAR10M11__Org2,AH
AH,10m3oddcaACP[c]__Org2,3OAR10M12__Org2,AH
AH,3OAR10M12__Org2,10m3hddcaACP[c]__Org2,AH
AH,h[c]__Org2,3OAR10M12__Org2,AH
AH,3OAR10M12__Org2,nadp[c]__Org2,AH
AH,nadph[c]__Org2,3OAR10M12__Org2,AH
AH,11m3oddcaACP[c]__Org2,3OAR11M12__Org2,AH
AH,3OAR11M12__Org2,11m3hddcaACP[c]__Org2,AH
AH,h[c]__Org2,3OAR11M12__Org2,AH
AH,3OAR11M12__Org2,nadp[c]__Org2,AH
AH,nadph[c]__Org2,3OAR11M12__Org2,AH
AH,3oddecACP[c]__Org2,3OAR120__Org2,AH
AH,3OAR120__Org2,3hddecACP[c]__Org2,AH
AH,h[c]__Org2,3OAR120__Org2,AH
AH,3OAR120__Org2,nadp[c]__Org2,AH
AH,nadph[c]__Org2,3OAR120__Org2,AH
AH,12m3otridecACP[c]__Org2,3OAR12M13__Org2,AH
AH,3OAR12M13__Org2,12m3htridecACP[c]__Org2,AH
AH,h[c]__Org2,3OAR12M13__Org2,AH
AH,3OAR12M13__Org2,nadp[c]__Org2,AH
AH,nadph[c]__Org2,3OAR12M13__Org2,AH
AH,12m3omyrsACP[c]__Org2,3OAR12M14__Org2,AH
AH,3OAR12M14__Org2,12m3hmyrsACP[c]__Org2,AH
AH,h[c]__Org2,3OAR12M14__Org2,AH
AH,3OAR12M14__Org2,nadp[c]__Org2,AH
AH,nadph[c]__Org2,3OAR12M14__Org2,AH
AH,13m3omyrsACP[c]__Org2,3OAR13M14__Org2,AH
AH,3OAR13M14__Org2,13m3hmyrsACP[c]__Org2,AH
AH,h[c]__Org2,3OAR13M14__Org2,AH
AH,3OAR13M14__Org2,nadp[c]__Org2,AH
AH,nadph[c]__Org2,3OAR13M14__Org2,AH
AH,3omrsACP[c]__Org2,3OAR140__Org2,AH
AH,3OAR140__Org2,3hmrsACP[c]__Org2,AH
AH,h[c]__Org2,3OAR140__Org2,AH
AH,3OAR140__Org2,nadp[c]__Org2,AH
AH,nadph[c]__Org2,3OAR140__Org2,AH
AH,14m3opentdecACP[c]__Org2,3OAR14M15__Org2,AH
AH,3OAR14M15__Org2,14m3hpentdecACP[c]__Org2,AH
AH,h[c]__Org2,3OAR14M15__Org2,AH
AH,3OAR14M15__Org2,nadp[c]__Org2,AH
AH,nadph[c]__Org2,3OAR14M15__Org2,AH
AH,14m3opalmACP[c]__Org2,3OAR14M16__Org2,AH
AH,3OAR14M16__Org2,14m3hpalmACP[c]__Org2,AH
AH,h[c]__Org2,3OAR14M16__Org2,AH
AH,3OAR14M16__Org2,nadp[c]__Org2,AH
AH,nadph[c]__Org2,3OAR14M16__Org2,AH
AH,15m3opalmACP[c]__Org2,3OAR15M16__Org2,AH
AH,3OAR15M16__Org2,15m3hpalmACP[c]__Org2,AH
AH,h[c]__Org2,3OAR15M16__Org2,AH
AH,3OAR15M16__Org2,nadp[c]__Org2,AH
AH,nadph[c]__Org2,3OAR15M16__Org2,AH
AH,3opalmACP[c]__Org2,3OAR160__Org2,AH
AH,3OAR160__Org2,3hpalmACP[c]__Org2,AH
AH,h[c]__Org2,3OAR160__Org2,AH
AH,3OAR160__Org2,nadp[c]__Org2,AH
AH,nadph[c]__Org2,3OAR160__Org2,AH
AH,3ooctdACP[c]__Org2,3OAR180__Org2,AH
AH,3OAR180__Org2,3hoctaACP[c]__Org2,AH
AH,h[c]__Org2,3OAR180__Org2,AH
AH,3OAR180__Org2,nadp[c]__Org2,AH
AH,nadph[c]__Org2,3OAR180__Org2,AH
AH,actACP[c]__Org2,3OAR40__Org2,AH
AH,3OAR40__Org2,3haACP[c]__Org2,AH
AH,h[c]__Org2,3OAR40__Org2,AH
AH,3OAR40__Org2,nadp[c]__Org2,AH
AH,nadph[c]__Org2,3OAR40__Org2,AH
AH,4m3opentACP[c]__Org2,3OAR4M5__Org2,AH
AH,3OAR4M5__Org2,4m3hpentACP[c]__Org2,AH
AH,h[c]__Org2,3OAR4M5__Org2,AH
AH,3OAR4M5__Org2,nadp[c]__Org2,AH
AH,nadph[c]__Org2,3OAR4M5__Org2,AH
AH,4m3ohexACP[c]__Org2,3OAR4M6__Org2,AH
AH,3OAR4M6__Org2,4m3hhexACP[c]__Org2,AH
AH,h[c]__Org2,3OAR4M6__Org2,AH
AH,3OAR4M6__Org2,nadp[c]__Org2,AH
AH,nadph[c]__Org2,3OAR4M6__Org2,AH
AH,5m3ohexACP[c]__Org2,3OAR5M6__Org2,AH
AH,3OAR5M6__Org2,5m3hhexACP[c]__Org2,AH
AH,h[c]__Org2,3OAR5M6__Org2,AH
AH,3OAR5M6__Org2,nadp[c]__Org2,AH
AH,nadph[c]__Org2,3OAR5M6__Org2,AH
AH,3ohexACP[c]__Org2,3OAR60__Org2,AH
AH,3OAR60__Org2,3hhexACP[c]__Org2,AH
AH,h[c]__Org2,3OAR60__Org2,AH
AH,3OAR60__Org2,nadp[c]__Org2,AH
AH,nadph[c]__Org2,3OAR60__Org2,AH
AH,6m3oheptACP[c]__Org2,3OAR6M7__Org2,AH
AH,3OAR6M7__Org2,6m3hheptACP[c]__Org2,AH
AH,h[c]__Org2,3OAR6M7__Org2,AH
AH,3OAR6M7__Org2,nadp[c]__Org2,AH
AH,nadph[c]__Org2,3OAR6M7__Org2,AH
AH,6m3oocACP[c]__Org2,3OAR6M8__Org2,AH
AH,3OAR6M8__Org2,6m3hocACP[c]__Org2,AH
AH,h[c]__Org2,3OAR6M8__Org2,AH
AH,3OAR6M8__Org2,nadp[c]__Org2,AH
AH,nadph[c]__Org2,3OAR6M8__Org2,AH
AH,7m3oocACP[c]__Org2,3OAR7M8__Org2,AH
AH,3OAR7M8__Org2,7m3hocACP[c]__Org2,AH
AH,h[c]__Org2,3OAR7M8__Org2,AH
AH,3OAR7M8__Org2,nadp[c]__Org2,AH
AH,nadph[c]__Org2,3OAR7M8__Org2,AH
AH,3ooctACP[c]__Org2,3OAR80__Org2,AH
AH,3OAR80__Org2,3hoctACP[c]__Org2,AH
AH,h[c]__Org2,3OAR80__Org2,AH
AH,3OAR80__Org2,nadp[c]__Org2,AH
AH,nadph[c]__Org2,3OAR80__Org2,AH
AH,8m3odcaACP[c]__Org2,3OAR8M10__Org2,AH
AH,3OAR8M10__Org2,8m3hdcaACP[c]__Org2,AH
AH,h[c]__Org2,3OAR8M10__Org2,AH
AH,3OAR8M10__Org2,nadp[c]__Org2,AH
AH,nadph[c]__Org2,3OAR8M10__Org2,AH
AH,8m3ononACP[c]__Org2,3OAR8M9__Org2,AH
AH,3OAR8M9__Org2,8m3hnonACP[c]__Org2,AH
AH,h[c]__Org2,3OAR8M9__Org2,AH
AH,3OAR8M9__Org2,nadp[c]__Org2,AH
AH,nadph[c]__Org2,3OAR8M9__Org2,AH
AH,9m3odcaACP[c]__Org2,3OAR9M10__Org2,AH
AH,3OAR9M10__Org2,9m3hdcaACP[c]__Org2,AH
AH,h[c]__Org2,3OAR9M10__Org2,AH
AH,3OAR9M10__Org2,nadp[c]__Org2,AH
AH,nadph[c]__Org2,3OAR9M10__Org2,AH
AH,3OAS100__Org2,co2[c]__Org2,AH
AH,malACP[c]__Org2,3OAS100__Org2,AH
AH,ocACP[c]__Org2,3OAS100__Org2,AH
AH,3OAS100__Org2,3odecACP[c]__Org2,AH
AH,3OAS100__Org2,ACP[c]__Org2,AH
AH,h[c]__Org2,3OAS100__Org2,AH
AH,10mundecACP[c]__Org2,3OAS10M11__Org2,AH
AH,3OAS10M11__Org2,12m3otridecACP[c]__Org2,AH
AH,3OAS10M11__Org2,ACP[c]__Org2,AH
AH,3OAS10M11__Org2,co2[c]__Org2,AH
AH,h[c]__Org2,3OAS10M11__Org2,AH
AH,malACP[c]__Org2,3OAS10M11__Org2,AH
AH,10mddcaACP[c]__Org2,3OAS10M12__Org2,AH
AH,3OAS10M12__Org2,12m3omyrsACP[c]__Org2,AH
AH,3OAS10M12__Org2,ACP[c]__Org2,AH
AH,3OAS10M12__Org2,co2[c]__Org2,AH
AH,h[c]__Org2,3OAS10M12__Org2,AH
AH,malACP[c]__Org2,3OAS10M12__Org2,AH
AH,11mddcaACP[c]__Org2,3OAS11M12__Org2,AH
AH,3OAS11M12__Org2,13m3omyrsACP[c]__Org2,AH
AH,3OAS11M12__Org2,ACP[c]__Org2,AH
AH,3OAS11M12__Org2,co2[c]__Org2,AH
AH,h[c]__Org2,3OAS11M12__Org2,AH
AH,malACP[c]__Org2,3OAS11M12__Org2,AH
AH,dcaACP[c]__Org2,3OAS120__Org2,AH
AH,3OAS120__Org2,3oddecACP[c]__Org2,AH
AH,3OAS120__Org2,ACP[c]__Org2,AH
AH,3OAS120__Org2,co2[c]__Org2,AH
AH,h[c]__Org2,3OAS120__Org2,AH
AH,malACP[c]__Org2,3OAS120__Org2,AH
AH,12mtridecACP[c]__Org2,3OAS12M13__Org2,AH
AH,3OAS12M13__Org2,14m3opentdecACP[c]__Org2,AH
AH,3OAS12M13__Org2,ACP[c]__Org2,AH
AH,3OAS12M13__Org2,co2[c]__Org2,AH
AH,h[c]__Org2,3OAS12M13__Org2,AH
AH,malACP[c]__Org2,3OAS12M13__Org2,AH
AH,12mmyrsACP[c]__Org2,3OAS12M14__Org2,AH
AH,3OAS12M14__Org2,14m3opalmACP[c]__Org2,AH
AH,3OAS12M14__Org2,ACP[c]__Org2,AH
AH,3OAS12M14__Org2,co2[c]__Org2,AH
AH,h[c]__Org2,3OAS12M14__Org2,AH
AH,malACP[c]__Org2,3OAS12M14__Org2,AH
AH,13mmyrsACP[c]__Org2,3OAS13M14__Org2,AH
AH,3OAS13M14__Org2,15m3opalmACP[c]__Org2,AH
AH,3OAS13M14__Org2,ACP[c]__Org2,AH
AH,3OAS13M14__Org2,co2[c]__Org2,AH
AH,h[c]__Org2,3OAS13M14__Org2,AH
AH,malACP[c]__Org2,3OAS13M14__Org2,AH
AH,ddcaACP[c]__Org2,3OAS140__Org2,AH
AH,3OAS140__Org2,3omrsACP[c]__Org2,AH
AH,3OAS140__Org2,ACP[c]__Org2,AH
AH,3OAS140__Org2,co2[c]__Org2,AH
AH,h[c]__Org2,3OAS140__Org2,AH
AH,malACP[c]__Org2,3OAS140__Org2,AH
AH,myrsACP[c]__Org2,3OAS160__Org2,AH
AH,3OAS160__Org2,3opalmACP[c]__Org2,AH
AH,3OAS160__Org2,ACP[c]__Org2,AH
AH,3OAS160__Org2,co2[c]__Org2,AH
AH,h[c]__Org2,3OAS160__Org2,AH
AH,malACP[c]__Org2,3OAS160__Org2,AH
AH,palmACP[c]__Org2,3OAS180__Org2,AH
AH,3OAS180__Org2,3ooctdACP[c]__Org2,AH
AH,3OAS180__Org2,ACP[c]__Org2,AH
AH,3OAS180__Org2,co2[c]__Org2,AH
AH,h[c]__Org2,3OAS180__Org2,AH
AH,malACP[c]__Org2,3OAS180__Org2,AH
AH,2mpropACP[c]__Org2,3OAS2M3__Org2,AH
AH,3OAS2M3__Org2,4m3opentACP[c]__Org2,AH
AH,3OAS2M3__Org2,ACP[c]__Org2,AH
AH,3OAS2M3__Org2,co2[c]__Org2,AH
AH,h[c]__Org2,3OAS2M3__Org2,AH
AH,malACP[c]__Org2,3OAS2M3__Org2,AH
AH,3mbutACP[c]__Org2,3OAS3M4__Org2,AH
AH,3OAS3M4__Org2,5m3ohexACP[c]__Org2,AH
AH,3OAS3M4__Org2,ACP[c]__Org2,AH
AH,3OAS3M4__Org2,co2[c]__Org2,AH
AH,h[c]__Org2,3OAS3M4__Org2,AH
AH,malACP[c]__Org2,3OAS3M4__Org2,AH
AH,2mbutACP[c]__Org2,3OAS4M3O6__Org2,AH
AH,3OAS4M3O6__Org2,4m3ohexACP[c]__Org2,AH
AH,3OAS4M3O6__Org2,ACP[c]__Org2,AH
AH,3OAS4M3O6__Org2,co2[c]__Org2,AH
AH,h[c]__Org2,3OAS4M3O6__Org2,AH
AH,malACP[c]__Org2,3OAS4M3O6__Org2,AH
AH,4mpentACP[c]__Org2,3OAS4M5__Org2,AH
AH,3OAS4M5__Org2,6m3oheptACP[c]__Org2,AH
AH,3OAS4M5__Org2,ACP[c]__Org2,AH
AH,3OAS4M5__Org2,co2[c]__Org2,AH
AH,h[c]__Org2,3OAS4M5__Org2,AH
AH,malACP[c]__Org2,3OAS4M5__Org2,AH
AH,4mhexACP[c]__Org2,3OAS4M6__Org2,AH
AH,3OAS4M6__Org2,6m3oocACP[c]__Org2,AH
AH,3OAS4M6__Org2,ACP[c]__Org2,AH
AH,3OAS4M6__Org2,co2[c]__Org2,AH
AH,h[c]__Org2,3OAS4M6__Org2,AH
AH,malACP[c]__Org2,3OAS4M6__Org2,AH
AH,5mhexACP[c]__Org2,3OAS5M6__Org2,AH
AH,3OAS5M6__Org2,7m3oocACP[c]__Org2,AH
AH,3OAS5M6__Org2,ACP[c]__Org2,AH
AH,3OAS5M6__Org2,co2[c]__Org2,AH
AH,h[c]__Org2,3OAS5M6__Org2,AH
AH,malACP[c]__Org2,3OAS5M6__Org2,AH
AH,butACP[c]__Org2,3OAS60__Org2,AH
AH,3OAS60__Org2,3ohexACP[c]__Org2,AH
AH,3OAS60__Org2,ACP[c]__Org2,AH
AH,3OAS60__Org2,co2[c]__Org2,AH
AH,h[c]__Org2,3OAS60__Org2,AH
AH,malACP[c]__Org2,3OAS60__Org2,AH
AH,6mheptACP[c]__Org2,3OAS6M7__Org2,AH
AH,3OAS6M7__Org2,8m3ononACP[c]__Org2,AH
AH,3OAS6M7__Org2,ACP[c]__Org2,AH
AH,3OAS6M7__Org2,co2[c]__Org2,AH
AH,h[c]__Org2,3OAS6M7__Org2,AH
AH,malACP[c]__Org2,3OAS6M7__Org2,AH
AH,6mocACP[c]__Org2,3OAS6M8__Org2,AH
AH,3OAS6M8__Org2,8m3odcaACP[c]__Org2,AH
AH,3OAS6M8__Org2,ACP[c]__Org2,AH
AH,3OAS6M8__Org2,co2[c]__Org2,AH
AH,h[c]__Org2,3OAS6M8__Org2,AH
AH,malACP[c]__Org2,3OAS6M8__Org2,AH
AH,7mocACP[c]__Org2,3OAS7M8__Org2,AH
AH,3OAS7M8__Org2,9m3odcaACP[c]__Org2,AH
AH,3OAS7M8__Org2,ACP[c]__Org2,AH
AH,3OAS7M8__Org2,co2[c]__Org2,AH
AH,h[c]__Org2,3OAS7M8__Org2,AH
AH,malACP[c]__Org2,3OAS7M8__Org2,AH
AH,hexACP[c]__Org2,3OAS80__Org2,AH
AH,3OAS80__Org2,3ooctACP[c]__Org2,AH
AH,3OAS80__Org2,ACP[c]__Org2,AH
AH,3OAS80__Org2,co2[c]__Org2,AH
AH,h[c]__Org2,3OAS80__Org2,AH
AH,malACP[c]__Org2,3OAS80__Org2,AH
AH,8mdcaACP[c]__Org2,3OAS8M10__Org2,AH
AH,3OAS8M10__Org2,10m3oddcaACP[c]__Org2,AH
AH,3OAS8M10__Org2,ACP[c]__Org2,AH
AH,3OAS8M10__Org2,co2[c]__Org2,AH
AH,h[c]__Org2,3OAS8M10__Org2,AH
AH,malACP[c]__Org2,3OAS8M10__Org2,AH
AH,8mnonACP[c]__Org2,3OAS8M9__Org2,AH
AH,3OAS8M9__Org2,10m3oundecACP[c]__Org2,AH
AH,3OAS8M9__Org2,ACP[c]__Org2,AH
AH,3OAS8M9__Org2,co2[c]__Org2,AH
AH,h[c]__Org2,3OAS8M9__Org2,AH
AH,malACP[c]__Org2,3OAS8M9__Org2,AH
AH,9mdcaACP[c]__Org2,3OAS9M10__Org2,AH
AH,3OAS9M10__Org2,11m3oddcaACP[c]__Org2,AH
AH,3OAS9M10__Org2,ACP[c]__Org2,AH
AH,3OAS9M10__Org2,co2[c]__Org2,AH
AH,h[c]__Org2,3OAS9M10__Org2,AH
AH,malACP[c]__Org2,3OAS9M10__Org2,AH
AH,4hthdp[c]__Org2,4HTHDR__Org2,AH
AH,4HTHDR__Org2,h2o[c]__Org2,AH
AH,h[c]__Org2,4HTHDR__Org2,AH
AH,4HTHDR__Org2,nad[c]__Org2,AH
AH,nadh[c]__Org2,4HTHDR__Org2,AH
AH,4HTHDR__Org2,thdp[c]__Org2,AH
AH,aspsa[c]__Org2,4HTHDS__Org2,AH
AH,pyr[c]__Org2,4HTHDS__Org2,AH
AH,4HTHDS__Org2,4hthdp[c]__Org2,AH
AH,4HTHDS__Org2,h2o[c]__Org2,AH
AH,4HTHDS__Org2,h[c]__Org2,AH
AH,4HTHRS__Org2,4hthr[c]__Org2,AH
AH,phthr[c]__Org2,4HTHRS__Org2,AH
AH,4HTHRS__Org2,pi[c]__Org2,AH
AH,h2o[c]__Org2,4HTHRS__Org2,AH
AH,5aizc[c]__Org2,5AIZCDC__Org2,AH
AH,5AIZCDC__Org2,air[c]__Org2,AH
AH,5AIZCDC__Org2,co2[c]__Org2,AH
AH,h[c]__Org2,5AIZCDC__Org2,AH
AH,ACACT1r__Org2,aacoa[c]__Org2,AH
AH,accoa[c]__Org2,ACACT1r__Org2,AH
AH,ACACT1r__Org2,coa[c]__Org2,AH
AH,ACACT2r__Org2,3ohcoa[c]__Org2,AH
AH,btcoa[c]__Org2,ACACT2r__Org2,AH
AH,accoa[c]__Org2,ACACT2r__Org2,AH
AH,ACACT2r__Org2,coa[c]__Org2,AH
AH,ACACT3r__Org2,3oocoa[c]__Org2,AH
AH,hxcoa[c]__Org2,ACACT3r__Org2,AH
AH,accoa[c]__Org2,ACACT3r__Org2,AH
AH,ACACT3r__Org2,coa[c]__Org2,AH
AH,ACACT4r__Org2,3odcoa[c]__Org2,AH
AH,occoa[c]__Org2,ACACT4r__Org2,AH
AH,accoa[c]__Org2,ACACT4r__Org2,AH
AH,ACACT4r__Org2,coa[c]__Org2,AH
AH,ACACT5r__Org2,3oddcoa[c]__Org2,AH
AH,dcacoa[c]__Org2,ACACT5r__Org2,AH
AH,accoa[c]__Org2,ACACT5r__Org2,AH
AH,ACACT5r__Org2,coa[c]__Org2,AH
AH,ACACT6r__Org2,3otdcoa[c]__Org2,AH
AH,ddcacoa[c]__Org2,ACACT6r__Org2,AH
AH,accoa[c]__Org2,ACACT6r__Org2,AH
AH,ACACT6r__Org2,coa[c]__Org2,AH
AH,ACACT7r__Org2,3ohdcoa[c]__Org2,AH
AH,tdcoa[c]__Org2,ACACT7r__Org2,AH
AH,accoa[c]__Org2,ACACT7r__Org2,AH
AH,ACACT7r__Org2,coa[c]__Org2,AH
AH,adocbip[c]__Org2,ACBIPGT__Org2,AH
AH,ACBIPGT__Org2,agdpcbi[c]__Org2,AH
AH,gtp[c]__Org2,ACBIPGT__Org2,AH
AH,ACBIPGT__Org2,ppi[c]__Org2,AH
AH,h[c]__Org2,ACBIPGT__Org2,AH
AH,ACCOAC__Org2,adp[c]__Org2,AH
AH,atp[c]__Org2,ACCOAC__Org2,AH
AH,hco3[c]__Org2,ACCOAC__Org2,AH
AH,ACCOAC__Org2,malcoa[c]__Org2,AH
AH,accoa[c]__Org2,ACCOAC__Org2,AH
AH,ACCOAC__Org2,h[c]__Org2,AH
AH,ACCOAC__Org2,pi[c]__Org2,AH
AH,ACCOACL__Org2,apoC_Lys_btn[c]__Org2,AH
AH,btn_co2[c]__Org2,ACCOACL__Org2,AH
AH,accoa[c]__Org2,ACCOACL__Org2,AH
AH,ACCOACL__Org2,malcoa[c]__Org2,AH
AH,ACEDIPIT__Org2,acamoxm[c]__Org2,AH
AH,n6all26d[c]__Org2,ACEDIPIT__Org2,AH
AH,akg[c]__Org2,ACEDIPIT__Org2,AH
AH,ACEDIPIT__Org2,glu_L[c]__Org2,AH
AH,uacgam[c]__Org2,ACGAMT__Org2,AH
AH,udcpp[c]__Org2,ACGAMT__Org2,AH
AH,ACGAMT__Org2,ump[c]__Org2,AH
AH,ACGAMT__Org2,unaga[c]__Org2,AH
AH,ACGK__Org2,acg5p[c]__Org2,AH
AH,acglu[c]__Org2,ACGK__Org2,AH
AH,ACGK__Org2,adp[c]__Org2,AH
AH,atp[c]__Org2,ACGK__Org2,AH
AH,accoa[c]__Org2,ACGS__Org2,AH
AH,ACGS__Org2,acglu[c]__Org2,AH
AH,ACGS__Org2,coa[c]__Org2,AH
AH,glu_L[c]__Org2,ACGS__Org2,AH
AH,ACGS__Org2,h[c]__Org2,AH
AH,2obut[c]__Org2,ACHBPL__Org2,AH
AH,hethmpp[c]__Org2,ACHBPL__Org2,AH
AH,ACHBPL__Org2,thmpp[c]__Org2,AH
AH,ACHBPL__Org2,2ahbut[c]__Org2,AH
AH,ac[c]__Org2,ACKr__Org2,AH
AH,ACKr__Org2,actp[c]__Org2,AH
AH,ACKr__Org2,adp[c]__Org2,AH
AH,atp[c]__Org2,ACKr__Org2,AH
AH,ACLS_a__Org2,co2[c]__Org2,AH
AH,h[c]__Org2,ACLS_a__Org2,AH
AH,ACLS_a__Org2,hethmpp[c]__Org2,AH
AH,pyr[c]__Org2,ACLS_a__Org2,AH
AH,thmpp[c]__Org2,ACLS_a__Org2,AH
AH,alac_S[c]__Org2,ACLS_b__Org2,AH
AH,ACLS_b__Org2,hethmpp[c]__Org2,AH
AH,ACLS_b__Org2,pyr[c]__Org2,AH
AH,thmpp[c]__Org2,ACLS_b__Org2,AH
AH,1tdecg3p[c]__Org2,ACOAAGPAT140__Org2,AH
AH,ACOAAGPAT140__Org2,pa140[c]__Org2,AH
AH,ACOAAGPAT140__Org2,coa[c]__Org2,AH
AH,tdcoa[c]__Org2,ACOAAGPAT140__Org2,AH
AH,1hdecg3p[c]__Org2,ACOAAGPAT160__Org2,AH
AH,ACOAAGPAT160__Org2,pa160[c]__Org2,AH
AH,pmtcoa[c]__Org2,ACOAAGPAT160__Org2,AH
AH,ACOAAGPAT160__Org2,coa[c]__Org2,AH
AH,1odecg3p[c]__Org2,ACOAAGPAT180__Org2,AH
AH,ACOAAGPAT180__Org2,pa180[c]__Org2,AH
AH,stcoa[c]__Org2,ACOAAGPAT180__Org2,AH
AH,ACOAAGPAT180__Org2,coa[c]__Org2,AH
AH,1aipdecg3p[c]__Org2,ACOAAGPATAI15__Org2,AH
AH,aipdcoa[c]__Org2,ACOAAGPATAI15__Org2,AH
AH,ACOAAGPATAI15__Org2,paai15[c]__Org2,AH
AH,ACOAAGPATAI15__Org2,coa[c]__Org2,AH
AH,ACOAAGPATAI15__Org2,h[c]__Org2,AH
AH,1aihpdecg3p[c]__Org2,ACOAAGPATAI17__Org2,AH
AH,aihpdcoa[c]__Org2,ACOAAGPATAI17__Org2,AH
AH,ACOAAGPATAI17__Org2,paai17[c]__Org2,AH
AH,ACOAAGPATAI17__Org2,coa[c]__Org2,AH
AH,1itdecg3p[c]__Org2,ACOAAGPATI14__Org2,AH
AH,itdcoa[c]__Org2,ACOAAGPATI14__Org2,AH
AH,ACOAAGPATI14__Org2,pai14[c]__Org2,AH
AH,ACOAAGPATI14__Org2,coa[c]__Org2,AH
AH,ACOAAGPATI14__Org2,h[c]__Org2,AH
AH,1ipdecg3p[c]__Org2,ACOAAGPATI15__Org2,AH
AH,ipdcoa[c]__Org2,ACOAAGPATI15__Org2,AH
AH,ACOAAGPATI15__Org2,pai15[c]__Org2,AH
AH,ACOAAGPATI15__Org2,coa[c]__Org2,AH
AH,ACOAAGPATI15__Org2,h[c]__Org2,AH
AH,1ihdecg3p[c]__Org2,ACOAAGPATI16__Org2,AH
AH,ihdcoa[c]__Org2,ACOAAGPATI16__Org2,AH
AH,ACOAAGPATI16__Org2,pai16[c]__Org2,AH
AH,ACOAAGPATI16__Org2,coa[c]__Org2,AH
AH,ACOAAGPATI16__Org2,h[c]__Org2,AH
AH,1ihpdecg3p[c]__Org2,ACOAAGPATI17__Org2,AH
AH,ihpdcoa[c]__Org2,ACOAAGPATI17__Org2,AH
AH,ACOAAGPATI17__Org2,pai17[c]__Org2,AH
AH,ACOAAGPATI17__Org2,coa[c]__Org2,AH
AH,b2coa[c]__Org2,ACOAD1i__Org2,AH
AH,ACOAD1i__Org2,btcoa[c]__Org2,AH
AH,h[c]__Org2,ACOAD1i__Org2,AH
AH,ACOAD1i__Org2,nad[c]__Org2,AH
AH,nadh[c]__Org2,ACOAD1i__Org2,AH
AH,ACOAD20__Org2,2mb2coa[c]__Org2,AH
AH,o2[c]__Org2,ACOAD20__Org2,AH
AH,2mbcoa[c]__Org2,ACOAD20__Org2,AH
AH,ACOAD20__Org2,h2o[c]__Org2,AH
AH,ACOADH2__Org2,2mp2coa[c]__Org2,AH
AH,ibcoa[c]__Org2,ACOADH2__Org2,AH
AH,ACOADH2__Org2,h2o[c]__Org2,AH
AH,o2[c]__Org2,ACOADH2__Org2,AH
AH,ACOATA__Org2,acACP[c]__Org2,AH
AH,ACP[c]__Org2,ACOATA__Org2,AH
AH,accoa[c]__Org2,ACOATA__Org2,AH
AH,ACOATA__Org2,coa[c]__Org2,AH
AH,ACOCT__Org2,Naccitr_L[c]__Org2,AH
AH,acorn[c]__Org2,ACOCT__Org2,AH
AH,cbp[c]__Org2,ACOCT__Org2,AH
AH,ACOCT__Org2,pi[c]__Org2,AH
AH,ACODAr__Org2,orn[c]__Org2,AH
AH,ACODAr__Org2,ac[c]__Org2,AH
AH,acorn[c]__Org2,ACODAr__Org2,AH
AH,h2o[c]__Org2,ACODAr__Org2,AH
AH,cit[c]__Org2,ACONT__Org2,AH
AH,ACONT__Org2,icit[c]__Org2,AH
AH,ACOTA__Org2,acg5sa[c]__Org2,AH
AH,acorn[c]__Org2,ACOTA__Org2,AH
AH,akg[c]__Org2,ACOTA__Org2,AH
AH,ACOTA__Org2,glu_L[c]__Org2,AH
AH,apoACP[c]__Org2,ACPS1__Org2,AH
AH,ACPS1__Org2,pap[c]__Org2,AH
AH,ACPS1__Org2,ACP[c]__Org2,AH
AH,coa[c]__Org2,ACPS1__Org2,AH
AH,ACPS1__Org2,h[c]__Org2,AH
AH,13dpg[c]__Org2,ACYP__Org2,AH
AH,ACYP__Org2,3pg[c]__Org2,AH
AH,h2o[c]__Org2,ACYP__Org2,AH
AH,ACYP__Org2,h[c]__Org2,AH
AH,ACYP__Org2,pi[c]__Org2,AH
AH,ACYP_2__Org2,ac[c]__Org2,AH
AH,actp[c]__Org2,ACYP_2__Org2,AH
AH,h2o[c]__Org2,ACYP_2__Org2,AH
AH,ACYP_2__Org2,h[c]__Org2,AH
AH,ACYP_2__Org2,pi[c]__Org2,AH
AH,ac[e]__Org2,ACtr__Org2,AH
AH,ACtr__Org2,ac[c]__Org2,AH
AH,adcobhex[c]__Org2,ADCOBASr__Org2,AH
AH,ADCOBASr__Org2,adocbi[c]__Org2,AH
AH,appl[c]__Org2,ADCOBASr__Org2,AH
AH,ADCOBASr__Org2,h2o[c]__Org2,AH
AH,adcobhex[c]__Org2,ADCPS1__Org2,AH
AH,ADCPS1__Org2,adocbi[c]__Org2,AH
AH,ADCPS1__Org2,adp[c]__Org2,AH
AH,appl[c]__Org2,ADCPS1__Org2,AH
AH,atp[c]__Org2,ADCPS1__Org2,AH
AH,ADCPS1__Org2,h[c]__Org2,AH
AH,ADCPS1__Org2,pi[c]__Org2,AH
AH,applp[c]__Org2,ADCPS2__Org2,AH
AH,adcobhex[c]__Org2,ADCPS2__Org2,AH
AH,ADCPS2__Org2,adocbip[c]__Org2,AH
AH,ADCPS2__Org2,adp[c]__Org2,AH
AH,atp[c]__Org2,ADCPS2__Org2,AH
AH,ADCPS2__Org2,h[c]__Org2,AH
AH,ADCPS2__Org2,pi[c]__Org2,AH
AH,adcobdam[c]__Org2,ADCYRS__Org2,AH
AH,gln_L[c]__Org2,ADCYRS__Org2,AH
AH,ADCYRS__Org2,adcobhex[c]__Org2,AH
AH,ADCYRS__Org2,adp[c]__Org2,AH
AH,atp[c]__Org2,ADCYRS__Org2,AH
AH,ADCYRS__Org2,glu_L[c]__Org2,AH
AH,h2o[c]__Org2,ADCYRS__Org2,AH
AH,ADCYRS__Org2,h[c]__Org2,AH
AH,ADCYRS__Org2,pi[c]__Org2,AH
AH,amp[c]__Org2,ADK1__Org2,AH
AH,ADK1__Org2,adp[c]__Org2,AH
AH,atp[c]__Org2,ADK1__Org2,AH
AH,ADK10__Org2,dtdp[c]__Org2,AH
AH,dttp[c]__Org2,ADK10__Org2,AH
AH,ADK10__Org2,adp[c]__Org2,AH
AH,amp[c]__Org2,ADK10__Org2,AH
AH,ADK11__Org2,dudp[c]__Org2,AH
AH,dutp[c]__Org2,ADK11__Org2,AH
AH,ADK11__Org2,adp[c]__Org2,AH
AH,amp[c]__Org2,ADK11__Org2,AH
AH,pppi[c]__Org2,ADK2__Org2,AH
AH,ADK2__Org2,adp[c]__Org2,AH
AH,amp[c]__Org2,ADK2__Org2,AH
AH,ADK2__Org2,ppi[c]__Org2,AH
AH,ADK3__Org2,gdp[c]__Org2,AH
AH,ADK3__Org2,adp[c]__Org2,AH
AH,amp[c]__Org2,ADK3__Org2,AH
AH,gtp[c]__Org2,ADK3__Org2,AH
AH,ADK5__Org2,cdp[c]__Org2,AH
AH,ctp[c]__Org2,ADK5__Org2,AH
AH,ADK5__Org2,adp[c]__Org2,AH
AH,amp[c]__Org2,ADK5__Org2,AH
AH,ADK7__Org2,dadp[c]__Org2,AH
AH,datp[c]__Org2,ADK7__Org2,AH
AH,ADK7__Org2,adp[c]__Org2,AH
AH,amp[c]__Org2,ADK7__Org2,AH
AH,ADK8__Org2,dcdp[c]__Org2,AH
AH,dctp[c]__Org2,ADK8__Org2,AH
AH,ADK8__Org2,adp[c]__Org2,AH
AH,amp[c]__Org2,ADK8__Org2,AH
AH,ADK9__Org2,dgdp[c]__Org2,AH
AH,dgtp[c]__Org2,ADK9__Org2,AH
AH,ADK9__Org2,adp[c]__Org2,AH
AH,amp[c]__Org2,ADK9__Org2,AH
AH,adocbi[c]__Org2,ADOCBIK__Org2,AH
AH,ADOCBIK__Org2,adocbip[c]__Org2,AH
AH,ADOCBIK__Org2,adp[c]__Org2,AH
AH,atp[c]__Org2,ADOCBIK__Org2,AH
AH,ADOCBIK__Org2,h[c]__Org2,AH
AH,adocbi[c]__Org2,ADOCBIK2__Org2,AH
AH,ADOCBIK2__Org2,adocbip[c]__Org2,AH
AH,ADOCBIK2__Org2,gdp[c]__Org2,AH
AH,gtp[c]__Org2,ADOCBIK2__Org2,AH
AH,ADOCBIK2__Org2,h[c]__Org2,AH
AH,ADOCBLS__Org2,adocbl[c]__Org2,AH
AH,ADOCBLS__Org2,gmp[c]__Org2,AH
AH,rdmbzi[c]__Org2,ADOCBLS__Org2,AH
AH,agdpcbi[c]__Org2,ADOCBLS__Org2,AH
AH,ADOCBLS__Org2,h[c]__Org2,AH
AH,ade[c]__Org2,ADPT__Org2,AH
AH,prpp[c]__Org2,ADPT__Org2,AH
AH,ADPT__Org2,amp[c]__Org2,AH
AH,ADPT__Org2,ppi[c]__Org2,AH
AH,dcamp[c]__Org2,ADSL1r__Org2,AH
AH,ADSL1r__Org2,fum[c]__Org2,AH
AH,ADSL1r__Org2,amp[c]__Org2,AH
AH,25aics[c]__Org2,ADSL2r__Org2,AH
AH,ADSL2r__Org2,aicar[c]__Org2,AH
AH,ADSL2r__Org2,fum[c]__Org2,AH
AH,asp_L[c]__Org2,ADSS__Org2,AH
AH,imp[c]__Org2,ADSS__Org2,AH
AH,ADSS__Org2,dcamp[c]__Org2,AH
AH,ADSS__Org2,gdp[c]__Org2,AH
AH,gtp[c]__Org2,ADSS__Org2,AH
AH,ADSS__Org2,h[c]__Org2,AH
AH,ADSS__Org2,pi[c]__Org2,AH
AH,acgam6p[c]__Org2,AGDC__Org2,AH
AH,AGDC__Org2,gam6p[c]__Org2,AH
AH,AGDC__Org2,ac[c]__Org2,AH
AH,h2o[c]__Org2,AGDC__Org2,AH
AH,1ddecg3p[c]__Org2,AGPAT120__Org2,AH
AH,AGPAT120__Org2,pa120[c]__Org2,AH
AH,AGPAT120__Org2,ACP[c]__Org2,AH
AH,ddcaACP[c]__Org2,AGPAT120__Org2,AH
AH,1tdecg3p[c]__Org2,AGPAT140__Org2,AH
AH,AGPAT140__Org2,ACP[c]__Org2,AH
AH,myrsACP[c]__Org2,AGPAT140__Org2,AH
AH,AGPAT140__Org2,pa140[c]__Org2,AH
AH,1tdec7eg3p[c]__Org2,AGPAT141__Org2,AH
AH,AGPAT141__Org2,pa141[c]__Org2,AH
AH,tdeACP[c]__Org2,AGPAT141__Org2,AH
AH,AGPAT141__Org2,ACP[c]__Org2,AH
AH,1hdecg3p[c]__Org2,AGPAT160__Org2,AH
AH,AGPAT160__Org2,ACP[c]__Org2,AH
AH,AGPAT160__Org2,pa160[c]__Org2,AH
AH,palmACP[c]__Org2,AGPAT160__Org2,AH
AH,1hdec9eg3p[c]__Org2,AGPAT161__Org2,AH
AH,hdeACP[c]__Org2,AGPAT161__Org2,AH
AH,AGPAT161__Org2,pa161[c]__Org2,AH
AH,AGPAT161__Org2,ACP[c]__Org2,AH
AH,ocdcaACP[c]__Org2,AGPAT180__Org2,AH
AH,1odecg3p[c]__Org2,AGPAT180__Org2,AH
AH,AGPAT180__Org2,ACP[c]__Org2,AH
AH,AGPAT180__Org2,pa180[c]__Org2,AH
AH,1odec11eg3p[c]__Org2,AGPAT181__Org2,AH
AH,octeACP[c]__Org2,AGPAT181__Org2,AH
AH,AGPAT181__Org2,pa181[c]__Org2,AH
AH,AGPAT181__Org2,ACP[c]__Org2,AH
AH,AGPR__Org2,acg5p[c]__Org2,AH
AH,acg5sa[c]__Org2,AGPR__Org2,AH
AH,AGPR__Org2,h[c]__Org2,AH
AH,nadp[c]__Org2,AGPR__Org2,AH
AH,AGPR__Org2,nadph[c]__Org2,AH
AH,pi[c]__Org2,AGPR__Org2,AH
AH,ahcys[c]__Org2,AHCYSNS_r__Org2,AH
AH,AHCYSNS_r__Org2,rhcys[c]__Org2,AH
AH,AHCYSNS_r__Org2,ade[c]__Org2,AH
AH,h2o[c]__Org2,AHCYSNS_r__Org2,AH
AH,AHEXASE3__Org2,acgam[c]__Org2,AH
AH,chtbs[c]__Org2,AHEXASE3__Org2,AH
AH,h2o[c]__Org2,AHEXASE3__Org2,AH
AH,AHMMPS__Org2,4ahmmp[c]__Org2,AH
AH,AHMMPS__Org2,gcald[c]__Org2,AH
AH,air[c]__Org2,AHMMPS__Org2,AH
AH,h2o[c]__Org2,AHMMPS__Org2,AH
AH,AHMMPS__Org2,o2[c]__Org2,AH
AH,AHMMPS__Org2,pi[c]__Org2,AH
AH,achms[c]__Org2,AHSERL2__Org2,AH
AH,h2s[c]__Org2,AHSERL2__Org2,AH
AH,AHSERL2__Org2,hcys_L[c]__Org2,AH
AH,AHSERL2__Org2,ac[c]__Org2,AH
AH,AHSERL2__Org2,h[c]__Org2,AH
AH,AHSERL3__Org2,so3[c]__Org2,AH
AH,AHSERL3__Org2,trdox[c]__Org2,AH
AH,trdrd[c]__Org2,AHSERL3__Org2,AH
AH,tsul[c]__Org2,AHSERL3__Org2,AH
AH,AHSERL3__Org2,ac[c]__Org2,AH
AH,achms[c]__Org2,AHSERL3__Org2,AH
AH,AHSERL3__Org2,h[c]__Org2,AH
AH,AHSERL3__Org2,hcys_L[c]__Org2,AH
AH,10fthf[c]__Org2,AICART__Org2,AH
AH,AICART__Org2,fprica[c]__Org2,AH
AH,AICART__Org2,thf[c]__Org2,AH
AH,aicar[c]__Org2,AICART__Org2,AH
AH,14mpalmACP[c]__Org2,AIHPDCOATA__Org2,AH
AH,AIHPDCOATA__Org2,ACP[c]__Org2,AH
AH,AIHPDCOATA__Org2,aihpdcoa[c]__Org2,AH
AH,coa[c]__Org2,AIHPDCOATA__Org2,AH
AH,12mmyrsACP[c]__Org2,AIPDCOATA__Org2,AH
AH,AIPDCOATA__Org2,ACP[c]__Org2,AH
AH,AIPDCOATA__Org2,aipdcoa[c]__Org2,AH
AH,coa[c]__Org2,AIPDCOATA__Org2,AH
AH,AIRC4__Org2,5aizc[c]__Org2,AH
AH,AIRC4__Org2,adp[c]__Org2,AH
AH,air[c]__Org2,AIRC4__Org2,AH
AH,atp[c]__Org2,AIRC4__Org2,AH
AH,AIRC4__Org2,h[c]__Org2,AH
AH,hco3[c]__Org2,AIRC4__Org2,AH
AH,AIRC4__Org2,pi[c]__Org2,AH
AH,ala_D[c]__Org2,ALAALA__Org2,AH
AH,ALAALA__Org2,alaala[c]__Org2,AH
AH,ALAALA__Org2,adp[c]__Org2,AH
AH,atp[c]__Org2,ALAALA__Org2,AH
AH,ALAALA__Org2,h[c]__Org2,AH
AH,ALAALA__Org2,pi[c]__Org2,AH
AH,ALAASP1c__Org2,ala_L[c]__Org2,AH
AH,alaasp[c]__Org2,ALAASP1c__Org2,AH
AH,ALAASP1c__Org2,asp_L[c]__Org2,AH
AH,h2o[c]__Org2,ALAASP1c__Org2,AH
AH,alaasp[e]__Org2,ALAASPabc__Org2,AH
AH,ALAASPabc__Org2,adp[c]__Org2,AH
AH,ALAASPabc__Org2,alaasp[c]__Org2,AH
AH,atp[c]__Org2,ALAASPabc__Org2,AH
AH,h2o[c]__Org2,ALAASPabc__Org2,AH
AH,ALAASPabc__Org2,h[c]__Org2,AH
AH,ALAASPabc__Org2,pi[c]__Org2,AH
AH,ALACI__Org2,33hmeoxobut[c]__Org2,AH
AH,alac_S[c]__Org2,ALACI__Org2,AH
AH,alagln[c]__Org2,ALAGLN1c__Org2,AH
AH,ALAGLN1c__Org2,ala_L[c]__Org2,AH
AH,ALAGLN1c__Org2,gln_L[c]__Org2,AH
AH,h2o[c]__Org2,ALAGLN1c__Org2,AH
AH,alagln[e]__Org2,ALAGLNabc__Org2,AH
AH,ALAGLNabc__Org2,adp[c]__Org2,AH
AH,ALAGLNabc__Org2,alagln[c]__Org2,AH
AH,atp[c]__Org2,ALAGLNabc__Org2,AH
AH,h2o[c]__Org2,ALAGLNabc__Org2,AH
AH,ALAGLNabc__Org2,h[c]__Org2,AH
AH,ALAGLNabc__Org2,pi[c]__Org2,AH
AH,alaglu[c]__Org2,ALAGLU1c__Org2,AH
AH,ALAGLU1c__Org2,ala_L[c]__Org2,AH
AH,ALAGLU1c__Org2,glu_L[c]__Org2,AH
AH,h2o[c]__Org2,ALAGLU1c__Org2,AH
AH,alaglu[e]__Org2,ALAGLUabc__Org2,AH
AH,ALAGLUabc__Org2,adp[c]__Org2,AH
AH,ALAGLUabc__Org2,alaglu[c]__Org2,AH
AH,atp[c]__Org2,ALAGLUabc__Org2,AH
AH,h2o[c]__Org2,ALAGLUabc__Org2,AH
AH,ALAGLUabc__Org2,h[c]__Org2,AH
AH,ALAGLUabc__Org2,pi[c]__Org2,AH
AH,alagly[c]__Org2,ALAGLY1c__Org2,AH
AH,ALAGLY1c__Org2,gly[c]__Org2,AH
AH,ALAGLY1c__Org2,ala_L[c]__Org2,AH
AH,h2o[c]__Org2,ALAGLY1c__Org2,AH
AH,alagly[e]__Org2,ALAGLYabc__Org2,AH
AH,ALAGLYabc__Org2,adp[c]__Org2,AH
AH,ALAGLYabc__Org2,alagly[c]__Org2,AH
AH,atp[c]__Org2,ALAGLYabc__Org2,AH
AH,h2o[c]__Org2,ALAGLYabc__Org2,AH
AH,ALAGLYabc__Org2,h[c]__Org2,AH
AH,ALAGLYabc__Org2,pi[c]__Org2,AH
AH,alahis[c]__Org2,ALAHIS1c__Org2,AH
AH,ALAHIS1c__Org2,his_L[c]__Org2,AH
AH,ALAHIS1c__Org2,ala_L[c]__Org2,AH
AH,h2o[c]__Org2,ALAHIS1c__Org2,AH
AH,alahis[e]__Org2,ALAHISabc__Org2,AH
AH,ALAHISabc__Org2,adp[c]__Org2,AH
AH,ALAHISabc__Org2,alahis[c]__Org2,AH
AH,atp[c]__Org2,ALAHISabc__Org2,AH
AH,h2o[c]__Org2,ALAHISabc__Org2,AH
AH,ALAHISabc__Org2,h[c]__Org2,AH
AH,ALAHISabc__Org2,pi[c]__Org2,AH
AH,alaleu[c]__Org2,ALALEU1c__Org2,AH
AH,ALALEU1c__Org2,leu_L[c]__Org2,AH
AH,ALALEU1c__Org2,ala_L[c]__Org2,AH
AH,h2o[c]__Org2,ALALEU1c__Org2,AH
AH,alaleu[e]__Org2,ALALEUabc__Org2,AH
AH,ALALEUabc__Org2,adp[c]__Org2,AH
AH,ALALEUabc__Org2,alaleu[c]__Org2,AH
AH,atp[c]__Org2,ALALEUabc__Org2,AH
AH,h2o[c]__Org2,ALALEUabc__Org2,AH
AH,ALALEUabc__Org2,h[c]__Org2,AH
AH,ALALEUabc__Org2,pi[c]__Org2,AH
AH,prl45tca[c]__Org2,ALAPGPL__Org2,AH
AH,ALAPGPL__Org2,prl45tcaala[c]__Org2,AH
AH,ala_D[c]__Org2,ALAPGPL__Org2,AH
AH,ALAPGPL__Org2,amp[c]__Org2,AH
AH,atp[c]__Org2,ALAPGPL__Org2,AH
AH,ALAPGPL__Org2,h2o[c]__Org2,AH
AH,ALAPGPL__Org2,ppi[c]__Org2,AH
AH,ALAR__Org2,ala_D[c]__Org2,AH
AH,ala_L[c]__Org2,ALAR__Org2,AH
AH,alathr[c]__Org2,ALATHR1c__Org2,AH
AH,ALATHR1c__Org2,thr_L[c]__Org2,AH
AH,ALATHR1c__Org2,ala_L[c]__Org2,AH
AH,h2o[c]__Org2,ALATHR1c__Org2,AH
AH,alathr[e]__Org2,ALATHRabc__Org2,AH
AH,ALATHRabc__Org2,adp[c]__Org2,AH
AH,ALATHRabc__Org2,alathr[c]__Org2,AH
AH,atp[c]__Org2,ALATHRabc__Org2,AH
AH,h2o[c]__Org2,ALATHRabc__Org2,AH
AH,ALATHRabc__Org2,h[c]__Org2,AH
AH,ALATHRabc__Org2,pi[c]__Org2,AH
AH,ala_L[e]__Org2,ALAt4r__Org2,AH
AH,ALAt4r__Org2,na1[c]__Org2,AH
AH,na1[e]__Org2,ALAt4r__Org2,AH
AH,ALAt4r__Org2,ala_L[c]__Org2,AH
AH,glyald[c]__Org2,ALCD19__Org2,AH
AH,ALCD19__Org2,glyc[c]__Org2,AH
AH,h[c]__Org2,ALCD19__Org2,AH
AH,ALCD19__Org2,nad[c]__Org2,AH
AH,nadh[c]__Org2,ALCD19__Org2,AH
AH,ALCD2x__Org2,acald[c]__Org2,AH
AH,etoh[c]__Org2,ALCD2x__Org2,AH
AH,ALCD2x__Org2,h[c]__Org2,AH
AH,nad[c]__Org2,ALCD2x__Org2,AH
AH,ALCD2x__Org2,nadh[c]__Org2,AH
AH,AMALT1__Org2,glc_D[c]__Org2,AH
AH,malt[c]__Org2,AMALT1__Org2,AH
AH,malttr[c]__Org2,AMALT1__Org2,AH
AH,AMALT1__Org2,maltttr[c]__Org2,AH
AH,AMALT2__Org2,maltpt[c]__Org2,AH
AH,AMALT2__Org2,glc_D[c]__Org2,AH
AH,malt[c]__Org2,AMALT2__Org2,AH
AH,maltttr[c]__Org2,AMALT2__Org2,AH
AH,AMALT3__Org2,malthx[c]__Org2,AH
AH,AMALT3__Org2,glc_D[c]__Org2,AH
AH,malt[c]__Org2,AMALT3__Org2,AH
AH,maltpt[c]__Org2,AMALT3__Org2,AH
AH,AMALT4__Org2,malthp[c]__Org2,AH
AH,AMALT4__Org2,glc_D[c]__Org2,AH
AH,malt[c]__Org2,AMALT4__Org2,AH
AH,malthx[c]__Org2,AMALT4__Org2,AH
AH,acmanap[c]__Org2,AMANAPEr__Org2,AH
AH,AMANAPEr__Org2,acgam6p[c]__Org2,AH
AH,AMPMS2__Org2,4ampm[c]__Org2,AH
AH,AMPMS2__Org2,for[c]__Org2,AH
AH,air[c]__Org2,AMPMS2__Org2,AH
AH,h2o[c]__Org2,AMPMS2__Org2,AH
AH,AMPMS2__Org2,h[c]__Org2,AH
AH,nad[c]__Org2,AMPMS2__Org2,AH
AH,AMPMS2__Org2,nadh[c]__Org2,AH
AH,AMPMS3__Org2,co[c]__Org2,AH
AH,AMPMS3__Org2,4ampm[c]__Org2,AH
AH,air[c]__Org2,AMPMS3__Org2,AH
AH,amet[c]__Org2,AMPMS3__Org2,AH
AH,AMPMS3__Org2,dad_5[c]__Org2,AH
AH,AMPMS3__Org2,for[c]__Org2,AH
AH,AMPMS3__Org2,h[c]__Org2,AH
AH,AMPMS3__Org2,met_L[c]__Org2,AH
AH,AMPSO3OX__Org2,aps[c]__Org2,AH
AH,fad[c]__Org2,AMPSO3OX__Org2,AH
AH,AMPSO3OX__Org2,fadh2[c]__Org2,AH
AH,amp[c]__Org2,AMPSO3OX__Org2,AH
AH,h[c]__Org2,AMPSO3OX__Org2,AH
AH,so3[c]__Org2,AMPSO3OX__Org2,AH
AH,cgly[c]__Org2,AMPTASECG__Org2,AH
AH,AMPTASECG__Org2,cys_L[c]__Org2,AH
AH,AMPTASECG__Org2,gly[c]__Org2,AH
AH,h2o[c]__Org2,AMPTASECG__Org2,AH
AH,glycys[c]__Org2,AMPTASEGC__Org2,AH
AH,AMPTASEGC__Org2,cys_L[c]__Org2,AH
AH,AMPTASEGC__Org2,gly[c]__Org2,AH
AH,h2o[c]__Org2,AMPTASEGC__Org2,AH
AH,anth[c]__Org2,ANPRT__Org2,AH
AH,ANPRT__Org2,pran[c]__Org2,AH
AH,ANPRT__Org2,ppi[c]__Org2,AH
AH,prpp[c]__Org2,ANPRT__Org2,AH
AH,chor[c]__Org2,ANS__Org2,AH
AH,ANS__Org2,anth[c]__Org2,AH
AH,gln_L[c]__Org2,ANS__Org2,AH
AH,ANS__Org2,glu_L[c]__Org2,AH
AH,ANS__Org2,h[c]__Org2,AH
AH,ANS__Org2,pyr[c]__Org2,AH
AH,nh4[c]__Org2,ANS2__Org2,AH
AH,ANS2__Org2,anth[c]__Org2,AH
AH,chor[c]__Org2,ANS2__Org2,AH
AH,ANS2__Org2,h2o[c]__Org2,AH
AH,ANS2__Org2,h[c]__Org2,AH
AH,ANS2__Org2,pyr[c]__Org2,AH
AH,2aobut[c]__Org2,AOBUTDs__Org2,AH
AH,AOBUTDs__Org2,aact[c]__Org2,AH
AH,AOBUTDs__Org2,co2[c]__Org2,AH
AH,h[c]__Org2,AOBUTDs__Org2,AH
AH,aact[c]__Org2,APPLDH__Org2,AH
AH,APPLDH__Org2,appl[c]__Org2,AH
AH,h[c]__Org2,APPLDH__Org2,AH
AH,APPLDH__Org2,nad[c]__Org2,AH
AH,nadh[c]__Org2,APPLDH__Org2,AH
AH,APRAUR__Org2,5aprbu[c]__Org2,AH
AH,5apru[c]__Org2,APRAUR__Org2,AH
AH,h[c]__Org2,APRAUR__Org2,AH
AH,APRAUR__Org2,nadp[c]__Org2,AH
AH,nadph[c]__Org2,APRAUR__Org2,AH
AH,APSRdmq__Org2,2dmmq8[c]__Org2,AH
AH,2dmmql8[c]__Org2,APSRdmq__Org2,AH
AH,paps[c]__Org2,APSRdmq__Org2,AH
AH,APSRdmq__Org2,h[c]__Org2,AH
AH,APSRdmq__Org2,pap[c]__Org2,AH
AH,APSRdmq__Org2,so3[c]__Org2,AH
AH,mql8[c]__Org2,APSRmq__Org2,AH
AH,APSRmq__Org2,mqn8[c]__Org2,AH
AH,APSRmq__Org2,h[c]__Org2,AH
AH,APSRmq__Org2,pap[c]__Org2,AH
AH,paps[c]__Org2,APSRmq__Org2,AH
AH,APSRmq__Org2,so3[c]__Org2,AH
AH,ARBabc__Org2,arab_L[c]__Org2,AH
AH,arab_L[e]__Org2,ARBabc__Org2,AH
AH,ARBabc__Org2,adp[c]__Org2,AH
AH,atp[c]__Org2,ARBabc__Org2,AH
AH,h2o[c]__Org2,ARBabc__Org2,AH
AH,ARBabc__Org2,h[c]__Org2,AH
AH,ARBabc__Org2,pi[c]__Org2,AH
AH,ARGDC__Org2,agm[c]__Org2,AH
AH,arg_L[c]__Org2,ARGDC__Org2,AH
AH,ARGDC__Org2,co2[c]__Org2,AH
AH,h[c]__Org2,ARGDC__Org2,AH
AH,argsuc[c]__Org2,ARGSL__Org2,AH
AH,ARGSL__Org2,arg_L[c]__Org2,AH
AH,ARGSL__Org2,fum[c]__Org2,AH
AH,citr_L[c]__Org2,ARGSS__Org2,AH
AH,ARGSS__Org2,amp[c]__Org2,AH
AH,ARGSS__Org2,argsuc[c]__Org2,AH
AH,asp_L[c]__Org2,ARGSS__Org2,AH
AH,atp[c]__Org2,ARGSS__Org2,AH
AH,ARGSS__Org2,h[c]__Org2,AH
AH,ARGSS__Org2,ppi[c]__Org2,AH
AH,ASAD__Org2,4pasp[c]__Org2,AH
AH,aspsa[c]__Org2,ASAD__Org2,AH
AH,ASAD__Org2,h[c]__Org2,AH
AH,nadp[c]__Org2,ASAD__Org2,AH
AH,ASAD__Org2,nadph[c]__Org2,AH
AH,pi[c]__Org2,ASAD__Org2,AH
AH,ASNt2r__Org2,asn_L[c]__Org2,AH
AH,asn_L[e]__Org2,ASNt2r__Org2,AH
AH,h[e]__Org2,ASNt2r__Org2,AH
AH,ASNt2r__Org2,h[c]__Org2,AH
AH,ASP1DC__Org2,ala_B[c]__Org2,AH
AH,asp_L[c]__Org2,ASP1DC__Org2,AH
AH,ASP1DC__Org2,co2[c]__Org2,AH
AH,h[c]__Org2,ASP1DC__Org2,AH
AH,ASPCT__Org2,cbasp[c]__Org2,AH
AH,asp_L[c]__Org2,ASPCT__Org2,AH
AH,cbp[c]__Org2,ASPCT__Org2,AH
AH,ASPCT__Org2,h[c]__Org2,AH
AH,ASPCT__Org2,pi[c]__Org2,AH
AH,ASPKi__Org2,4pasp[c]__Org2,AH
AH,ASPKi__Org2,adp[c]__Org2,AH
AH,asp_L[c]__Org2,ASPKi__Org2,AH
AH,atp[c]__Org2,ASPKi__Org2,AH
AH,ASPO1__Org2,h2o2[c]__Org2,AH
AH,ASPO1__Org2,oaa[c]__Org2,AH
AH,asp_L[c]__Org2,ASPO1__Org2,AH
AH,h2o[c]__Org2,ASPO1__Org2,AH
AH,ASPO1__Org2,nh4[c]__Org2,AH
AH,o2[c]__Org2,ASPO1__Org2,AH
AH,ASPO6__Org2,iasp[c]__Org2,AH
AH,asp_L[c]__Org2,ASPO6__Org2,AH
AH,ASPO6__Org2,h2o2[c]__Org2,AH
AH,ASPO6__Org2,h[c]__Org2,AH
AH,o2[c]__Org2,ASPO6__Org2,AH
AH,fmn[c]__Org2,ASPO7__Org2,AH
AH,ASPO7__Org2,fmnh2[c]__Org2,AH
AH,asp_L[c]__Org2,ASPO7__Org2,AH
AH,ASPO7__Org2,h[c]__Org2,AH
AH,ASPO7__Org2,iasp[c]__Org2,AH
AH,asp_L[c]__Org2,ASPT__Org2,AH
AH,ASPT__Org2,fum[c]__Org2,AH
AH,ASPT__Org2,nh4[c]__Org2,AH
AH,akg[c]__Org2,ASPTA__Org2,AH
AH,asp_L[c]__Org2,ASPTA__Org2,AH
AH,ASPTA__Org2,glu_L[c]__Org2,AH
AH,ASPTA__Org2,oaa[c]__Org2,AH
AH,ATPPRT__Org2,prbatp[c]__Org2,AH
AH,atp[c]__Org2,ATPPRT__Org2,AH
AH,ATPPRT__Org2,ppi[c]__Org2,AH
AH,prpp[c]__Org2,ATPPRT__Org2,AH
AH,adp[c]__Org2,ATPS4__Org2,AH
AH,ATPS4__Org2,atp[c]__Org2,AH
AH,ATPS4__Org2,h2o[c]__Org2,AH
AH,ATPS4__Org2,h[c]__Org2,AH
AH,h[e]__Org2,ATPS4__Org2,AH
AH,pi[c]__Org2,ATPS4__Org2,AH
AH,btamp[c]__Org2,BACCLi__Org2,AH
AH,BACCLi__Org2,btn[c]__Org2,AH
AH,BACCLi__Org2,atp[c]__Org2,AH
AH,BACCLi__Org2,h[c]__Org2,AH
AH,ppi[c]__Org2,BACCLi__Org2,AH
AH,BPNT__Org2,amp[c]__Org2,AH
AH,h2o[c]__Org2,BPNT__Org2,AH
AH,pap[c]__Org2,BPNT__Org2,AH
AH,BPNT__Org2,pi[c]__Org2,AH
AH,BTCOAACCOAT__Org2,but[c]__Org2,AH
AH,ac[c]__Org2,BTCOAACCOAT__Org2,AH
AH,BTCOAACCOAT__Org2,accoa[c]__Org2,AH
AH,btcoa[c]__Org2,BTCOAACCOAT__Org2,AH
AH,fdxox[c]__Org2,BTCOADH__Org2,AH
AH,BTCOADH__Org2,fdxrd[c]__Org2,AH
AH,b2coa[c]__Org2,BTCOADH__Org2,AH
AH,BTCOADH__Org2,btcoa[c]__Org2,AH
AH,h[c]__Org2,BTCOADH__Org2,AH
AH,BTCOADH__Org2,nad[c]__Org2,AH
AH,nadh[c]__Org2,BTCOADH__Org2,AH
AH,BTNCLi__Org2,adp[c]__Org2,AH
AH,apoC_Lys_btn[c]__Org2,BTNCLi__Org2,AH
AH,atp[c]__Org2,BTNCLi__Org2,AH
AH,BTNCLi__Org2,btn_co2[c]__Org2,AH
AH,BTNCLi__Org2,h[c]__Org2,AH
AH,hco3[c]__Org2,BTNCLi__Org2,AH
AH,BTNCLi__Org2,pi[c]__Org2,AH
AH,btn[e]__Org2,BTNabc__Org2,AH
AH,BTNabc__Org2,adp[c]__Org2,AH
AH,atp[c]__Org2,BTNabc__Org2,AH
AH,BTNabc__Org2,btn[c]__Org2,AH
AH,h2o[c]__Org2,BTNabc__Org2,AH
AH,BTNabc__Org2,h[c]__Org2,AH
AH,BTNabc__Org2,pi[c]__Org2,AH
AH,dtbt[c]__Org2,BTS4__Org2,AH
AH,s[c]__Org2,BTS4__Org2,AH
AH,amet[c]__Org2,BTS4__Org2,AH
AH,BTS4__Org2,btn[c]__Org2,AH
AH,BTS4__Org2,dad_5[c]__Org2,AH
AH,BTS4__Org2,h[c]__Org2,AH
AH,BTS4__Org2,met_L[c]__Org2,AH
AH,but[e]__Org2,BUTt2r__Org2,AH
AH,BUTt2r__Org2,but[c]__Org2,AH
AH,BUTt2r__Org2,h[c]__Org2,AH
AH,h[e]__Org2,BUTt2r__Org2,AH
AH,CA2abc__Org2,ca2[c]__Org2,AH
AH,ca2[e]__Org2,CA2abc__Org2,AH
AH,CA2abc__Org2,adp[c]__Org2,AH
AH,atp[c]__Org2,CA2abc__Org2,AH
AH,h2o[c]__Org2,CA2abc__Org2,AH
AH,CA2abc__Org2,h[c]__Org2,AH
AH,CA2abc__Org2,pi[c]__Org2,AH
AH,chlphncl[c]__Org2,CAP_NR__Org2,AH
AH,CAP_NR__Org2,nchlphncl[c]__Org2,AH
AH,CAP_NR__Org2,h2o[c]__Org2,AH
AH,h[c]__Org2,CAP_NR__Org2,AH
AH,CAP_NR__Org2,nadp[c]__Org2,AH
AH,nadph[c]__Org2,CAP_NR__Org2,AH
AH,cbi[c]__Org2,CBIAT__Org2,AH
AH,CBIAT__Org2,adocbi[c]__Org2,AH
AH,atp[c]__Org2,CBIAT__Org2,AH
AH,h[c]__Org2,CBIAT__Org2,AH
AH,CBIAT__Org2,pppi[c]__Org2,AH
AH,cbl1[c]__Org2,CBL2D__Org2,AH
AH,CBL2D__Org2,cbl2[c]__Org2,AH
AH,h[c]__Org2,CBL2D__Org2,AH
AH,nad[c]__Org2,CBL2D__Org2,AH
AH,CBL2D__Org2,nadh[c]__Org2,AH
AH,CBLAT__Org2,adocbl[c]__Org2,AH
AH,atp[c]__Org2,CBLAT__Org2,AH
AH,cbl1[c]__Org2,CBLAT__Org2,AH
AH,h[c]__Org2,CBLAT__Org2,AH
AH,CBLAT__Org2,pppi[c]__Org2,AH
AH,CBMK__Org2,adp[c]__Org2,AH
AH,atp[c]__Org2,CBMK__Org2,AH
AH,CBMK__Org2,cbp[c]__Org2,AH
AH,co2[c]__Org2,CBMK__Org2,AH
AH,CBMK__Org2,h[c]__Org2,AH
AH,nh4[c]__Org2,CBMK__Org2,AH
AH,CBPS__Org2,adp[c]__Org2,AH
AH,atp[c]__Org2,CBPS__Org2,AH
AH,CBPS__Org2,cbp[c]__Org2,AH
AH,gln_L[c]__Org2,CBPS__Org2,AH
AH,CBPS__Org2,glu_L[c]__Org2,AH
AH,h2o[c]__Org2,CBPS__Org2,AH
AH,CBPS__Org2,h[c]__Org2,AH
AH,hco3[c]__Org2,CBPS__Org2,AH
AH,CBPS__Org2,pi[c]__Org2,AH
AH,cd2[c]__Org2,CD2abc1__Org2,AH
AH,CD2abc1__Org2,cd2[e]__Org2,AH
AH,CD2abc1__Org2,adp[c]__Org2,AH
AH,atp[c]__Org2,CD2abc1__Org2,AH
AH,h2o[c]__Org2,CD2abc1__Org2,AH
AH,CD2abc1__Org2,h[c]__Org2,AH
AH,CD2abc1__Org2,pi[c]__Org2,AH
AH,acbdma14gapuc[c]__Org2,CDPGLYCGPT__Org2,AH
AH,cdpglyc[c]__Org2,CDPGLYCGPT__Org2,AH
AH,CDPGLYCGPT__Org2,cmp[c]__Org2,AH
AH,CDPGLYCGPT__Org2,h[c]__Org2,AH
AH,CDPGLYCGPT__Org2,prl45tca[c]__Org2,AH
AH,CDPMEK__Org2,2p4c2me[c]__Org2,AH
AH,4c2me[c]__Org2,CDPMEK__Org2,AH
AH,CDPMEK__Org2,adp[c]__Org2,AH
AH,atp[c]__Org2,CDPMEK__Org2,AH
AH,CDPMEK__Org2,h[c]__Org2,AH
AH,cgly[e]__Org2,CGLYabc__Org2,AH
AH,CGLYabc__Org2,adp[c]__Org2,AH
AH,atp[c]__Org2,CGLYabc__Org2,AH
AH,CGLYabc__Org2,cgly[c]__Org2,AH
AH,h2o[c]__Org2,CGLYabc__Org2,AH
AH,CGLYabc__Org2,h[c]__Org2,AH
AH,CGLYabc__Org2,pi[c]__Org2,AH
AH,CHORM__Org2,pphn[c]__Org2,AH
AH,chor[c]__Org2,CHORM__Org2,AH
AH,3psme[c]__Org2,CHORS__Org2,AH
AH,CHORS__Org2,chor[c]__Org2,AH
AH,CHORS__Org2,pi[c]__Org2,AH
AH,CLPNS140__Org2,clpn140[c]__Org2,AH
AH,pg140[c]__Org2,CLPNS140__Org2,AH
AH,CLPNS140__Org2,glyc[c]__Org2,AH
AH,CLPNS160__Org2,clpn160[c]__Org2,AH
AH,pg160[c]__Org2,CLPNS160__Org2,AH
AH,CLPNS160__Org2,glyc[c]__Org2,AH
AH,CLPNS180__Org2,clpn180[c]__Org2,AH
AH,pg180[c]__Org2,CLPNS180__Org2,AH
AH,CLPNS180__Org2,glyc[c]__Org2,AH
AH,CLPNSAI15__Org2,clpnai15[c]__Org2,AH
AH,pgai15[c]__Org2,CLPNSAI15__Org2,AH
AH,CLPNSAI15__Org2,glyc[c]__Org2,AH
AH,CLPNSAI17__Org2,clpnai17[c]__Org2,AH
AH,pgai17[c]__Org2,CLPNSAI17__Org2,AH
AH,CLPNSAI17__Org2,glyc[c]__Org2,AH
AH,CLPNSI14__Org2,clpni14[c]__Org2,AH
AH,pgi14[c]__Org2,CLPNSI14__Org2,AH
AH,CLPNSI14__Org2,glyc[c]__Org2,AH
AH,CLPNSI15__Org2,clpni15[c]__Org2,AH
AH,pgi15[c]__Org2,CLPNSI15__Org2,AH
AH,CLPNSI15__Org2,glyc[c]__Org2,AH
AH,CLPNSI16__Org2,clpni16[c]__Org2,AH
AH,pgi16[c]__Org2,CLPNSI16__Org2,AH
AH,CLPNSI16__Org2,glyc[c]__Org2,AH
AH,CLPNSI17__Org2,clpni17[c]__Org2,AH
AH,pgi17[c]__Org2,CLPNSI17__Org2,AH
AH,CLPNSI17__Org2,glyc[c]__Org2,AH
AH,2c25dho[c]__Org2,CMLDC__Org2,AH
AH,CMLDC__Org2,5odhf2a[c]__Org2,AH
AH,CMLDC__Org2,co2[c]__Org2,AH
AH,h[c]__Org2,CMLDC__Org2,AH
AH,co2[e]__Org2,CO2t__Org2,AH
AH,CO2t__Org2,co2[c]__Org2,AH
AH,copre3[c]__Org2,CPC3MT__Org2,AH
AH,CPC3MT__Org2,copre4[c]__Org2,AH
AH,CPC3MT__Org2,ahcys[c]__Org2,AH
AH,amet[c]__Org2,CPC3MT__Org2,AH
AH,copre5[c]__Org2,CPC5MT__Org2,AH
AH,CPC5MT__Org2,copre6[c]__Org2,AH
AH,CPC5MT__Org2,acald[c]__Org2,AH
AH,CPC5MT__Org2,ahcys[c]__Org2,AH
AH,amet[c]__Org2,CPC5MT__Org2,AH
AH,h2o[c]__Org2,CPC5MT__Org2,AH
AH,CPC5MT__Org2,h[c]__Org2,AH
AH,copre5b[c]__Org2,CPC5MT2__Org2,AH
AH,CPC5MT2__Org2,ahcys[c]__Org2,AH
AH,amet[c]__Org2,CPC5MT2__Org2,AH
AH,CPC5MT2__Org2,copre6[c]__Org2,AH
AH,codhpre6[c]__Org2,CPC6MT__Org2,AH
AH,CPC6MT__Org2,copre8[c]__Org2,AH
AH,CPC6MT__Org2,ahcys[c]__Org2,AH
AH,amet[c]__Org2,CPC6MT__Org2,AH
AH,CPC6MT__Org2,co2[c]__Org2,AH
AH,CPC6MT__Org2,h[c]__Org2,AH
AH,CPC6R__Org2,codhpre6[c]__Org2,AH
AH,copre6[c]__Org2,CPC6R__Org2,AH
AH,h[c]__Org2,CPC6R__Org2,AH
AH,CPC6R__Org2,nadp[c]__Org2,AH
AH,nadph[c]__Org2,CPC6R__Org2,AH
AH,CPC8MM__Org2,cobya[c]__Org2,AH
AH,copre8[c]__Org2,CPC8MM__Org2,AH
AH,cpppg3[c]__Org2,CPPPGO__Org2,AH
AH,CPPPGO__Org2,pppg9[c]__Org2,AH
AH,CPPPGO__Org2,co2[c]__Org2,AH
AH,CPPPGO__Org2,h2o[c]__Org2,AH
AH,h[c]__Org2,CPPPGO__Org2,AH
AH,o2[c]__Org2,CPPPGO__Org2,AH
AH,cro4[c]__Org2,CRO4t3__Org2,AH
AH,CRO4t3__Org2,cro4[e]__Org2,AH
AH,CRO4t3__Org2,h[c]__Org2,AH
AH,h[e]__Org2,CRO4t3__Org2,AH
AH,utp[c]__Org2,CTPS1__Org2,AH
AH,CTPS1__Org2,adp[c]__Org2,AH
AH,atp[c]__Org2,CTPS1__Org2,AH
AH,CTPS1__Org2,ctp[c]__Org2,AH
AH,CTPS1__Org2,h[c]__Org2,AH
AH,nh4[c]__Org2,CTPS1__Org2,AH
AH,CTPS1__Org2,pi[c]__Org2,AH
AH,CTPS2__Org2,adp[c]__Org2,AH
AH,atp[c]__Org2,CTPS2__Org2,AH
AH,CTPS2__Org2,ctp[c]__Org2,AH
AH,gln_L[c]__Org2,CTPS2__Org2,AH
AH,CTPS2__Org2,glu_L[c]__Org2,AH
AH,h2o[c]__Org2,CTPS2__Org2,AH
AH,CTPS2__Org2,h[c]__Org2,AH
AH,CTPS2__Org2,pi[c]__Org2,AH
AH,utp[c]__Org2,CTPS2__Org2,AH
AH,CYFO__Org2,h2o[e]__Org2,AH
AH,o2[e]__Org2,CYFO__Org2,AH
AH,rbflvrd[e]__Org2,CYFO__Org2,AH
AH,CYFO__Org2,ribflv[e]__Org2,AH
AH,co1dam[c]__Org2,CYRDAAT__Org2,AH
AH,CYRDAAT__Org2,adcobdam[c]__Org2,AH
AH,atp[c]__Org2,CYRDAAT__Org2,AH
AH,h[c]__Org2,CYRDAAT__Org2,AH
AH,CYRDAAT__Org2,pppi[c]__Org2,AH
AH,co2dam[c]__Org2,CYRDAR__Org2,AH
AH,CYRDAR__Org2,co1dam[c]__Org2,AH
AH,CYRDAR__Org2,h[c]__Org2,AH
AH,CYRDAR__Org2,nad[c]__Org2,AH
AH,nadh[c]__Org2,CYRDAR__Org2,AH
AH,CYRDAS__Org2,adp[c]__Org2,AH
AH,atp[c]__Org2,CYRDAS__Org2,AH
AH,CYRDAS__Org2,co2dam[c]__Org2,AH
AH,cobya[c]__Org2,CYRDAS__Org2,AH
AH,gln_L[c]__Org2,CYRDAS__Org2,AH
AH,CYRDAS__Org2,glu_L[c]__Org2,AH
AH,h2o[c]__Org2,CYRDAS__Org2,AH
AH,CYRDAS__Org2,h[c]__Org2,AH
AH,CYRDAS__Org2,ppi[c]__Org2,AH
AH,acser[c]__Org2,CYSS__Org2,AH
AH,CYSS__Org2,ac[c]__Org2,AH
AH,CYSS__Org2,cys_L[c]__Org2,AH
AH,h2s[c]__Org2,CYSS__Org2,AH
AH,CYSS__Org2,h[c]__Org2,AH
AH,CYSS3r__Org2,ac[c]__Org2,AH
AH,acser[c]__Org2,CYSS3r__Org2,AH
AH,CYSS3r__Org2,cys_L[c]__Org2,AH
AH,CYSS3r__Org2,h[c]__Org2,AH
AH,CYSS3r__Org2,so3[c]__Org2,AH
AH,CYSS3r__Org2,trdox[c]__Org2,AH
AH,trdrd[c]__Org2,CYSS3r__Org2,AH
AH,tsul[c]__Org2,CYSS3r__Org2,AH
AH,CYSTS__Org2,cyst_L[c]__Org2,AH
AH,ser_L[c]__Org2,CYSTS__Org2,AH
AH,CYSTS__Org2,h2o[c]__Org2,AH
AH,hcys_L[c]__Org2,CYSTS__Org2,AH
AH,cytd[c]__Org2,CYTDK3__Org2,AH
AH,CYTDK3__Org2,idp[c]__Org2,AH
AH,itp[c]__Org2,CYTDK3__Org2,AH
AH,CYTDK3__Org2,cmp[c]__Org2,AH
AH,CYTDK3__Org2,h[c]__Org2,AH
AH,CYTK1__Org2,adp[c]__Org2,AH
AH,atp[c]__Org2,CYTK1__Org2,AH
AH,CYTK1__Org2,cdp[c]__Org2,AH
AH,cmp[c]__Org2,CYTK1__Org2,AH
AH,dcmp[c]__Org2,CYTK2__Org2,AH
AH,CYTK2__Org2,adp[c]__Org2,AH
AH,atp[c]__Org2,CYTK2__Org2,AH
AH,CYTK2__Org2,dcdp[c]__Org2,AH
AH,CZP_NR__Org2,7a_czp[c]__Org2,AH
AH,czp[c]__Org2,CZP_NR__Org2,AH
AH,CZP_NR__Org2,h2o[c]__Org2,AH
AH,h[c]__Org2,CZP_NR__Org2,AH
AH,CZP_NR__Org2,nadp[c]__Org2,AH
AH,nadph[c]__Org2,CZP_NR__Org2,AH
AH,Coabc__Org2,cobalt2[c]__Org2,AH
AH,cobalt2[e]__Org2,Coabc__Org2,AH
AH,Coabc__Org2,adp[c]__Org2,AH
AH,atp[c]__Org2,Coabc__Org2,AH
AH,h2o[c]__Org2,Coabc__Org2,AH
AH,Coabc__Org2,h[c]__Org2,AH
AH,Coabc__Org2,pi[c]__Org2,AH
AH,Cuabc__Org2,cu2[c]__Org2,AH
AH,cu2[e]__Org2,Cuabc__Org2,AH
AH,Cuabc__Org2,adp[c]__Org2,AH
AH,atp[c]__Org2,Cuabc__Org2,AH
AH,h2o[c]__Org2,Cuabc__Org2,AH
AH,Cuabc__Org2,h[c]__Org2,AH
AH,Cuabc__Org2,pi[c]__Org2,AH
AH,Cut1__Org2,adp[c]__Org2,AH
AH,atp[c]__Org2,Cut1__Org2,AH
AH,cu2[c]__Org2,Cut1__Org2,AH
AH,Cut1__Org2,cu2[e]__Org2,AH
AH,h2o[c]__Org2,Cut1__Org2,AH
AH,Cut1__Org2,h[c]__Org2,AH
AH,Cut1__Org2,pi[c]__Org2,AH
AH,DAPDA__Org2,26dap_LL[c]__Org2,AH
AH,DAPDA__Org2,ac[c]__Org2,AH
AH,h2o[c]__Org2,DAPDA__Org2,AH
AH,n6all26d[c]__Org2,DAPDA__Org2,AH
AH,DAPE__Org2,26dap_M[c]__Org2,AH
AH,26dap_LL[c]__Org2,DAPE__Org2,AH
AH,DAPMDH__Org2,l2a6o[c]__Org2,AH
AH,26dap_M[c]__Org2,DAPMDH__Org2,AH
AH,h2o[c]__Org2,DAPMDH__Org2,AH
AH,DAPMDH__Org2,h[c]__Org2,AH
AH,nadp[c]__Org2,DAPMDH__Org2,AH
AH,DAPMDH__Org2,nadph[c]__Org2,AH
AH,DAPMDH__Org2,nh4[c]__Org2,AH
AH,DASYN120__Org2,cdpdddecg[c]__Org2,AH
AH,ctp[c]__Org2,DASYN120__Org2,AH
AH,h[c]__Org2,DASYN120__Org2,AH
AH,pa120[c]__Org2,DASYN120__Org2,AH
AH,DASYN120__Org2,ppi[c]__Org2,AH
AH,DASYN140__Org2,cdpdtdecg[c]__Org2,AH
AH,ctp[c]__Org2,DASYN140__Org2,AH
AH,h[c]__Org2,DASYN140__Org2,AH
AH,pa140[c]__Org2,DASYN140__Org2,AH
AH,DASYN140__Org2,ppi[c]__Org2,AH
AH,DASYN141__Org2,cdpdtdec7eg[c]__Org2,AH
AH,ctp[c]__Org2,DASYN141__Org2,AH
AH,h[c]__Org2,DASYN141__Org2,AH
AH,pa141[c]__Org2,DASYN141__Org2,AH
AH,DASYN141__Org2,ppi[c]__Org2,AH
AH,DASYN160__Org2,cdpdhdecg[c]__Org2,AH
AH,ctp[c]__Org2,DASYN160__Org2,AH
AH,h[c]__Org2,DASYN160__Org2,AH
AH,pa160[c]__Org2,DASYN160__Org2,AH
AH,DASYN160__Org2,ppi[c]__Org2,AH
AH,DASYN161__Org2,cdpdhdec9eg[c]__Org2,AH
AH,ctp[c]__Org2,DASYN161__Org2,AH
AH,h[c]__Org2,DASYN161__Org2,AH
AH,pa161[c]__Org2,DASYN161__Org2,AH
AH,DASYN161__Org2,ppi[c]__Org2,AH
AH,DASYN180__Org2,cdpdodecg[c]__Org2,AH
AH,ctp[c]__Org2,DASYN180__Org2,AH
AH,h[c]__Org2,DASYN180__Org2,AH
AH,pa180[c]__Org2,DASYN180__Org2,AH
AH,DASYN180__Org2,ppi[c]__Org2,AH
AH,DASYN181__Org2,cdpdodec11eg[c]__Org2,AH
AH,ctp[c]__Org2,DASYN181__Org2,AH
AH,h[c]__Org2,DASYN181__Org2,AH
AH,pa181[c]__Org2,DASYN181__Org2,AH
AH,DASYN181__Org2,ppi[c]__Org2,AH
AH,DASYNAI15__Org2,cdpdaipdecg[c]__Org2,AH
AH,ctp[c]__Org2,DASYNAI15__Org2,AH
AH,h[c]__Org2,DASYNAI15__Org2,AH
AH,paai15[c]__Org2,DASYNAI15__Org2,AH
AH,DASYNAI15__Org2,ppi[c]__Org2,AH
AH,DASYNAI17__Org2,cdpdaihpdecg[c]__Org2,AH
AH,ctp[c]__Org2,DASYNAI17__Org2,AH
AH,h[c]__Org2,DASYNAI17__Org2,AH
AH,paai17[c]__Org2,DASYNAI17__Org2,AH
AH,DASYNAI17__Org2,ppi[c]__Org2,AH
AH,DASYNI14__Org2,cdpditdecg[c]__Org2,AH
AH,ctp[c]__Org2,DASYNI14__Org2,AH
AH,h[c]__Org2,DASYNI14__Org2,AH
AH,pai14[c]__Org2,DASYNI14__Org2,AH
AH,DASYNI14__Org2,ppi[c]__Org2,AH
AH,DASYNI15__Org2,cdpdipdecg[c]__Org2,AH
AH,ctp[c]__Org2,DASYNI15__Org2,AH
AH,h[c]__Org2,DASYNI15__Org2,AH
AH,pai15[c]__Org2,DASYNI15__Org2,AH
AH,DASYNI15__Org2,ppi[c]__Org2,AH
AH,DASYNI16__Org2,cdpdihdecg[c]__Org2,AH
AH,ctp[c]__Org2,DASYNI16__Org2,AH
AH,h[c]__Org2,DASYNI16__Org2,AH
AH,pai16[c]__Org2,DASYNI16__Org2,AH
AH,DASYNI16__Org2,ppi[c]__Org2,AH
AH,DASYNI17__Org2,cdpdihpdecg[c]__Org2,AH
AH,ctp[c]__Org2,DASYNI17__Org2,AH
AH,h[c]__Org2,DASYNI17__Org2,AH
AH,pai17[c]__Org2,DASYNI17__Org2,AH
AH,DASYNI17__Org2,ppi[c]__Org2,AH
AH,DB4PS__Org2,db4p[c]__Org2,AH
AH,ru5p_D[c]__Org2,DB4PS__Org2,AH
AH,DB4PS__Org2,for[c]__Org2,AH
AH,DB4PS__Org2,h[c]__Org2,AH
AH,DCMPDAi__Org2,dump[c]__Org2,AH
AH,dcmp[c]__Org2,DCMPDAi__Org2,AH
AH,h2o[c]__Org2,DCMPDAi__Org2,AH
AH,h[c]__Org2,DCMPDAi__Org2,AH
AH,DCMPDAi__Org2,nh4[c]__Org2,AH
AH,DDPA__Org2,2dda7p[c]__Org2,AH
AH,e4p[c]__Org2,DDPA__Org2,AH
AH,pep[c]__Org2,DDPA__Org2,AH
AH,h2o[c]__Org2,DDPA__Org2,AH
AH,DDPA__Org2,pi[c]__Org2,AH
AH,dgmp[c]__Org2,DGK1__Org2,AH
AH,DGK1__Org2,adp[c]__Org2,AH
AH,atp[c]__Org2,DGK1__Org2,AH
AH,DGK1__Org2,dgdp[c]__Org2,AH
AH,23dhmb[c]__Org2,DHAD1__Org2,AH
AH,DHAD1__Org2,3mob[c]__Org2,AH
AH,DHAD1__Org2,h2o[c]__Org2,AH
AH,DHAD2__Org2,3mop[c]__Org2,AH
AH,23dhmp[c]__Org2,DHAD2__Org2,AH
AH,DHAD2__Org2,h2o[c]__Org2,AH
AH,dha[c]__Org2,DHAPT__Org2,AH
AH,DHAPT__Org2,dhap[c]__Org2,AH
AH,pep[c]__Org2,DHAPT__Org2,AH
AH,DHAPT__Org2,pyr[c]__Org2,AH
AH,23dhdp[c]__Org2,DHDPRy__Org2,AH
AH,h[c]__Org2,DHDPRy__Org2,AH
AH,DHDPRy__Org2,nadp[c]__Org2,AH
AH,nadph[c]__Org2,DHDPRy__Org2,AH
AH,DHDPRy__Org2,thdp[c]__Org2,AH
AH,DHDPS__Org2,23dhdp[c]__Org2,AH
AH,aspsa[c]__Org2,DHDPS__Org2,AH
AH,DHDPS__Org2,h2o[c]__Org2,AH
AH,DHDPS__Org2,h[c]__Org2,AH
AH,pyr[c]__Org2,DHDPS__Org2,AH
AH,dhf[c]__Org2,DHFOR2__Org2,AH
AH,DHFOR2__Org2,fol[c]__Org2,AH
AH,nadp[c]__Org2,DHFOR2__Org2,AH
AH,DHFOR2__Org2,nadph[c]__Org2,AH
AH,dhf[c]__Org2,DHFR__Org2,AH
AH,h[c]__Org2,DHFR__Org2,AH
AH,DHFR__Org2,nadp[c]__Org2,AH
AH,nadph[c]__Org2,DHFR__Org2,AH
AH,DHFR__Org2,thf[c]__Org2,AH
AH,dhpt[c]__Org2,DHFS__Org2,AH
AH,DHFS__Org2,adp[c]__Org2,AH
AH,atp[c]__Org2,DHFS__Org2,AH
AH,DHFS__Org2,dhf[c]__Org2,AH
AH,glu_L[c]__Org2,DHFS__Org2,AH
AH,DHFS__Org2,h[c]__Org2,AH
AH,DHFS__Org2,pi[c]__Org2,AH
AH,DHNPA__Org2,2ahhmp[c]__Org2,AH
AH,dhnpt[c]__Org2,DHNPA__Org2,AH
AH,DHNPA__Org2,gcald[c]__Org2,AH
AH,DHNPA2__Org2,6hmhpt[c]__Org2,AH
AH,dhnpt[c]__Org2,DHNPA2__Org2,AH
AH,DHNPA2__Org2,gcald[c]__Org2,AH
AH,dhor_S[c]__Org2,DHORDi__Org2,AH
AH,DHORDi__Org2,orot[c]__Org2,AH
AH,DHORDi__Org2,h2o2[c]__Org2,AH
AH,o2[c]__Org2,DHORDi__Org2,AH
AH,dhor_S[c]__Org2,DHORDnad__Org2,AH
AH,DHORDnad__Org2,h[c]__Org2,AH
AH,nad[c]__Org2,DHORDnad__Org2,AH
AH,DHORDnad__Org2,nadh[c]__Org2,AH
AH,DHORDnad__Org2,orot[c]__Org2,AH
AH,DHORTS__Org2,cbasp[c]__Org2,AH
AH,dhor_S[c]__Org2,DHORTS__Org2,AH
AH,h2o[c]__Org2,DHORTS__Org2,AH
AH,DHORTS__Org2,h[c]__Org2,AH
AH,56dura[c]__Org2,DHPM1__Org2,AH
AH,DHPM1__Org2,cala[c]__Org2,AH
AH,h2o[c]__Org2,DHPM1__Org2,AH
AH,DHPM1__Org2,h[c]__Org2,AH
AH,DHPM2__Org2,3uib[c]__Org2,AH
AH,56dthm[c]__Org2,DHPM2__Org2,AH
AH,h2o[c]__Org2,DHPM2__Org2,AH
AH,DHPM2__Org2,h[c]__Org2,AH
AH,25dhpp[c]__Org2,DHPPDA__Org2,AH
AH,DHPPDA__Org2,5apru[c]__Org2,AH
AH,h2o[c]__Org2,DHPPDA__Org2,AH
AH,h[c]__Org2,DHPPDA__Org2,AH
AH,DHPPDA__Org2,nh4[c]__Org2,AH
AH,25drapp[c]__Org2,DHPPDA2__Org2,AH
AH,DHPPDA2__Org2,5apru[c]__Org2,AH
AH,h2o[c]__Org2,DHPPDA2__Org2,AH
AH,h[c]__Org2,DHPPDA2__Org2,AH
AH,DHPPDA2__Org2,nh4[c]__Org2,AH
AH,4abz[c]__Org2,DHPS__Org2,AH
AH,2ahhmp[c]__Org2,DHPS__Org2,AH
AH,DHPS__Org2,dhpt[c]__Org2,AH
AH,DHPS__Org2,h2o[c]__Org2,AH
AH,6hmhptpp[c]__Org2,DHPS2__Org2,AH
AH,4abz[c]__Org2,DHPS2__Org2,AH
AH,DHPS2__Org2,dhpt[c]__Org2,AH
AH,DHPS2__Org2,ppi[c]__Org2,AH
AH,DHQS__Org2,3dhq[c]__Org2,AH
AH,2dda7p[c]__Org2,DHQS__Org2,AH
AH,DHQS__Org2,pi[c]__Org2,AH
AH,DHQTi__Org2,3dhsk[c]__Org2,AH
AH,3dhq[c]__Org2,DHQTi__Org2,AH
AH,DHQTi__Org2,h2o[c]__Org2,AH
AH,dmpp[c]__Org2,DMATT__Org2,AH
AH,DMATT__Org2,grdp[c]__Org2,AH
AH,ipdp[c]__Org2,DMATT__Org2,AH
AH,DMATT__Org2,ppi[c]__Org2,AH
AH,h2mb4p[c]__Org2,DMPPS__Org2,AH
AH,DMPPS__Org2,dmpp[c]__Org2,AH
AH,DMPPS__Org2,h2o[c]__Org2,AH
AH,h[c]__Org2,DMPPS__Org2,AH
AH,DMPPS__Org2,nad[c]__Org2,AH
AH,nadh[c]__Org2,DMPPS__Org2,AH
AH,DMPPS2r__Org2,dmpp[c]__Org2,AH
AH,h2mb4p[c]__Org2,DMPPS2r__Org2,AH
AH,DMPPS2r__Org2,h2o[c]__Org2,AH
AH,h[c]__Org2,DMPPS2r__Org2,AH
AH,DMPPS2r__Org2,nadp[c]__Org2,AH
AH,nadph[c]__Org2,DMPPS2r__Org2,AH
AH,4hba[c]__Org2,DM_4HBA__Org2,AH
AH,na1[c]__Org2,DM_NA1__Org2,AH
AH,DM_atp_c___Org2,adp[c]__Org2,AH
AH,atp[c]__Org2,DM_atp_c___Org2,AH
AH,h2o[c]__Org2,DM_atp_c___Org2,AH
AH,DM_atp_c___Org2,h[c]__Org2,AH
AH,DM_atp_c___Org2,pi[c]__Org2,AH
AH,btn[c]__Org2,DM_btn__Org2,AH
AH,clpn140[c]__Org2,DM_clpn140(c)__Org2,AH
AH,clpn160[c]__Org2,DM_clpn160(c)__Org2,AH
AH,clpn180[c]__Org2,DM_clpn180(c)__Org2,AH
AH,clpni16[c]__Org2,DM_clpni16(c)__Org2,AH
AH,dad_5[c]__Org2,DM_dad_5__Org2,AH
AH,dhptd[c]__Org2,DM_dhptd(c)__Org2,AH
AH,kdo2lipid4L[c]__Org2,DM_kdo2lipid4L(c)__Org2,AH
AH,teich_45_BS[c]__Org2,DM_teich_45_BS(c)__Org2,AH
AH,this[c]__Org2,DM_this[c]__Org2,AH
AH,dhpmp[c]__Org2,DNMPPA__Org2,AH
AH,DNMPPA__Org2,dhnpt[c]__Org2,AH
AH,h2o[c]__Org2,DNMPPA__Org2,AH
AH,DNMPPA__Org2,pi[c]__Org2,AH
AH,ahdt[c]__Org2,DNTPPA__Org2,AH
AH,DNTPPA__Org2,dhpmp[c]__Org2,AH
AH,h2o[c]__Org2,DNTPPA__Org2,AH
AH,DNTPPA__Org2,h[c]__Org2,AH
AH,DNTPPA__Org2,ppi[c]__Org2,AH
AH,dpcoa[c]__Org2,DPCOAK__Org2,AH
AH,DPCOAK__Org2,adp[c]__Org2,AH
AH,atp[c]__Org2,DPCOAK__Org2,AH
AH,DPCOAK__Org2,coa[c]__Org2,AH
AH,DPCOAK__Org2,h[c]__Org2,AH
AH,2dhp[c]__Org2,DPR__Org2,AH
AH,DPR__Org2,pant_R[c]__Org2,AH
AH,h[c]__Org2,DPR__Org2,AH
AH,DPR__Org2,nadp[c]__Org2,AH
AH,nadph[c]__Org2,DPR__Org2,AH
AH,DRBK__Org2,2dr5p[c]__Org2,AH
AH,drib[c]__Org2,DRBK__Org2,AH
AH,DRBK__Org2,adp[c]__Org2,AH
AH,atp[c]__Org2,DRBK__Org2,AH
AH,DRBK__Org2,h[c]__Org2,AH
AH,drib[e]__Org2,DRIBabc__Org2,AH
AH,DRIBabc__Org2,adp[c]__Org2,AH
AH,atp[c]__Org2,DRIBabc__Org2,AH
AH,DRIBabc__Org2,drib[c]__Org2,AH
AH,h2o[c]__Org2,DRIBabc__Org2,AH
AH,DRIBabc__Org2,h[c]__Org2,AH
AH,DRIBabc__Org2,pi[c]__Org2,AH
AH,DRPAr__Org2,g3p[c]__Org2,AH
AH,2dr5p[c]__Org2,DRPAr__Org2,AH
AH,DRPAr__Org2,acald[c]__Org2,AH
AH,dtmp[c]__Org2,DTMPK__Org2,AH
AH,DTMPK__Org2,adp[c]__Org2,AH
AH,atp[c]__Org2,DTMPK__Org2,AH
AH,DTMPK__Org2,dtdp[c]__Org2,AH
AH,DUTPDP__Org2,dump[c]__Org2,AH
AH,dutp[c]__Org2,DUTPDP__Org2,AH
AH,h2o[c]__Org2,DUTPDP__Org2,AH
AH,DUTPDP__Org2,h[c]__Org2,AH
AH,DUTPDP__Org2,ppi[c]__Org2,AH
AH,DXPRIr__Org2,2me4p[c]__Org2,AH
AH,dxyl5p[c]__Org2,DXPRIr__Org2,AH
AH,h[c]__Org2,DXPRIr__Org2,AH
AH,DXPRIr__Org2,nadp[c]__Org2,AH
AH,nadph[c]__Org2,DXPRIr__Org2,AH
AH,DXPS__Org2,co2[c]__Org2,AH
AH,DXPS__Org2,dxyl5p[c]__Org2,AH
AH,g3p[c]__Org2,DXPS__Org2,AH
AH,h[c]__Org2,DXPS__Org2,AH
AH,pyr[c]__Org2,DXPS__Org2,AH
AH,DXYTST__Org2,2c4mthzep[c]__Org2,AH
AH,thissh[c]__Org2,DXYTST__Org2,AH
AH,dxyl5p[c]__Org2,DXYTST__Org2,AH
AH,DXYTST__Org2,h2o[c]__Org2,AH
AH,DXYTST__Org2,h[c]__Org2,AH
AH,imogly[c]__Org2,DXYTST__Org2,AH
AH,DXYTST__Org2,this[c]__Org2,AH
AH,D_LACt2__Org2,lac_D[c]__Org2,AH
AH,lac_D[e]__Org2,D_LACt2__Org2,AH
AH,D_LACt2__Org2,h[c]__Org2,AH
AH,h[e]__Org2,D_LACt2__Org2,AH
AH,E4PD__Org2,4per[c]__Org2,AH
AH,e4p[c]__Org2,E4PD__Org2,AH
AH,h2o[c]__Org2,E4PD__Org2,AH
AH,E4PD__Org2,h[c]__Org2,AH
AH,nad[c]__Org2,E4PD__Org2,AH
AH,E4PD__Org2,nadh[c]__Org2,AH
AH,3hbcoa[c]__Org2,ECOAH1__Org2,AH
AH,ECOAH1__Org2,b2coa[c]__Org2,AH
AH,ECOAH1__Org2,h2o[c]__Org2,AH
AH,3hbcoa_R[c]__Org2,ECOAH1R__Org2,AH
AH,ECOAH1R__Org2,b2coa[c]__Org2,AH
AH,ECOAH1R__Org2,h2o[c]__Org2,AH
AH,EHGLAT__Org2,4h2oglt[c]__Org2,AH
AH,e4hglu[c]__Org2,EHGLAT__Org2,AH
AH,akg[c]__Org2,EHGLAT__Org2,AH
AH,EHGLAT__Org2,glu_L[c]__Org2,AH
AH,2pg[c]__Org2,ENO__Org2,AH
AH,ENO__Org2,h2o[c]__Org2,AH
AH,ENO__Org2,pep[c]__Org2,AH
AH,12dhchol[e]__Org2,EX_12dhchol(e)__Org2,AH
AH,EX_12dhchol(e)__Org2,12dhchol_m,AH
AH,12ppd_S[e]__Org2,EX_12ppd_S(e)__Org2,AH
AH,EX_12ppd_S(e)__Org2,12ppd_S_m,AH
AH,4ahmmp[e]__Org2,EX_4ahmmp(e)__Org2,AH
AH,EX_4ahmmp(e)__Org2,4ahmmp_m,AH
AH,7a_czp[e]__Org2,EX_7a_czp(e)__Org2,AH
AH,EX_7a_czp(e)__Org2,7a_czp_m,AH
AH,C02528[e]__Org2,EX_C02528(e)__Org2,AH
AH,EX_C02528(e)__Org2,C02528_m,AH
AH,ac[e]__Org2,EX_ac(e)__Org2,AH
AH,EX_ac(e)__Org2,ac_m,AH
AH,ala_L[e]__Org2,EX_ala_L(e)__Org2,AH
AH,EX_ala_L(e)__Org2,ala_L_m,AH
AH,alaasp[e]__Org2,EX_alaasp(e)__Org2,AH
AH,EX_alaasp(e)__Org2,alaasp_m,AH
AH,alagln[e]__Org2,EX_alagln(e)__Org2,AH
AH,EX_alagln(e)__Org2,alagln_m,AH
AH,alaglu[e]__Org2,EX_alaglu(e)__Org2,AH
AH,EX_alaglu(e)__Org2,alaglu_m,AH
AH,alagly[e]__Org2,EX_alagly(e)__Org2,AH
AH,EX_alagly(e)__Org2,alagly_m,AH
AH,alahis[e]__Org2,EX_alahis(e)__Org2,AH
AH,EX_alahis(e)__Org2,alahis_m,AH
AH,alaleu[e]__Org2,EX_alaleu(e)__Org2,AH
AH,EX_alaleu(e)__Org2,alaleu_m,AH
AH,alathr[e]__Org2,EX_alathr(e)__Org2,AH
AH,EX_alathr(e)__Org2,alathr_m,AH
AH,anzp[e]__Org2,EX_anzp(e)__Org2,AH
AH,EX_anzp(e)__Org2,anzp_m,AH
AH,arab_L[e]__Org2,EX_arab_L(e)__Org2,AH
AH,EX_arab_L(e)__Org2,arab_L_m,AH
AH,asn_L[e]__Org2,EX_asn_L(e)__Org2,AH
AH,EX_asn_L(e)__Org2,asn_L_m,AH
AH,biomass[c]__Org2,DM_biomass(e)__Org2,AH
AH,btn[e]__Org2,EX_btn(e)__Org2,AH
AH,EX_btn(e)__Org2,btn_m,AH
AH,but[e]__Org2,EX_but(e)__Org2,AH
AH,EX_but(e)__Org2,but_m,AH
AH,ca2[e]__Org2,EX_ca2(e)__Org2,AH
AH,EX_ca2(e)__Org2,ca2_m,AH
AH,cd2[e]__Org2,EX_cd2(e)__Org2,AH
AH,EX_cd2(e)__Org2,cd2_m,AH
AH,cgly[e]__Org2,EX_cgly(e)__Org2,AH
AH,EX_cgly(e)__Org2,cgly_m,AH
AH,chlphncl[e]__Org2,EX_chlphncl(e)__Org2,AH
AH,EX_chlphncl(e)__Org2,chlphncl_m,AH
AH,cholate[e]__Org2,EX_cholate(e)__Org2,AH
AH,EX_cholate(e)__Org2,cholate_m,AH
AH,cl[e]__Org2,EX_cl(e)__Org2,AH
AH,EX_cl(e)__Org2,cl_m,AH
AH,co2[e]__Org2,EX_co2(e)__Org2,AH
AH,EX_co2(e)__Org2,co2_m,AH
AH,cobalt2[e]__Org2,EX_cobalt2(e)__Org2,AH
AH,EX_cobalt2(e)__Org2,cobalt2_m,AH
AH,cro4[e]__Org2,EX_cro4(e)__Org2,AH
AH,EX_cro4(e)__Org2,cro4_m,AH
AH,cu2[e]__Org2,EX_cu2(e)__Org2,AH
AH,EX_cu2(e)__Org2,cu2_m,AH
AH,czp[e]__Org2,EX_czp(e)__Org2,AH
AH,EX_czp(e)__Org2,czp_m,AH
AH,dgchol[e]__Org2,EX_dgchol(e)__Org2,AH
AH,EX_dgchol(e)__Org2,dgchol_m,AH
AH,drib[e]__Org2,EX_drib(e)__Org2,AH
AH,EX_drib(e)__Org2,drib_m,AH
AH,fe2[e]__Org2,EX_fe2(e)__Org2,AH
AH,EX_fe2(e)__Org2,fe2_m,AH
AH,fe3[e]__Org2,EX_fe3(e)__Org2,AH
AH,EX_fe3(e)__Org2,fe3_m,AH
AH,fol[e]__Org2,EX_fol(e)__Org2,AH
AH,EX_fol(e)__Org2,fol_m,AH
AH,for[e]__Org2,EX_for(e)__Org2,AH
AH,EX_for(e)__Org2,for_m,AH
AH,fru[e]__Org2,EX_fru(e)__Org2,AH
AH,EX_fru(e)__Org2,fru_m,AH
AH,gal[e]__Org2,EX_gal(e)__Org2,AH
AH,EX_gal(e)__Org2,gal_m,AH
AH,gchola[e]__Org2,EX_gchola(e)__Org2,AH
AH,EX_gchola(e)__Org2,gchola_m,AH
AH,glc_D[e]__Org2,EX_glc_D(e)__Org2,AH
AH,EX_glc_D(e)__Org2,glc_D_m,AH
AH,gln_L[e]__Org2,EX_gln_L(e)__Org2,AH
AH,EX_gln_L(e)__Org2,gln_L_m,AH
AH,glu_L[e]__Org2,EX_glu_L(e)__Org2,AH
AH,EX_glu_L(e)__Org2,glu_L_m,AH
AH,gly[e]__Org2,EX_gly(e)__Org2,AH
AH,EX_gly(e)__Org2,gly_m,AH
AH,glyasn[e]__Org2,EX_glyasn(e)__Org2,AH
AH,EX_glyasn(e)__Org2,glyasn_m,AH
AH,glyasp[e]__Org2,EX_glyasp(e)__Org2,AH
AH,EX_glyasp(e)__Org2,glyasp_m,AH
AH,glyc[e]__Org2,EX_glyc(e)__Org2,AH
AH,EX_glyc(e)__Org2,glyc_m,AH
AH,glycys[e]__Org2,EX_glycys(e)__Org2,AH
AH,EX_glycys(e)__Org2,glycys_m,AH
AH,glygln[e]__Org2,EX_glygln(e)__Org2,AH
AH,EX_glygln(e)__Org2,glygln_m,AH
AH,glyglu[e]__Org2,EX_glyglu(e)__Org2,AH
AH,EX_glyglu(e)__Org2,glyglu_m,AH
AH,glyleu[e]__Org2,EX_glyleu(e)__Org2,AH
AH,EX_glyleu(e)__Org2,glyleu_m,AH
AH,glymet[e]__Org2,EX_glymet(e)__Org2,AH
AH,EX_glymet(e)__Org2,glymet_m,AH
AH,glyphe[e]__Org2,EX_glyphe(e)__Org2,AH
AH,EX_glyphe(e)__Org2,glyphe_m,AH
AH,glypro[e]__Org2,EX_glypro(e)__Org2,AH
AH,EX_glypro(e)__Org2,glypro_m,AH
AH,glytyr[e]__Org2,EX_glytyr(e)__Org2,AH
AH,EX_glytyr(e)__Org2,glytyr_m,AH
AH,h[e]__Org2,EX_h(e)__Org2,AH
AH,EX_h(e)__Org2,h_m,AH
AH,h2[e]__Org2,EX_h2(e)__Org2,AH
AH,EX_h2(e)__Org2,h2_m,AH
AH,h2o[e]__Org2,EX_h2o(e)__Org2,AH
AH,EX_h2o(e)__Org2,h2o_m,AH
AH,hg2[e]__Org2,EX_hg2(e)__Org2,AH
AH,EX_hg2(e)__Org2,hg2_m,AH
AH,his_L[e]__Org2,EX_his_L(e)__Org2,AH
AH,EX_his_L(e)__Org2,his_L_m,AH
AH,hxan[e]__Org2,EX_hxan(e)__Org2,AH
AH,EX_hxan(e)__Org2,hxan_m,AH
AH,ile_L[e]__Org2,EX_ile_L(e)__Org2,AH
AH,EX_ile_L(e)__Org2,ile_L_m,AH
AH,inulin[e]__Org2,EX_inulin(e)__Org2,AH
AH,EX_inulin(e)__Org2,inulin_m,AH
AH,k[e]__Org2,EX_k(e)__Org2,AH
AH,EX_k(e)__Org2,k_m,AH
AH,kesto[e]__Org2,EX_kesto(e)__Org2,AH
AH,EX_kesto(e)__Org2,kesto_m,AH
AH,kestopt[e]__Org2,EX_kestopt(e)__Org2,AH
AH,EX_kestopt(e)__Org2,kestopt_m,AH
AH,kestottr[e]__Org2,EX_kestottr(e)__Org2,AH
AH,EX_kestottr(e)__Org2,kestottr_m,AH
AH,lac_D[e]__Org2,EX_lac_D(e)__Org2,AH
AH,EX_lac_D(e)__Org2,lac_D_m,AH
AH,lac_L[e]__Org2,EX_lac_L(e)__Org2,AH
AH,EX_lac_L(e)__Org2,lac_L_m,AH
AH,lactl[e]__Org2,EX_lactl(e)__Org2,AH
AH,EX_lactl(e)__Org2,lactl_m,AH
AH,lcts[e]__Org2,EX_lcts(e)__Org2,AH
AH,EX_lcts(e)__Org2,lcts_m,AH
AH,leu_L[e]__Org2,EX_leu_L(e)__Org2,AH
AH,EX_leu_L(e)__Org2,leu_L_m,AH
AH,lys_L[e]__Org2,EX_lys_L(e)__Org2,AH
AH,EX_lys_L(e)__Org2,lys_L_m,AH
AH,malt[e]__Org2,EX_malt(e)__Org2,AH
AH,EX_malt(e)__Org2,malt_m,AH
AH,man[e]__Org2,EX_man(e)__Org2,AH
AH,EX_man(e)__Org2,man_m,AH
AH,melib[e]__Org2,EX_melib(e)__Org2,AH
AH,EX_melib(e)__Org2,melib_m,AH
AH,met_D[e]__Org2,EX_met_D(e)__Org2,AH
AH,EX_met_D(e)__Org2,met_D_m,AH
AH,met_L[e]__Org2,EX_met_L(e)__Org2,AH
AH,EX_met_L(e)__Org2,met_L_m,AH
AH,metala[e]__Org2,EX_metala(e)__Org2,AH
AH,EX_metala(e)__Org2,metala_m,AH
AH,metsox_S_L[e]__Org2,EX_metsox_S_L(e)__Org2,AH
AH,EX_metsox_S_L(e)__Org2,metsox_S_L_m,AH
AH,mg2[e]__Org2,EX_mg2(e)__Org2,AH
AH,EX_mg2(e)__Org2,mg2_m,AH
AH,mn2[e]__Org2,EX_mn2(e)__Org2,AH
AH,EX_mn2(e)__Org2,mn2_m,AH
AH,mnl[e]__Org2,EX_mnl(e)__Org2,AH
AH,EX_mnl(e)__Org2,mnl_m,AH
AH,mobd[e]__Org2,EX_mobd(e)__Org2,AH
AH,EX_mobd(e)__Org2,mobd_m,AH
AH,na1[e]__Org2,EX_na1(e)__Org2,AH
AH,EX_na1(e)__Org2,na1_m,AH
AH,nac[e]__Org2,EX_nac(e)__Org2,AH
AH,EX_nac(e)__Org2,nac_m,AH
AH,nchlphncl[e]__Org2,EX_nchlphncl(e)__Org2,AH
AH,EX_nchlphncl(e)__Org2,nchlphncl_m,AH
AH,nh4[e]__Org2,EX_nh4(e)__Org2,AH
AH,EX_nh4(e)__Org2,nh4_m,AH
AH,nmn[e]__Org2,EX_nmn(e)__Org2,AH
AH,EX_nmn(e)__Org2,nmn_m,AH
AH,nzp[e]__Org2,EX_nzp(e)__Org2,AH
AH,EX_nzp(e)__Org2,nzp_m,AH
AH,o2[e]__Org2,EX_o2(e)__Org2,AH
AH,EX_o2(e)__Org2,o2_m,AH
AH,pb[e]__Org2,EX_pb(e)__Org2,AH
AH,EX_pb(e)__Org2,pb_m,AH
AH,pcresol[e]__Org2,EX_pcresol(e)__Org2,AH
AH,EX_pcresol(e)__Org2,pcresol_m,AH
AH,phe_L[e]__Org2,EX_phe_L(e)__Org2,AH
AH,EX_phe_L(e)__Org2,phe_L_m,AH
AH,pi[e]__Org2,EX_pi(e)__Org2,AH
AH,EX_pi(e)__Org2,pi_m,AH
AH,pnto_R[e]__Org2,EX_pnto_R(e)__Org2,AH
AH,EX_pnto_R(e)__Org2,pnto_R_m,AH
AH,ppa[e]__Org2,EX_ppa(e)__Org2,AH
AH,EX_ppa(e)__Org2,ppa_m,AH
AH,pro_L[e]__Org2,EX_pro_L(e)__Org2,AH
AH,EX_pro_L(e)__Org2,pro_L_m,AH
AH,ptrc[e]__Org2,EX_ptrc(e)__Org2,AH
AH,EX_ptrc(e)__Org2,ptrc_m,AH
AH,pydam[e]__Org2,EX_pydam(e)__Org2,AH
AH,EX_pydam(e)__Org2,pydam_m,AH
AH,pydx[e]__Org2,EX_pydx(e)__Org2,AH
AH,EX_pydx(e)__Org2,pydx_m,AH
AH,pydxn[e]__Org2,EX_pydxn(e)__Org2,AH
AH,EX_pydxn(e)__Org2,pydxn_m,AH
AH,rbflvrd[e]__Org2,EX_rbflvrd(e)__Org2,AH
AH,EX_rbflvrd(e)__Org2,rbflvrd_m,AH
AH,rib_D[e]__Org2,EX_rib_D(e)__Org2,AH
AH,EX_rib_D(e)__Org2,rib_D_m,AH
AH,ribflv[e]__Org2,EX_ribflv(e)__Org2,AH
AH,EX_ribflv(e)__Org2,ribflv_m,AH
AH,sbt_D[e]__Org2,EX_sbt_D(e)__Org2,AH
AH,EX_sbt_D(e)__Org2,sbt_D_m,AH
AH,ser_L[e]__Org2,EX_ser_L(e)__Org2,AH
AH,EX_ser_L(e)__Org2,ser_L_m,AH
AH,so4[e]__Org2,EX_so4(e)__Org2,AH
AH,EX_so4(e)__Org2,so4_m,AH
AH,spmd[e]__Org2,EX_spmd(e)__Org2,AH
AH,EX_spmd(e)__Org2,spmd_m,AH
AH,succ[e]__Org2,EX_succ(e)__Org2,AH
AH,EX_succ(e)__Org2,succ_m,AH
AH,taur[e]__Org2,EX_taur(e)__Org2,AH
AH,EX_taur(e)__Org2,taur_m,AH
AH,tchola[e]__Org2,EX_tchola(e)__Org2,AH
AH,EX_tchola(e)__Org2,tchola_m,AH
AH,tdchola[e]__Org2,EX_tdchola(e)__Org2,AH
AH,EX_tdchola(e)__Org2,tdchola_m,AH
AH,thm[e]__Org2,EX_thm(e)__Org2,AH
AH,EX_thm(e)__Org2,thm_m,AH
AH,trp_L[e]__Org2,EX_trp_L(e)__Org2,AH
AH,EX_trp_L(e)__Org2,trp_L_m,AH
AH,ura[e]__Org2,EX_ura(e)__Org2,AH
AH,EX_ura(e)__Org2,ura_m,AH
AH,val_L[e]__Org2,EX_val_L(e)__Org2,AH
AH,EX_val_L(e)__Org2,val_L_m,AH
AH,xan[e]__Org2,EX_xan(e)__Org2,AH
AH,EX_xan(e)__Org2,xan_m,AH
AH,xyl_D[e]__Org2,EX_xyl_D(e)__Org2,AH
AH,EX_xyl_D(e)__Org2,xyl_D_m,AH
AH,zn2[e]__Org2,EX_zn2(e)__Org2,AH
AH,EX_zn2(e)__Org2,zn2_m,AH
AH,ttdca[c]__Org2,FACOAL140__Org2,AH
AH,FACOAL140__Org2,amp[c]__Org2,AH
AH,atp[c]__Org2,FACOAL140__Org2,AH
AH,coa[c]__Org2,FACOAL140__Org2,AH
AH,FACOAL140__Org2,ppi[c]__Org2,AH
AH,FACOAL140__Org2,tdcoa[c]__Org2,AH
AH,hdca[c]__Org2,FACOAL160i__Org2,AH
AH,FACOAL160i__Org2,amp[c]__Org2,AH
AH,atp[c]__Org2,FACOAL160i__Org2,AH
AH,coa[c]__Org2,FACOAL160i__Org2,AH
AH,FACOAL160i__Org2,pmtcoa[c]__Org2,AH
AH,FACOAL160i__Org2,ppi[c]__Org2,AH
AH,hdcea[c]__Org2,FACOAL161__Org2,AH
AH,FACOAL161__Org2,hdcoa[c]__Org2,AH
AH,FACOAL161__Org2,amp[c]__Org2,AH
AH,atp[c]__Org2,FACOAL161__Org2,AH
AH,coa[c]__Org2,FACOAL161__Org2,AH
AH,FACOAL161__Org2,ppi[c]__Org2,AH
AH,ocdca[c]__Org2,FACOAL180i__Org2,AH
AH,FACOAL180i__Org2,amp[c]__Org2,AH
AH,atp[c]__Org2,FACOAL180i__Org2,AH
AH,coa[c]__Org2,FACOAL180i__Org2,AH
AH,FACOAL180i__Org2,ppi[c]__Org2,AH
AH,FACOAL180i__Org2,stcoa[c]__Org2,AH
AH,ocdcea[c]__Org2,FACOAL181i__Org2,AH
AH,FACOAL181i__Org2,odecoa[c]__Org2,AH
AH,FACOAL181i__Org2,amp[c]__Org2,AH
AH,atp[c]__Org2,FACOAL181i__Org2,AH
AH,coa[c]__Org2,FACOAL181i__Org2,AH
AH,FACOAL181i__Org2,ppi[c]__Org2,AH
AH,fa4[c]__Org2,FACOALAI15__Org2,AH
AH,FACOALAI15__Org2,aipdcoa[c]__Org2,AH
AH,FACOALAI15__Org2,amp[c]__Org2,AH
AH,atp[c]__Org2,FACOALAI15__Org2,AH
AH,coa[c]__Org2,FACOALAI15__Org2,AH
AH,FACOALAI15__Org2,ppi[c]__Org2,AH
AH,fa12[c]__Org2,FACOALAI17__Org2,AH
AH,FACOALAI17__Org2,aihpdcoa[c]__Org2,AH
AH,FACOALAI17__Org2,amp[c]__Org2,AH
AH,atp[c]__Org2,FACOALAI17__Org2,AH
AH,coa[c]__Org2,FACOALAI17__Org2,AH
AH,FACOALAI17__Org2,ppi[c]__Org2,AH
AH,fa1[c]__Org2,FACOALI14__Org2,AH
AH,FACOALI14__Org2,amp[c]__Org2,AH
AH,atp[c]__Org2,FACOALI14__Org2,AH
AH,coa[c]__Org2,FACOALI14__Org2,AH
AH,FACOALI14__Org2,itdcoa[c]__Org2,AH
AH,FACOALI14__Org2,ppi[c]__Org2,AH
AH,fa3[c]__Org2,FACOALI15__Org2,AH
AH,FACOALI15__Org2,amp[c]__Org2,AH
AH,atp[c]__Org2,FACOALI15__Org2,AH
AH,coa[c]__Org2,FACOALI15__Org2,AH
AH,FACOALI15__Org2,ipdcoa[c]__Org2,AH
AH,FACOALI15__Org2,ppi[c]__Org2,AH
AH,fa6[c]__Org2,FACOALI16__Org2,AH
AH,FACOALI16__Org2,amp[c]__Org2,AH
AH,atp[c]__Org2,FACOALI16__Org2,AH
AH,coa[c]__Org2,FACOALI16__Org2,AH
AH,FACOALI16__Org2,ihdcoa[c]__Org2,AH
AH,FACOALI16__Org2,ppi[c]__Org2,AH
AH,fa11[c]__Org2,FACOALI17__Org2,AH
AH,FACOALI17__Org2,amp[c]__Org2,AH
AH,atp[c]__Org2,FACOALI17__Org2,AH
AH,coa[c]__Org2,FACOALI17__Org2,AH
AH,FACOALI17__Org2,ihpdcoa[c]__Org2,AH
AH,FACOALI17__Org2,ppi[c]__Org2,AH
AH,fdp[c]__Org2,FBA__Org2,AH
AH,FBA__Org2,dhap[c]__Org2,AH
AH,FBA__Org2,g3p[c]__Org2,AH
AH,f1p[c]__Org2,FBA2__Org2,AH
AH,FBA2__Org2,dhap[c]__Org2,AH
AH,FBA2__Org2,glyald[c]__Org2,AH
AH,s17bp[c]__Org2,FBA3__Org2,AH
AH,FBA3__Org2,dhap[c]__Org2,AH
AH,FBA3__Org2,e4p[c]__Org2,AH
AH,FBP__Org2,f6p[c]__Org2,AH
AH,fdp[c]__Org2,FBP__Org2,AH
AH,h2o[c]__Org2,FBP__Org2,AH
AH,FBP__Org2,pi[c]__Org2,AH
AH,FDNADOX_H__Org2,fdxox[c]__Org2,AH
AH,fdxrd[c]__Org2,FDNADOX_H__Org2,AH
AH,FDNADOX_H__Org2,h[e]__Org2,AH
AH,nad[c]__Org2,FDNADOX_H__Org2,AH
AH,FDNADOX_H__Org2,nadh[c]__Org2,AH
AH,FE2abc__Org2,fe2[c]__Org2,AH
AH,FE2abc__Org2,adp[c]__Org2,AH
AH,atp[c]__Org2,FE2abc__Org2,AH
AH,fe2[e]__Org2,FE2abc__Org2,AH
AH,h2o[c]__Org2,FE2abc__Org2,AH
AH,FE2abc__Org2,h[c]__Org2,AH
AH,FE2abc__Org2,pi[c]__Org2,AH
AH,FE3abc__Org2,fe3[c]__Org2,AH
AH,FE3abc__Org2,adp[c]__Org2,AH
AH,atp[c]__Org2,FE3abc__Org2,AH
AH,fe3[e]__Org2,FE3abc__Org2,AH
AH,h2o[c]__Org2,FE3abc__Org2,AH
AH,FE3abc__Org2,h[c]__Org2,AH
AH,FE3abc__Org2,pi[c]__Org2,AH
AH,atp[c]__Org2,FMNAT__Org2,AH
AH,FMNAT__Org2,fad[c]__Org2,AH
AH,fmn[c]__Org2,FMNAT__Org2,AH
AH,h[c]__Org2,FMNAT__Org2,AH
AH,FMNAT__Org2,ppi[c]__Org2,AH
AH,FOLABCCte__Org2,adp[c]__Org2,AH
AH,atp[c]__Org2,FOLABCCte__Org2,AH
AH,fol[c]__Org2,FOLABCCte__Org2,AH
AH,FOLABCCte__Org2,fol[e]__Org2,AH
AH,h2o[c]__Org2,FOLABCCte__Org2,AH
AH,FOLABCCte__Org2,h[c]__Org2,AH
AH,FOLABCCte__Org2,pi[c]__Org2,AH
AH,2ahhmd[c]__Org2,FOLD3__Org2,AH
AH,4abz[c]__Org2,FOLD3__Org2,AH
AH,FOLD3__Org2,dhpt[c]__Org2,AH
AH,FOLD3__Org2,ppi[c]__Org2,AH
AH,FORt__Org2,for[c]__Org2,AH
AH,for[e]__Org2,FORt__Org2,AH
AH,FPGS__Org2,5thf[c]__Org2,AH
AH,FPGS__Org2,adp[c]__Org2,AH
AH,atp[c]__Org2,FPGS__Org2,AH
AH,glu_L[c]__Org2,FPGS__Org2,AH
AH,FPGS__Org2,h2o[c]__Org2,AH
AH,FPGS__Org2,h[c]__Org2,AH
AH,FPGS__Org2,pi[c]__Org2,AH
AH,thf[c]__Org2,FPGS__Org2,AH
AH,FPGS7__Org2,10fthf5glu[c]__Org2,AH
AH,10fthf[c]__Org2,FPGS7__Org2,AH
AH,FPGS7__Org2,adp[c]__Org2,AH
AH,atp[c]__Org2,FPGS7__Org2,AH
AH,glu_L[c]__Org2,FPGS7__Org2,AH
AH,FPGS7__Org2,h2o[c]__Org2,AH
AH,FPGS7__Org2,h[c]__Org2,AH
AH,FPGS7__Org2,pi[c]__Org2,AH
AH,FPGS_tm__Org2,thfglu[c]__Org2,AH
AH,FPGS_tm__Org2,adp[c]__Org2,AH
AH,atp[c]__Org2,FPGS_tm__Org2,AH
AH,glu_L[c]__Org2,FPGS_tm__Org2,AH
AH,FPGS_tm__Org2,h[c]__Org2,AH
AH,FPGS_tm__Org2,pi[c]__Org2,AH
AH,thf[c]__Org2,FPGS_tm__Org2,AH
AH,FRD7__Org2,q8[c]__Org2,AH
AH,q8h2[c]__Org2,FRD7__Org2,AH
AH,FRD7__Org2,succ[c]__Org2,AH
AH,fum[c]__Org2,FRD7__Org2,AH
AH,frdp[c]__Org2,FRTT__Org2,AH
AH,FRTT__Org2,ggdp[c]__Org2,AH
AH,ipdp[c]__Org2,FRTT__Org2,AH
AH,FRTT__Org2,ppi[c]__Org2,AH
AH,FRUK__Org2,adp[c]__Org2,AH
AH,atp[c]__Org2,FRUK__Org2,AH
AH,f1p[c]__Org2,FRUK__Org2,AH
AH,FRUK__Org2,fdp[c]__Org2,AH
AH,FRUK__Org2,h[c]__Org2,AH
AH,FRUpts__Org2,f1p[c]__Org2,AH
AH,fru[e]__Org2,FRUpts__Org2,AH
AH,pep[c]__Org2,FRUpts__Org2,AH
AH,FRUpts__Org2,pyr[c]__Org2,AH
AH,5fthf[c]__Org2,FTHFCL__Org2,AH
AH,FTHFCL__Org2,methf[c]__Org2,AH
AH,FTHFCL__Org2,adp[c]__Org2,AH
AH,atp[c]__Org2,FTHFCL__Org2,AH
AH,FTHFCL__Org2,pi[c]__Org2,AH
AH,FTHFL__Org2,10fthf[c]__Org2,AH
AH,FTHFL__Org2,adp[c]__Org2,AH
AH,atp[c]__Org2,FTHFL__Org2,AH
AH,for[c]__Org2,FTHFL__Org2,AH
AH,FTHFL__Org2,pi[c]__Org2,AH
AH,thf[c]__Org2,FTHFL__Org2,AH
AH,FUM__Org2,mal_L[c]__Org2,AH
AH,fum[c]__Org2,FUM__Org2,AH
AH,h2o[c]__Org2,FUM__Org2,AH
AH,G1PACT__Org2,acgam1p[c]__Org2,AH
AH,gam1p[c]__Org2,G1PACT__Org2,AH
AH,accoa[c]__Org2,G1PACT__Org2,AH
AH,G1PACT__Org2,coa[c]__Org2,AH
AH,G1PACT__Org2,h[c]__Org2,AH
AH,G1PTT__Org2,dtdpglu[c]__Org2,AH
AH,g1p[c]__Org2,G1PTT__Org2,AH
AH,dttp[c]__Org2,G1PTT__Org2,AH
AH,h[c]__Org2,G1PTT__Org2,AH
AH,G1PTT__Org2,ppi[c]__Org2,AH
AH,G1SAT__Org2,5aop[c]__Org2,AH
AH,glu1sa[c]__Org2,G1SAT__Org2,AH
AH,glyc3p[c]__Org2,G3PAT120__Org2,AH
AH,G3PAT120__Org2,1ddecg3p[c]__Org2,AH
AH,G3PAT120__Org2,ACP[c]__Org2,AH
AH,ddcaACP[c]__Org2,G3PAT120__Org2,AH
AH,G3PAT140__Org2,1tdecg3p[c]__Org2,AH
AH,G3PAT140__Org2,ACP[c]__Org2,AH
AH,glyc3p[c]__Org2,G3PAT140__Org2,AH
AH,myrsACP[c]__Org2,G3PAT140__Org2,AH
AH,G3PAT141__Org2,1tdec7eg3p[c]__Org2,AH
AH,G3PAT141__Org2,ACP[c]__Org2,AH
AH,glyc3p[c]__Org2,G3PAT141__Org2,AH
AH,tdeACP[c]__Org2,G3PAT141__Org2,AH
AH,G3PAT160__Org2,1hdecg3p[c]__Org2,AH
AH,G3PAT160__Org2,ACP[c]__Org2,AH
AH,glyc3p[c]__Org2,G3PAT160__Org2,AH
AH,palmACP[c]__Org2,G3PAT160__Org2,AH
AH,G3PAT161__Org2,1hdec9eg3p[c]__Org2,AH
AH,G3PAT161__Org2,ACP[c]__Org2,AH
AH,glyc3p[c]__Org2,G3PAT161__Org2,AH
AH,hdeACP[c]__Org2,G3PAT161__Org2,AH
AH,G3PAT180__Org2,1odecg3p[c]__Org2,AH
AH,G3PAT180__Org2,ACP[c]__Org2,AH
AH,glyc3p[c]__Org2,G3PAT180__Org2,AH
AH,ocdcaACP[c]__Org2,G3PAT180__Org2,AH
AH,G3PAT181__Org2,1odec11eg3p[c]__Org2,AH
AH,G3PAT181__Org2,ACP[c]__Org2,AH
AH,glyc3p[c]__Org2,G3PAT181__Org2,AH
AH,octeACP[c]__Org2,G3PAT181__Org2,AH
AH,G3PATAI15__Org2,1aipdecg3p[c]__Org2,AH
AH,aipdcoa[c]__Org2,G3PATAI15__Org2,AH
AH,G3PATAI15__Org2,coa[c]__Org2,AH
AH,glyc3p[c]__Org2,G3PATAI15__Org2,AH
AH,h[c]__Org2,G3PATAI15__Org2,AH
AH,G3PATAI17__Org2,1aihpdecg3p[c]__Org2,AH
AH,aihpdcoa[c]__Org2,G3PATAI17__Org2,AH
AH,G3PATAI17__Org2,coa[c]__Org2,AH
AH,glyc3p[c]__Org2,G3PATAI17__Org2,AH
AH,G3PATI14__Org2,1itdecg3p[c]__Org2,AH
AH,G3PATI14__Org2,coa[c]__Org2,AH
AH,glyc3p[c]__Org2,G3PATI14__Org2,AH
AH,h[c]__Org2,G3PATI14__Org2,AH
AH,itdcoa[c]__Org2,G3PATI14__Org2,AH
AH,G3PATI15__Org2,1ipdecg3p[c]__Org2,AH
AH,G3PATI15__Org2,coa[c]__Org2,AH
AH,glyc3p[c]__Org2,G3PATI15__Org2,AH
AH,h[c]__Org2,G3PATI15__Org2,AH
AH,ipdcoa[c]__Org2,G3PATI15__Org2,AH
AH,G3PATI16__Org2,1ihdecg3p[c]__Org2,AH
AH,G3PATI16__Org2,coa[c]__Org2,AH
AH,glyc3p[c]__Org2,G3PATI16__Org2,AH
AH,h[c]__Org2,G3PATI16__Org2,AH
AH,ihdcoa[c]__Org2,G3PATI16__Org2,AH
AH,G3PATI17__Org2,1ihpdecg3p[c]__Org2,AH
AH,G3PATI17__Org2,coa[c]__Org2,AH
AH,glyc3p[c]__Org2,G3PATI17__Org2,AH
AH,ihpdcoa[c]__Org2,G3PATI17__Org2,AH
AH,G3PCT__Org2,cdpglyc[c]__Org2,AH
AH,ctp[c]__Org2,G3PCT__Org2,AH
AH,glyc3p[c]__Org2,G3PCT__Org2,AH
AH,h[c]__Org2,G3PCT__Org2,AH
AH,G3PCT__Org2,ppi[c]__Org2,AH
AH,G3PD1__Org2,dhap[c]__Org2,AH
AH,glyc3p[c]__Org2,G3PD1__Org2,AH
AH,G3PD1__Org2,h[c]__Org2,AH
AH,nad[c]__Org2,G3PD1__Org2,AH
AH,G3PD1__Org2,nadh[c]__Org2,AH
AH,G3PD2__Org2,dhap[c]__Org2,AH
AH,glyc3p[c]__Org2,G3PD2__Org2,AH
AH,G3PD2__Org2,h[c]__Org2,AH
AH,nadp[c]__Org2,G3PD2__Org2,AH
AH,G3PD2__Org2,nadph[c]__Org2,AH
AH,G5SADs__Org2,1pyr5c[c]__Org2,AH
AH,glu5sa[c]__Org2,G5SADs__Org2,AH
AH,G5SADs__Org2,h2o[c]__Org2,AH
AH,G5SADs__Org2,h[c]__Org2,AH
AH,glu5p[c]__Org2,G5SDr__Org2,AH
AH,G5SDr__Org2,glu5sa[c]__Org2,AH
AH,h[c]__Org2,G5SDr__Org2,AH
AH,G5SDr__Org2,nadp[c]__Org2,AH
AH,nadph[c]__Org2,G5SDr__Org2,AH
AH,G5SDr__Org2,pi[c]__Org2,AH
AH,G6PDA__Org2,f6p[c]__Org2,AH
AH,gam6p[c]__Org2,G6PDA__Org2,AH
AH,h2o[c]__Org2,G6PDA__Org2,AH
AH,G6PDA__Org2,nh4[c]__Org2,AH
AH,g6p[c]__Org2,G6PI__Org2,AH
AH,G6PI__Org2,g6p_B[c]__Org2,AH
AH,G6PI3__Org2,f6p[c]__Org2,AH
AH,g6p_B[c]__Org2,G6PI3__Org2,AH
AH,GALASE_LACTL__Org2,fru[c]__Org2,AH
AH,GALASE_LACTL__Org2,gal[c]__Org2,AH
AH,lactl[c]__Org2,GALASE_LACTL__Org2,AH
AH,h2o[c]__Org2,GALASE_LACTL__Org2,AH
AH,GALK__Org2,gal1p[c]__Org2,AH
AH,GALK__Org2,adp[c]__Org2,AH
AH,atp[c]__Org2,GALK__Org2,AH
AH,gal[c]__Org2,GALK__Org2,AH
AH,GALK__Org2,h[c]__Org2,AH
AH,glc_bD[c]__Org2,GALM1r__Org2,AH
AH,GALM1r__Org2,glc_D[c]__Org2,AH
AH,GALT__Org2,udpgal[c]__Org2,AH
AH,gal1p[c]__Org2,GALT__Org2,AH
AH,h[c]__Org2,GALT__Org2,AH
AH,GALT__Org2,ppi[c]__Org2,AH
AH,utp[c]__Org2,GALT__Org2,AH
AH,GALabc__Org2,adp[c]__Org2,AH
AH,atp[c]__Org2,GALabc__Org2,AH
AH,GALabc__Org2,gal[c]__Org2,AH
AH,gal[e]__Org2,GALabc__Org2,AH
AH,h2o[c]__Org2,GALabc__Org2,AH
AH,GALabc__Org2,h[c]__Org2,AH
AH,GALabc__Org2,pi[c]__Org2,AH
AH,GALt1r__Org2,gal[c]__Org2,AH
AH,gal[e]__Org2,GALt1r__Org2,AH
AH,GAPD__Org2,13dpg[c]__Org2,AH
AH,g3p[c]__Org2,GAPD__Org2,AH
AH,GAPD__Org2,h[c]__Org2,AH
AH,nad[c]__Org2,GAPD__Org2,AH
AH,GAPD__Org2,nadh[c]__Org2,AH
AH,pi[c]__Org2,GAPD__Org2,AH
AH,GARFTi__Org2,fgam[c]__Org2,AH
AH,gar[c]__Org2,GARFTi__Org2,AH
AH,10fthf[c]__Org2,GARFTi__Org2,AH
AH,GARFTi__Org2,h[c]__Org2,AH
AH,GARFTi__Org2,thf[c]__Org2,AH
AH,GCDCHOLBHSe__Org2,C02528[e]__Org2,AH
AH,dgchol[e]__Org2,GCDCHOLBHSe__Org2,AH
AH,GCDCHOLBHSe__Org2,gly[e]__Org2,AH
AH,h2o[e]__Org2,GCDCHOLBHSe__Org2,AH
AH,GCDCHOLBHSe__Org2,h[e]__Org2,AH
AH,GCHOLBHSe__Org2,cholate[e]__Org2,AH
AH,gchola[e]__Org2,GCHOLBHSe__Org2,AH
AH,GCHOLBHSe__Org2,gly[e]__Org2,AH
AH,h2o[e]__Org2,GCHOLBHSe__Org2,AH
AH,GCHOLBHSe__Org2,h[e]__Org2,AH
AH,f6p[c]__Org2,GF6PTA__Org2,AH
AH,GF6PTA__Org2,gam6p[c]__Org2,AH
AH,gln_L[c]__Org2,GF6PTA__Org2,AH
AH,GF6PTA__Org2,glu_L[c]__Org2,AH
AH,GGTT__Org2,pendp[c]__Org2,AH
AH,ggdp[c]__Org2,GGTT__Org2,AH
AH,ipdp[c]__Org2,GGTT__Org2,AH
AH,GGTT__Org2,ppi[c]__Org2,AH
AH,GHMT2r__Org2,mlthf[c]__Org2,AH
AH,GHMT2r__Org2,gly[c]__Org2,AH
AH,GHMT2r__Org2,h2o[c]__Org2,AH
AH,ser_L[c]__Org2,GHMT2r__Org2,AH
AH,thf[c]__Org2,GHMT2r__Org2,AH
AH,GK1__Org2,adp[c]__Org2,AH
AH,atp[c]__Org2,GK1__Org2,AH
AH,GK1__Org2,gdp[c]__Org2,AH
AH,gmp[c]__Org2,GK1__Org2,AH
AH,GK2__Org2,dadp[c]__Org2,AH
AH,datp[c]__Org2,GK2__Org2,AH
AH,GK2__Org2,gdp[c]__Org2,AH
AH,gmp[c]__Org2,GK2__Org2,AH
AH,glycogen[c]__Org2,GLCP3__Org2,AH
AH,GLCP3__Org2,glycogenb[c]__Org2,AH
AH,GLCP3__Org2,g1p[c]__Org2,AH
AH,h[c]__Org2,GLCP3__Org2,AH
AH,pi[c]__Org2,GLCP3__Org2,AH
AH,adpglc[c]__Org2,GLCS3__Org2,AH
AH,GLCS3__Org2,adp[c]__Org2,AH
AH,GLCS3__Org2,glycogen[c]__Org2,AH
AH,glycogenb[c]__Org2,GLCS3__Org2,AH
AH,GLCabc__Org2,adp[c]__Org2,AH
AH,atp[c]__Org2,GLCabc__Org2,AH
AH,GLCabc__Org2,glc_D[c]__Org2,AH
AH,glc_D[e]__Org2,GLCabc__Org2,AH
AH,h2o[c]__Org2,GLCabc__Org2,AH
AH,GLCabc__Org2,h[c]__Org2,AH
AH,GLCabc__Org2,pi[c]__Org2,AH
AH,GLGC__Org2,adpglc[c]__Org2,AH
AH,atp[c]__Org2,GLGC__Org2,AH
AH,g1p[c]__Org2,GLGC__Org2,AH
AH,h[c]__Org2,GLGC__Org2,AH
AH,GLGC__Org2,ppi[c]__Org2,AH
AH,GLNS__Org2,adp[c]__Org2,AH
AH,atp[c]__Org2,GLNS__Org2,AH
AH,GLNS__Org2,gln_L[c]__Org2,AH
AH,glu_L[c]__Org2,GLNS__Org2,AH
AH,GLNS__Org2,h[c]__Org2,AH
AH,nh4[c]__Org2,GLNS__Org2,AH
AH,GLNS__Org2,pi[c]__Org2,AH
AH,uaaAgla[c]__Org2,GLNSP1__Org2,AH
AH,GLNSP1__Org2,uaaAgtla[c]__Org2,AH
AH,GLNSP1__Org2,adp[c]__Org2,AH
AH,atp[c]__Org2,GLNSP1__Org2,AH
AH,GLNSP1__Org2,h[c]__Org2,AH
AH,nh4[c]__Org2,GLNSP1__Org2,AH
AH,GLNSP1__Org2,pi[c]__Org2,AH
AH,uaaGgla[c]__Org2,GLNSP2__Org2,AH
AH,GLNSP2__Org2,uaaGgtla[c]__Org2,AH
AH,GLNSP2__Org2,adp[c]__Org2,AH
AH,atp[c]__Org2,GLNSP2__Org2,AH
AH,GLNSP2__Org2,h[c]__Org2,AH
AH,nh4[c]__Org2,GLNSP2__Org2,AH
AH,GLNSP2__Org2,pi[c]__Org2,AH
AH,uaagmda[c]__Org2,GLNSP3__Org2,AH
AH,GLNSP3__Org2,uaagtmda[c]__Org2,AH
AH,GLNSP3__Org2,adp[c]__Org2,AH
AH,atp[c]__Org2,GLNSP3__Org2,AH
AH,GLNSP3__Org2,h[c]__Org2,AH
AH,nh4[c]__Org2,GLNSP3__Org2,AH
AH,GLNSP3__Org2,pi[c]__Org2,AH
AH,galt1p[c]__Org2,GLTPD__Org2,AH
AH,GLTPD__Org2,tag6p_D[c]__Org2,AH
AH,GLTPD__Org2,h[c]__Org2,AH
AH,nad[c]__Org2,GLTPD__Org2,AH
AH,GLTPD__Org2,nadh[c]__Org2,AH
AH,GLU5K__Org2,adp[c]__Org2,AH
AH,atp[c]__Org2,GLU5K__Org2,AH
AH,GLU5K__Org2,glu5p[c]__Org2,AH
AH,glu_L[c]__Org2,GLU5K__Org2,AH
AH,GLUDy__Org2,akg[c]__Org2,AH
AH,glu_L[c]__Org2,GLUDy__Org2,AH
AH,h2o[c]__Org2,GLUDy__Org2,AH
AH,GLUDy__Org2,h[c]__Org2,AH
AH,nadp[c]__Org2,GLUDy__Org2,AH
AH,GLUDy__Org2,nadph[c]__Org2,AH
AH,GLUDy__Org2,nh4[c]__Org2,AH
AH,GLUOX__Org2,akg[c]__Org2,AH
AH,GLUOX__Org2,gln_L[c]__Org2,AH
AH,glu_L[c]__Org2,GLUOX__Org2,AH
AH,GLUOX__Org2,h[c]__Org2,AH
AH,nadp[c]__Org2,GLUOX__Org2,AH
AH,GLUOX__Org2,nadph[c]__Org2,AH
AH,GLUPRT__Org2,pram[c]__Org2,AH
AH,gln_L[c]__Org2,GLUPRT__Org2,AH
AH,GLUPRT__Org2,glu_L[c]__Org2,AH
AH,h2o[c]__Org2,GLUPRT__Org2,AH
AH,GLUPRT__Org2,ppi[c]__Org2,AH
AH,prpp[c]__Org2,GLUPRT__Org2,AH
AH,glu_D[c]__Org2,GLUR__Org2,AH
AH,GLUR__Org2,glu_L[c]__Org2,AH
AH,akg[c]__Org2,GLUSx__Org2,AH
AH,gln_L[c]__Org2,GLUSx__Org2,AH
AH,GLUSx__Org2,glu_L[c]__Org2,AH
AH,h[c]__Org2,GLUSx__Org2,AH
AH,GLUSx__Org2,nad[c]__Org2,AH
AH,nadh[c]__Org2,GLUSx__Org2,AH
AH,akg[c]__Org2,GLUSy__Org2,AH
AH,gln_L[c]__Org2,GLUSy__Org2,AH
AH,GLUSy__Org2,glu_L[c]__Org2,AH
AH,h[c]__Org2,GLUSy__Org2,AH
AH,GLUSy__Org2,nadp[c]__Org2,AH
AH,nadph[c]__Org2,GLUSy__Org2,AH
AH,glutrna[c]__Org2,GLUTRR__Org2,AH
AH,GLUTRR__Org2,trnaglu[c]__Org2,AH
AH,GLUTRR__Org2,glu1sa[c]__Org2,AH
AH,h[c]__Org2,GLUTRR__Org2,AH
AH,GLUTRR__Org2,nadp[c]__Org2,AH
AH,nadph[c]__Org2,GLUTRR__Org2,AH
AH,GLUTRS__Org2,amp[c]__Org2,AH
AH,atp[c]__Org2,GLUTRS__Org2,AH
AH,glu_L[c]__Org2,GLUTRS__Org2,AH
AH,GLUTRS__Org2,glutrna[c]__Org2,AH
AH,GLUTRS__Org2,ppi[c]__Org2,AH
AH,trnaglu[c]__Org2,GLUTRS__Org2,AH
AH,GLUt2r__Org2,glu_L[c]__Org2,AH
AH,glu_L[e]__Org2,GLUt2r__Org2,AH
AH,GLUt2r__Org2,h[c]__Org2,AH
AH,h[e]__Org2,GLUt2r__Org2,AH
AH,glyasn[c]__Org2,GLYASN1c__Org2,AH
AH,GLYASN1c__Org2,asn_L[c]__Org2,AH
AH,GLYASN1c__Org2,gly[c]__Org2,AH
AH,h2o[c]__Org2,GLYASN1c__Org2,AH
AH,GLYASNabc__Org2,adp[c]__Org2,AH
AH,atp[c]__Org2,GLYASNabc__Org2,AH
AH,GLYASNabc__Org2,glyasn[c]__Org2,AH
AH,glyasn[e]__Org2,GLYASNabc__Org2,AH
AH,h2o[c]__Org2,GLYASNabc__Org2,AH
AH,GLYASNabc__Org2,h[c]__Org2,AH
AH,GLYASNabc__Org2,pi[c]__Org2,AH
AH,glyasp[c]__Org2,GLYASP1c__Org2,AH
AH,GLYASP1c__Org2,asp_L[c]__Org2,AH
AH,GLYASP1c__Org2,gly[c]__Org2,AH
AH,h2o[c]__Org2,GLYASP1c__Org2,AH
AH,GLYASPabc__Org2,adp[c]__Org2,AH
AH,atp[c]__Org2,GLYASPabc__Org2,AH
AH,GLYASPabc__Org2,glyasp[c]__Org2,AH
AH,glyasp[e]__Org2,GLYASPabc__Org2,AH
AH,h2o[c]__Org2,GLYASPabc__Org2,AH
AH,GLYASPabc__Org2,h[c]__Org2,AH
AH,GLYASPabc__Org2,pi[c]__Org2,AH
AH,GLYCDH__Org2,3hppnl[c]__Org2,AH
AH,glyc[c]__Org2,GLYCDH__Org2,AH
AH,GLYCDH__Org2,h2o[c]__Org2,AH
AH,GLYCDx__Org2,dha[c]__Org2,AH
AH,glyc[c]__Org2,GLYCDx__Org2,AH
AH,GLYCDx__Org2,h[c]__Org2,AH
AH,nad[c]__Org2,GLYCDx__Org2,AH
AH,GLYCDx__Org2,nadh[c]__Org2,AH
AH,GLYCYSabc__Org2,adp[c]__Org2,AH
AH,atp[c]__Org2,GLYCYSabc__Org2,AH
AH,GLYCYSabc__Org2,glycys[c]__Org2,AH
AH,glycys[e]__Org2,GLYCYSabc__Org2,AH
AH,h2o[c]__Org2,GLYCYSabc__Org2,AH
AH,GLYCYSabc__Org2,h[c]__Org2,AH
AH,GLYCYSabc__Org2,pi[c]__Org2,AH
AH,glyc[c]__Org2,GLYCt__Org2,AH
AH,GLYCt__Org2,glyc[e]__Org2,AH
AH,glygln[c]__Org2,GLYGLN1c__Org2,AH
AH,GLYGLN1c__Org2,gln_L[c]__Org2,AH
AH,GLYGLN1c__Org2,gly[c]__Org2,AH
AH,h2o[c]__Org2,GLYGLN1c__Org2,AH
AH,GLYGLNabc__Org2,adp[c]__Org2,AH
AH,atp[c]__Org2,GLYGLNabc__Org2,AH
AH,GLYGLNabc__Org2,glygln[c]__Org2,AH
AH,glygln[e]__Org2,GLYGLNabc__Org2,AH
AH,h2o[c]__Org2,GLYGLNabc__Org2,AH
AH,GLYGLNabc__Org2,h[c]__Org2,AH
AH,GLYGLNabc__Org2,pi[c]__Org2,AH
AH,glyglu[c]__Org2,GLYGLU1c__Org2,AH
AH,GLYGLU1c__Org2,glu_L[c]__Org2,AH
AH,GLYGLU1c__Org2,gly[c]__Org2,AH
AH,h2o[c]__Org2,GLYGLU1c__Org2,AH
AH,GLYGLUabc__Org2,adp[c]__Org2,AH
AH,atp[c]__Org2,GLYGLUabc__Org2,AH
AH,GLYGLUabc__Org2,glyglu[c]__Org2,AH
AH,glyglu[e]__Org2,GLYGLUabc__Org2,AH
AH,h2o[c]__Org2,GLYGLUabc__Org2,AH
AH,GLYGLUabc__Org2,h[c]__Org2,AH
AH,GLYGLUabc__Org2,pi[c]__Org2,AH
AH,GLYH__Org2,lald_L[c]__Org2,AH
AH,glyc[c]__Org2,GLYH__Org2,AH
AH,GLYH__Org2,h2o[c]__Org2,AH
AH,GLYK__Org2,adp[c]__Org2,AH
AH,atp[c]__Org2,GLYK__Org2,AH
AH,GLYK__Org2,glyc3p[c]__Org2,AH
AH,glyc[c]__Org2,GLYK__Org2,AH
AH,GLYK__Org2,h[c]__Org2,AH
AH,glyleu[c]__Org2,GLYLEUHYDROc__Org2,AH
AH,GLYLEUHYDROc__Org2,gly[c]__Org2,AH
AH,h2o[c]__Org2,GLYLEUHYDROc__Org2,AH
AH,GLYLEUHYDROc__Org2,leu_L[c]__Org2,AH
AH,GLYLEUPEPT1tc__Org2,glyleu[c]__Org2,AH
AH,glyleu[e]__Org2,GLYLEUPEPT1tc__Org2,AH
AH,GLYLEUPEPT1tc__Org2,h[c]__Org2,AH
AH,h[e]__Org2,GLYLEUPEPT1tc__Org2,AH
AH,glymet[c]__Org2,GLYMET1c__Org2,AH
AH,GLYMET1c__Org2,gly[c]__Org2,AH
AH,h2o[c]__Org2,GLYMET1c__Org2,AH
AH,GLYMET1c__Org2,met_L[c]__Org2,AH
AH,GLYMETabc__Org2,adp[c]__Org2,AH
AH,atp[c]__Org2,GLYMETabc__Org2,AH
AH,GLYMETabc__Org2,glymet[c]__Org2,AH
AH,glymet[e]__Org2,GLYMETabc__Org2,AH
AH,h2o[c]__Org2,GLYMETabc__Org2,AH
AH,GLYMETabc__Org2,h[c]__Org2,AH
AH,GLYMETabc__Org2,pi[c]__Org2,AH
AH,GLYOX__Org2,gthrd[c]__Org2,AH
AH,lgt_S[c]__Org2,GLYOX__Org2,AH
AH,h2o[c]__Org2,GLYOX__Org2,AH
AH,GLYOX__Org2,h[c]__Org2,AH
AH,GLYOX__Org2,lac_D[c]__Org2,AH
AH,glyphe[c]__Org2,GLYPHEHYc__Org2,AH
AH,GLYPHEHYc__Org2,phe_L[c]__Org2,AH
AH,GLYPHEHYc__Org2,gly[c]__Org2,AH
AH,h2o[c]__Org2,GLYPHEHYc__Org2,AH
AH,GLYPHEabc__Org2,adp[c]__Org2,AH
AH,atp[c]__Org2,GLYPHEabc__Org2,AH
AH,GLYPHEabc__Org2,glyphe[c]__Org2,AH
AH,glyphe[e]__Org2,GLYPHEabc__Org2,AH
AH,h2o[c]__Org2,GLYPHEabc__Org2,AH
AH,GLYPHEabc__Org2,h[c]__Org2,AH
AH,GLYPHEabc__Org2,pi[c]__Org2,AH
AH,glypro[c]__Org2,GLYPROPRO1c__Org2,AH
AH,GLYPROPRO1c__Org2,pro_L[c]__Org2,AH
AH,GLYPROPRO1c__Org2,gly[c]__Org2,AH
AH,h2o[c]__Org2,GLYPROPRO1c__Org2,AH
AH,GLYPROabc__Org2,adp[c]__Org2,AH
AH,atp[c]__Org2,GLYPROabc__Org2,AH
AH,GLYPROabc__Org2,glypro[c]__Org2,AH
AH,glypro[e]__Org2,GLYPROabc__Org2,AH
AH,h2o[c]__Org2,GLYPROabc__Org2,AH
AH,GLYPROabc__Org2,h[c]__Org2,AH
AH,GLYPROabc__Org2,pi[c]__Org2,AH
AH,glytyr[c]__Org2,GLYTYR1c__Org2,AH
AH,GLYTYR1c__Org2,gly[c]__Org2,AH
AH,h2o[c]__Org2,GLYTYR1c__Org2,AH
AH,GLYTYR1c__Org2,tyr_L[c]__Org2,AH
AH,GLYTYRabc__Org2,adp[c]__Org2,AH
AH,atp[c]__Org2,GLYTYRabc__Org2,AH
AH,GLYTYRabc__Org2,glytyr[c]__Org2,AH
AH,glytyr[e]__Org2,GLYTYRabc__Org2,AH
AH,h2o[c]__Org2,GLYTYRabc__Org2,AH
AH,GLYTYRabc__Org2,h[c]__Org2,AH
AH,GLYTYRabc__Org2,pi[c]__Org2,AH
AH,xmp[c]__Org2,GMPS2__Org2,AH
AH,GMPS2__Org2,amp[c]__Org2,AH
AH,atp[c]__Org2,GMPS2__Org2,AH
AH,gln_L[c]__Org2,GMPS2__Org2,AH
AH,GMPS2__Org2,glu_L[c]__Org2,AH
AH,GMPS2__Org2,gmp[c]__Org2,AH
AH,h2o[c]__Org2,GMPS2__Org2,AH
AH,GMPS2__Org2,h[c]__Org2,AH
AH,GMPS2__Org2,ppi[c]__Org2,AH
AH,GRTT__Org2,frdp[c]__Org2,AH
AH,grdp[c]__Org2,GRTT__Org2,AH
AH,ipdp[c]__Org2,GRTT__Org2,AH
AH,GRTT__Org2,ppi[c]__Org2,AH
AH,GTPCI__Org2,ahdt[c]__Org2,AH
AH,GTPCI__Org2,for[c]__Org2,AH
AH,gtp[c]__Org2,GTPCI__Org2,AH
AH,h2o[c]__Org2,GTPCI__Org2,AH
AH,GTPCI__Org2,h[c]__Org2,AH
AH,GTPCII__Org2,25dhpp[c]__Org2,AH
AH,GTPCII__Org2,for[c]__Org2,AH
AH,gtp[c]__Org2,GTPCII__Org2,AH
AH,h2o[c]__Org2,GTPCII__Org2,AH
AH,GTPCII__Org2,h[c]__Org2,AH
AH,GTPCII__Org2,ppi[c]__Org2,AH
AH,GTPCII2__Org2,25drapp[c]__Org2,AH
AH,GTPCII2__Org2,for[c]__Org2,AH
AH,gtp[c]__Org2,GTPCII2__Org2,AH
AH,h2o[c]__Org2,GTPCII2__Org2,AH
AH,GTPCII2__Org2,h[c]__Org2,AH
AH,GTPCII2__Org2,ppi[c]__Org2,AH
AH,GTPDPK__Org2,gdptp[c]__Org2,AH
AH,GTPDPK__Org2,amp[c]__Org2,AH
AH,atp[c]__Org2,GTPDPK__Org2,AH
AH,gtp[c]__Org2,GTPDPK__Org2,AH
AH,GTPDPK__Org2,h[c]__Org2,AH
AH,gua[c]__Org2,GUAPRT__Org2,AH
AH,GUAPRT__Org2,gmp[c]__Org2,AH
AH,GUAPRT__Org2,ppi[c]__Org2,AH
AH,prpp[c]__Org2,GUAPRT__Org2,AH
AH,H2Ot__Org2,h2o[c]__Org2,AH
AH,h2o[e]__Org2,H2Ot__Org2,AH
AH,h2[c]__Org2,H2td__Org2,AH
AH,H2td__Org2,h2[e]__Org2,AH
AH,HACD1__Org2,3hbcoa[c]__Org2,AH
AH,aacoa[c]__Org2,HACD1__Org2,AH
AH,h[c]__Org2,HACD1__Org2,AH
AH,HACD1__Org2,nad[c]__Org2,AH
AH,nadh[c]__Org2,HACD1__Org2,AH
AH,HACD2__Org2,3hhcoa[c]__Org2,AH
AH,3ohcoa[c]__Org2,HACD2__Org2,AH
AH,h[c]__Org2,HACD2__Org2,AH
AH,HACD2__Org2,nad[c]__Org2,AH
AH,nadh[c]__Org2,HACD2__Org2,AH
AH,HACD3__Org2,3hocoa[c]__Org2,AH
AH,3oocoa[c]__Org2,HACD3__Org2,AH
AH,h[c]__Org2,HACD3__Org2,AH
AH,HACD3__Org2,nad[c]__Org2,AH
AH,nadh[c]__Org2,HACD3__Org2,AH
AH,HACD4__Org2,3hdcoa[c]__Org2,AH
AH,3odcoa[c]__Org2,HACD4__Org2,AH
AH,h[c]__Org2,HACD4__Org2,AH
AH,HACD4__Org2,nad[c]__Org2,AH
AH,nadh[c]__Org2,HACD4__Org2,AH
AH,HACD5__Org2,3hddcoa[c]__Org2,AH
AH,3oddcoa[c]__Org2,HACD5__Org2,AH
AH,h[c]__Org2,HACD5__Org2,AH
AH,HACD5__Org2,nad[c]__Org2,AH
AH,nadh[c]__Org2,HACD5__Org2,AH
AH,HACD6__Org2,3htdcoa[c]__Org2,AH
AH,3otdcoa[c]__Org2,HACD6__Org2,AH
AH,h[c]__Org2,HACD6__Org2,AH
AH,HACD6__Org2,nad[c]__Org2,AH
AH,nadh[c]__Org2,HACD6__Org2,AH
AH,HACD7__Org2,3hhdcoa[c]__Org2,AH
AH,3ohdcoa[c]__Org2,HACD7__Org2,AH
AH,h[c]__Org2,HACD7__Org2,AH
AH,HACD7__Org2,nad[c]__Org2,AH
AH,nadh[c]__Org2,HACD7__Org2,AH
AH,HACD9__Org2,2maacoa[c]__Org2,AH
AH,3hmbcoa[c]__Org2,HACD9__Org2,AH
AH,HACD9__Org2,h[c]__Org2,AH
AH,nad[c]__Org2,HACD9__Org2,AH
AH,HACD9__Org2,nadh[c]__Org2,AH
AH,3hadpcoa[c]__Org2,HADPCOADH3__Org2,AH
AH,HADPCOADH3__Org2,oxadpcoa[c]__Org2,AH
AH,HADPCOADH3__Org2,h[c]__Org2,AH
AH,nad[c]__Org2,HADPCOADH3__Org2,AH
AH,HADPCOADH3__Org2,nadh[c]__Org2,AH
AH,HDG3PACT__Org2,1hdecg3p[c]__Org2,AH
AH,HDG3PACT__Org2,coa[c]__Org2,AH
AH,glyc3p[c]__Org2,HDG3PACT__Org2,AH
AH,ihdcoa[c]__Org2,HDG3PACT__Org2,AH
AH,4mhetz[c]__Org2,HETZK__Org2,AH
AH,HETZK__Org2,4mpetz[c]__Org2,AH
AH,HETZK__Org2,adp[c]__Org2,AH
AH,atp[c]__Org2,HETZK__Org2,AH
AH,HETZK__Org2,h[c]__Org2,AH
AH,HEX1__Org2,adp[c]__Org2,AH
AH,atp[c]__Org2,HEX1__Org2,AH
AH,HEX1__Org2,g6p[c]__Org2,AH
AH,glc_D[c]__Org2,HEX1__Org2,AH
AH,HEX1__Org2,h[c]__Org2,AH
AH,HEX7__Org2,adp[c]__Org2,AH
AH,atp[c]__Org2,HEX7__Org2,AH
AH,HEX7__Org2,f6p[c]__Org2,AH
AH,fru[c]__Org2,HEX7__Org2,AH
AH,HEX7__Org2,h[c]__Org2,AH
AH,HEXTT__Org2,hepdp[c]__Org2,AH
AH,hexdp[c]__Org2,HEXTT__Org2,AH
AH,ipdp[c]__Org2,HEXTT__Org2,AH
AH,HEXTT__Org2,ppi[c]__Org2,AH
AH,HEXb__Org2,adp[c]__Org2,AH
AH,atp[c]__Org2,HEXb__Org2,AH
AH,HEXb__Org2,g6p_B[c]__Org2,AH
AH,glc_bD[c]__Org2,HEXb__Org2,AH
AH,HEXb__Org2,h[c]__Org2,AH
AH,hg2[c]__Org2,HG2abc__Org2,AH
AH,HG2abc__Org2,adp[c]__Org2,AH
AH,atp[c]__Org2,HG2abc__Org2,AH
AH,h2o[c]__Org2,HG2abc__Org2,AH
AH,HG2abc__Org2,h[c]__Org2,AH
AH,HG2abc__Org2,hg2[e]__Org2,AH
AH,HG2abc__Org2,pi[c]__Org2,AH
AH,HIBD__Org2,2mop[c]__Org2,AH
AH,3hmp[c]__Org2,HIBD__Org2,AH
AH,HIBD__Org2,h[c]__Org2,AH
AH,nad[c]__Org2,HIBD__Org2,AH
AH,HIBD__Org2,nadh[c]__Org2,AH
AH,histd[c]__Org2,HISTD__Org2,AH
AH,h2o[c]__Org2,HISTD__Org2,AH
AH,HISTD__Org2,h[c]__Org2,AH
AH,HISTD__Org2,his_L[c]__Org2,AH
AH,nad[c]__Org2,HISTD__Org2,AH
AH,HISTD__Org2,nadh[c]__Org2,AH
AH,HISTDOX__Org2,histl_L[c]__Org2,AH
AH,HISTDOX__Org2,h[c]__Org2,AH
AH,histd[c]__Org2,HISTDOX__Org2,AH
AH,nad[c]__Org2,HISTDOX__Org2,AH
AH,HISTDOX__Org2,nadh[c]__Org2,AH
AH,h2o[c]__Org2,HISTLOX__Org2,AH
AH,HISTLOX__Org2,h[c]__Org2,AH
AH,HISTLOX__Org2,his_L[c]__Org2,AH
AH,histl_L[c]__Org2,HISTLOX__Org2,AH
AH,nad[c]__Org2,HISTLOX__Org2,AH
AH,HISTLOX__Org2,nadh[c]__Org2,AH
AH,hisp[c]__Org2,HISTP__Org2,AH
AH,h2o[c]__Org2,HISTP__Org2,AH
AH,HISTP__Org2,histd[c]__Org2,AH
AH,HISTP__Org2,pi[c]__Org2,AH
AH,HISt2r__Org2,h[c]__Org2,AH
AH,h[e]__Org2,HISt2r__Org2,AH
AH,HISt2r__Org2,his_L[c]__Org2,AH
AH,his_L[e]__Org2,HISt2r__Org2,AH
AH,HMBS__Org2,hmbil[c]__Org2,AH
AH,ppbng[c]__Org2,HMBS__Org2,AH
AH,h2o[c]__Org2,HMBS__Org2,AH
AH,HMBS__Org2,nh4[c]__Org2,AH
AH,4ahmmp[c]__Org2,HMPK1__Org2,AH
AH,HMPK1__Org2,4ampm[c]__Org2,AH
AH,HMPK1__Org2,adp[c]__Org2,AH
AH,atp[c]__Org2,HMPK1__Org2,AH
AH,HMPK1__Org2,h[c]__Org2,AH
AH,HMPyrHsym__Org2,4ahmmp[c]__Org2,AH
AH,4ahmmp[e]__Org2,HMPyrHsym__Org2,AH
AH,HMPyrHsym__Org2,h[c]__Org2,AH
AH,h[e]__Org2,HMPyrHsym__Org2,AH
AH,HPPK__Org2,2ahhmd[c]__Org2,AH
AH,2ahhmp[c]__Org2,HPPK__Org2,AH
AH,HPPK__Org2,amp[c]__Org2,AH
AH,atp[c]__Org2,HPPK__Org2,AH
AH,HPPK__Org2,h[c]__Org2,AH
AH,6hmhpt[c]__Org2,HPPK2__Org2,AH
AH,HPPK2__Org2,6hmhptpp[c]__Org2,AH
AH,HPPK2__Org2,amp[c]__Org2,AH
AH,atp[c]__Org2,HPPK2__Org2,AH
AH,HPPK2__Org2,h[c]__Org2,AH
AH,hom_L[c]__Org2,HSDx__Org2,AH
AH,HSDx__Org2,aspsa[c]__Org2,AH
AH,HSDx__Org2,h[c]__Org2,AH
AH,nad[c]__Org2,HSDx__Org2,AH
AH,HSDx__Org2,nadh[c]__Org2,AH
AH,HSDy__Org2,aspsa[c]__Org2,AH
AH,HSDy__Org2,h[c]__Org2,AH
AH,hom_L[c]__Org2,HSDy__Org2,AH
AH,nadp[c]__Org2,HSDy__Org2,AH
AH,HSDy__Org2,nadph[c]__Org2,AH
AH,HSK__Org2,phom[c]__Org2,AH
AH,HSK__Org2,adp[c]__Org2,AH
AH,atp[c]__Org2,HSK__Org2,AH
AH,HSK__Org2,h[c]__Org2,AH
AH,hom_L[c]__Org2,HSK__Org2,AH
AH,succoa[c]__Org2,HSST__Org2,AH
AH,HSST__Org2,suchms[c]__Org2,AH
AH,HSST__Org2,coa[c]__Org2,AH
AH,hom_L[c]__Org2,HSST__Org2,AH
AH,HSTPTr__Org2,imacp[c]__Org2,AH
AH,akg[c]__Org2,HSTPTr__Org2,AH
AH,HSTPTr__Org2,glu_L[c]__Org2,AH
AH,hisp[c]__Org2,HSTPTr__Org2,AH
AH,hxan[c]__Org2,HXPRT__Org2,AH
AH,HXPRT__Org2,imp[c]__Org2,AH
AH,HXPRT__Org2,ppi[c]__Org2,AH
AH,prpp[c]__Org2,HXPRT__Org2,AH
AH,HYD4__Org2,fdxox[c]__Org2,AH
AH,fdxrd[c]__Org2,HYD4__Org2,AH
AH,HYD4__Org2,h2[c]__Org2,AH
AH,HYXNt__Org2,hxan[c]__Org2,AH
AH,hxan[e]__Org2,HYXNt__Org2,AH
AH,IBCOATA__Org2,2mpropACP[c]__Org2,AH
AH,ACP[c]__Org2,IBCOATA__Org2,AH
AH,IBCOATA__Org2,coa[c]__Org2,AH
AH,ibcoa[c]__Org2,IBCOATA__Org2,AH
AH,ICDHy__Org2,akg[c]__Org2,AH
AH,ICDHy__Org2,co2[c]__Org2,AH
AH,icit[c]__Org2,ICDHy__Org2,AH
AH,nadp[c]__Org2,ICDHy__Org2,AH
AH,ICDHy__Org2,nadph[c]__Org2,AH
AH,IG3PS__Org2,eig3p[c]__Org2,AH
AH,prlp[c]__Org2,IG3PS__Org2,AH
AH,IG3PS__Org2,aicar[c]__Org2,AH
AH,gln_L[c]__Org2,IG3PS__Org2,AH
AH,IG3PS__Org2,glu_L[c]__Org2,AH
AH,IG3PS__Org2,h[c]__Org2,AH
AH,eig3p[c]__Org2,IGPDH__Org2,AH
AH,IGPDH__Org2,h2o[c]__Org2,AH
AH,IGPDH__Org2,imacp[c]__Org2,AH
AH,2cpr5p[c]__Org2,IGPS__Org2,AH
AH,IGPS__Org2,3ig3p[c]__Org2,AH
AH,IGPS__Org2,co2[c]__Org2,AH
AH,IGPS__Org2,h2o[c]__Org2,AH
AH,h[c]__Org2,IGPS__Org2,AH
AH,14mpentdecACP[c]__Org2,IHDCOATA__Org2,AH
AH,IHDCOATA__Org2,ACP[c]__Org2,AH
AH,coa[c]__Org2,IHDCOATA__Org2,AH
AH,IHDCOATA__Org2,ihdcoa[c]__Org2,AH
AH,15mpalmACP[c]__Org2,IHPDCOATA__Org2,AH
AH,IHPDCOATA__Org2,ACP[c]__Org2,AH
AH,coa[c]__Org2,IHPDCOATA__Org2,AH
AH,IHPDCOATA__Org2,ihpdcoa[c]__Org2,AH
AH,ile_L[c]__Org2,ILETA__Org2,AH
AH,ILETA__Org2,3mop[c]__Org2,AH
AH,akg[c]__Org2,ILETA__Org2,AH
AH,ILETA__Org2,glu_L[c]__Org2,AH
AH,ILEabc__Org2,adp[c]__Org2,AH
AH,atp[c]__Org2,ILEabc__Org2,AH
AH,h2o[c]__Org2,ILEabc__Org2,AH
AH,ILEabc__Org2,h[c]__Org2,AH
AH,ILEabc__Org2,ile_L[c]__Org2,AH
AH,ile_L[e]__Org2,ILEabc__Org2,AH
AH,ILEabc__Org2,pi[c]__Org2,AH
AH,IMPC__Org2,fprica[c]__Org2,AH
AH,h2o[c]__Org2,IMPC__Org2,AH
AH,imp[c]__Org2,IMPC__Org2,AH
AH,h2o[c]__Org2,IMPD__Org2,AH
AH,IMPD__Org2,h[c]__Org2,AH
AH,imp[c]__Org2,IMPD__Org2,AH
AH,nad[c]__Org2,IMPD__Org2,AH
AH,IMPD__Org2,nadh[c]__Org2,AH
AH,IMPD__Org2,xmp[c]__Org2,AH
AH,inulin[c]__Org2,INULINASE__Org2,AH
AH,INULINASE__Org2,fru[c]__Org2,AH
AH,INULINASE__Org2,glc_D[c]__Org2,AH
AH,h2o[c]__Org2,INULINASE__Org2,AH
AH,INULINabc__Org2,adp[c]__Org2,AH
AH,atp[c]__Org2,INULINabc__Org2,AH
AH,h2o[c]__Org2,INULINabc__Org2,AH
AH,INULINabc__Org2,h[c]__Org2,AH
AH,INULINabc__Org2,inulin[c]__Org2,AH
AH,inulin[e]__Org2,INULINabc__Org2,AH
AH,INULINabc__Org2,pi[c]__Org2,AH
AH,IOR2__Org2,phaccoa[c]__Org2,AH
AH,phpyr[c]__Org2,IOR2__Org2,AH
AH,IOR2__Org2,co2[c]__Org2,AH
AH,coa[c]__Org2,IOR2__Org2,AH
AH,fdxox[c]__Org2,IOR2__Org2,AH
AH,IOR2__Org2,fdxrd[c]__Org2,AH
AH,h[c]__Org2,IOR2__Org2,AH
AH,34hpp[c]__Org2,IOR3__Org2,AH
AH,IOR3__Org2,hphaccoa[c]__Org2,AH
AH,IOR3__Org2,co2[c]__Org2,AH
AH,coa[c]__Org2,IOR3__Org2,AH
AH,fdxox[c]__Org2,IOR3__Org2,AH
AH,IOR3__Org2,fdxrd[c]__Org2,AH
AH,h[c]__Org2,IOR3__Org2,AH
AH,13mmyrsACP[c]__Org2,IPDCOATA__Org2,AH
AH,IPDCOATA__Org2,ACP[c]__Org2,AH
AH,coa[c]__Org2,IPDCOATA__Org2,AH
AH,IPDCOATA__Org2,ipdcoa[c]__Org2,AH
AH,IPDDI__Org2,dmpp[c]__Org2,AH
AH,ipdp[c]__Org2,IPDDI__Org2,AH
AH,h2mb4p[c]__Org2,IPDPS__Org2,AH
AH,IPDPS__Org2,h2o[c]__Org2,AH
AH,h[c]__Org2,IPDPS__Org2,AH
AH,IPDPS__Org2,ipdp[c]__Org2,AH
AH,IPDPS__Org2,nad[c]__Org2,AH
AH,nadh[c]__Org2,IPDPS__Org2,AH
AH,h2mb4p[c]__Org2,IPDPS2__Org2,AH
AH,IPDPS2__Org2,h2o[c]__Org2,AH
AH,h[c]__Org2,IPDPS2__Org2,AH
AH,IPDPS2__Org2,ipdp[c]__Org2,AH
AH,IPDPS2__Org2,nadp[c]__Org2,AH
AH,nadph[c]__Org2,IPDPS2__Org2,AH
AH,e3mmal[c]__Org2,IPMD2__Org2,AH
AH,IPMD2__Org2,2obut[c]__Org2,AH
AH,IPMD2__Org2,co2[c]__Org2,AH
AH,nad[c]__Org2,IPMD2__Org2,AH
AH,IPMD2__Org2,nadh[c]__Org2,AH
AH,3c2hmp[c]__Org2,IPMDr__Org2,AH
AH,IPMDr__Org2,3c4mop[c]__Org2,AH
AH,IPMDr__Org2,h[c]__Org2,AH
AH,nad[c]__Org2,IPMDr__Org2,AH
AH,IPMDr__Org2,nadh[c]__Org2,AH
AH,12mtridecACP[c]__Org2,ITDCOATA__Org2,AH
AH,ITDCOATA__Org2,ACP[c]__Org2,AH
AH,coa[c]__Org2,ITDCOATA__Org2,AH
AH,ITDCOATA__Org2,itdcoa[c]__Org2,AH
AH,ivcoa[c]__Org2,IVCOATA__Org2,AH
AH,IVCOATA__Org2,3mbutACP[c]__Org2,AH
AH,ACP[c]__Org2,IVCOATA__Org2,AH
AH,IVCOATA__Org2,coa[c]__Org2,AH
AH,23dhmb[c]__Org2,KARA1__Org2,AH
AH,KARA1__Org2,alac_S[c]__Org2,AH
AH,KARA1__Org2,h[c]__Org2,AH
AH,nadp[c]__Org2,KARA1__Org2,AH
AH,KARA1__Org2,nadph[c]__Org2,AH
AH,KARA2__Org2,23dhmp[c]__Org2,AH
AH,2ahbut[c]__Org2,KARA2__Org2,AH
AH,h[c]__Org2,KARA2__Org2,AH
AH,KARA2__Org2,nadp[c]__Org2,AH
AH,nadph[c]__Org2,KARA2__Org2,AH
AH,23dhmb[c]__Org2,KARA3__Org2,AH
AH,KARA3__Org2,33hmeoxobut[c]__Org2,AH
AH,KARA3__Org2,h[c]__Org2,AH
AH,nadp[c]__Org2,KARA3__Org2,AH
AH,KARA3__Org2,nadph[c]__Org2,AH
AH,KAS14__Org2,ACP[c]__Org2,AH
AH,acACP[c]__Org2,KAS14__Org2,AH
AH,KAS14__Org2,actACP[c]__Org2,AH
AH,KAS14__Org2,co2[c]__Org2,AH
AH,h[c]__Org2,KAS14__Org2,AH
AH,malACP[c]__Org2,KAS14__Org2,AH
AH,KESTOASEe__Org2,fru[e]__Org2,AH
AH,KESTOASEe__Org2,glc_D[e]__Org2,AH
AH,h2o[e]__Org2,KESTOASEe__Org2,AH
AH,kesto[e]__Org2,KESTOASEe__Org2,AH
AH,KESTOPTASEe__Org2,fru[e]__Org2,AH
AH,KESTOPTASEe__Org2,glc_D[e]__Org2,AH
AH,h2o[e]__Org2,KESTOPTASEe__Org2,AH
AH,kestopt[e]__Org2,KESTOPTASEe__Org2,AH
AH,KESTOTTRASEe__Org2,fru[e]__Org2,AH
AH,KESTOTTRASEe__Org2,glc_D[e]__Org2,AH
AH,h2o[e]__Org2,KESTOTTRASEe__Org2,AH
AH,kestottr[e]__Org2,KESTOTTRASEe__Org2,AH
AH,Kt1r__Org2,k[c]__Org2,AH
AH,k[e]__Org2,Kt1r__Org2,AH
AH,Kt3__Org2,h[c]__Org2,AH
AH,h[e]__Org2,Kt3__Org2,AH
AH,k[c]__Org2,Kt3__Org2,AH
AH,Kt3__Org2,k[e]__Org2,AH
AH,L2A6ODs__Org2,h2o[c]__Org2,AH
AH,L2A6ODs__Org2,h[c]__Org2,AH
AH,l2a6o[c]__Org2,L2A6ODs__Org2,AH
AH,L2A6ODs__Org2,thdp[c]__Org2,AH
AH,LACTLt__Org2,h[c]__Org2,AH
AH,h[e]__Org2,LACTLt__Org2,AH
AH,LACTLt__Org2,lactl[c]__Org2,AH
AH,lactl[e]__Org2,LACTLt__Org2,AH
AH,lcts[c]__Org2,LACZ__Org2,AH
AH,LACZ__Org2,gal[c]__Org2,AH
AH,LACZ__Org2,glc_D[c]__Org2,AH
AH,h2o[c]__Org2,LACZ__Org2,AH
AH,Largn[c]__Org2,LARGNAT__Org2,AH
AH,LARGNAT__Org2,asp_L[c]__Org2,AH
AH,oaa[c]__Org2,LARGNAT__Org2,AH
AH,LARGNAT__Org2,pphn[c]__Org2,AH
AH,LCARS__Org2,12ppd_S[c]__Org2,AH
AH,h[c]__Org2,LCARS__Org2,AH
AH,lald_L[c]__Org2,LCARS__Org2,AH
AH,LCARS__Org2,nad[c]__Org2,AH
AH,nadh[c]__Org2,LCARS__Org2,AH
AH,LCTSabc__Org2,adp[c]__Org2,AH
AH,atp[c]__Org2,LCTSabc__Org2,AH
AH,h2o[c]__Org2,LCTSabc__Org2,AH
AH,LCTSabc__Org2,h[c]__Org2,AH
AH,LCTSabc__Org2,lcts[c]__Org2,AH
AH,lcts[e]__Org2,LCTSabc__Org2,AH
AH,LCTSabc__Org2,pi[c]__Org2,AH
AH,LDH_D__Org2,h[c]__Org2,AH
AH,lac_D[c]__Org2,LDH_D__Org2,AH
AH,nad[c]__Org2,LDH_D__Org2,AH
AH,LDH_D__Org2,nadh[c]__Org2,AH
AH,LDH_D__Org2,pyr[c]__Org2,AH
AH,lac_L[c]__Org2,LDH_L__Org2,AH
AH,LDH_L__Org2,h[c]__Org2,AH
AH,nad[c]__Org2,LDH_L__Org2,AH
AH,LDH_L__Org2,nadh[c]__Org2,AH
AH,LDH_L__Org2,pyr[c]__Org2,AH
AH,LEUTA__Org2,4mop[c]__Org2,AH
AH,akg[c]__Org2,LEUTA__Org2,AH
AH,LEUTA__Org2,glu_L[c]__Org2,AH
AH,leu_L[c]__Org2,LEUTA__Org2,AH
AH,LEUabc__Org2,adp[c]__Org2,AH
AH,atp[c]__Org2,LEUabc__Org2,AH
AH,h2o[c]__Org2,LEUabc__Org2,AH
AH,LEUabc__Org2,h[c]__Org2,AH
AH,LEUabc__Org2,leu_L[c]__Org2,AH
AH,leu_L[e]__Org2,LEUabc__Org2,AH
AH,LEUabc__Org2,pi[c]__Org2,AH
AH,mthgxl[c]__Org2,LGTHL__Org2,AH
AH,gthrd[c]__Org2,LGTHL__Org2,AH
AH,LGTHL__Org2,lgt_S[c]__Org2,AH
AH,LPLIPAL1A120__Org2,ddca[c]__Org2,AH
AH,1ddecg3p[c]__Org2,LPLIPAL1A120__Org2,AH
AH,LPLIPAL1A120__Org2,glyc3p[c]__Org2,AH
AH,h2o[c]__Org2,LPLIPAL1A120__Org2,AH
AH,LPLIPAL1A120__Org2,h[c]__Org2,AH
AH,1tdecg3p[c]__Org2,LPLIPAL1A140__Org2,AH
AH,LPLIPAL1A140__Org2,glyc3p[c]__Org2,AH
AH,h2o[c]__Org2,LPLIPAL1A140__Org2,AH
AH,LPLIPAL1A140__Org2,h[c]__Org2,AH
AH,LPLIPAL1A140__Org2,ttdca[c]__Org2,AH
AH,LPLIPAL1A141__Org2,ttdcea[c]__Org2,AH
AH,1tdec7eg3p[c]__Org2,LPLIPAL1A141__Org2,AH
AH,LPLIPAL1A141__Org2,glyc3p[c]__Org2,AH
AH,h2o[c]__Org2,LPLIPAL1A141__Org2,AH
AH,LPLIPAL1A141__Org2,h[c]__Org2,AH
AH,1hdecg3p[c]__Org2,LPLIPAL1A160__Org2,AH
AH,LPLIPAL1A160__Org2,glyc3p[c]__Org2,AH
AH,h2o[c]__Org2,LPLIPAL1A160__Org2,AH
AH,LPLIPAL1A160__Org2,h[c]__Org2,AH
AH,LPLIPAL1A160__Org2,hdca[c]__Org2,AH
AH,1hdec9eg3p[c]__Org2,LPLIPAL1A161__Org2,AH
AH,LPLIPAL1A161__Org2,glyc3p[c]__Org2,AH
AH,h2o[c]__Org2,LPLIPAL1A161__Org2,AH
AH,LPLIPAL1A161__Org2,h[c]__Org2,AH
AH,LPLIPAL1A161__Org2,hdcea[c]__Org2,AH
AH,1odecg3p[c]__Org2,LPLIPAL1A180__Org2,AH
AH,LPLIPAL1A180__Org2,glyc3p[c]__Org2,AH
AH,h2o[c]__Org2,LPLIPAL1A180__Org2,AH
AH,LPLIPAL1A180__Org2,h[c]__Org2,AH
AH,LPLIPAL1A180__Org2,ocdca[c]__Org2,AH
AH,1odec11eg3p[c]__Org2,LPLIPAL1A181__Org2,AH
AH,LPLIPAL1A181__Org2,glyc3p[c]__Org2,AH
AH,h2o[c]__Org2,LPLIPAL1A181__Org2,AH
AH,LPLIPAL1A181__Org2,h[c]__Org2,AH
AH,LPLIPAL1A181__Org2,ocdcea[c]__Org2,AH
AH,1agpe120[c]__Org2,LPLIPAL1E120__Org2,AH
AH,LPLIPAL1E120__Org2,g3pe[c]__Org2,AH
AH,LPLIPAL1E120__Org2,ddca[c]__Org2,AH
AH,h2o[c]__Org2,LPLIPAL1E120__Org2,AH
AH,LPLIPAL1E120__Org2,h[c]__Org2,AH
AH,1agpe140[c]__Org2,LPLIPAL1E140__Org2,AH
AH,LPLIPAL1E140__Org2,g3pe[c]__Org2,AH
AH,h2o[c]__Org2,LPLIPAL1E140__Org2,AH
AH,LPLIPAL1E140__Org2,h[c]__Org2,AH
AH,LPLIPAL1E140__Org2,ttdca[c]__Org2,AH
AH,1agpe141[c]__Org2,LPLIPAL1E141__Org2,AH
AH,LPLIPAL1E141__Org2,g3pe[c]__Org2,AH
AH,h2o[c]__Org2,LPLIPAL1E141__Org2,AH
AH,LPLIPAL1E141__Org2,h[c]__Org2,AH
AH,LPLIPAL1E141__Org2,ttdcea[c]__Org2,AH
AH,1agpe160[c]__Org2,LPLIPAL1E160__Org2,AH
AH,LPLIPAL1E160__Org2,g3pe[c]__Org2,AH
AH,h2o[c]__Org2,LPLIPAL1E160__Org2,AH
AH,LPLIPAL1E160__Org2,h[c]__Org2,AH
AH,LPLIPAL1E160__Org2,hdca[c]__Org2,AH
AH,1agpe161[c]__Org2,LPLIPAL1E161__Org2,AH
AH,LPLIPAL1E161__Org2,g3pe[c]__Org2,AH
AH,h2o[c]__Org2,LPLIPAL1E161__Org2,AH
AH,LPLIPAL1E161__Org2,h[c]__Org2,AH
AH,LPLIPAL1E161__Org2,hdcea[c]__Org2,AH
AH,1agpe180[c]__Org2,LPLIPAL1E180__Org2,AH
AH,LPLIPAL1E180__Org2,g3pe[c]__Org2,AH
AH,h2o[c]__Org2,LPLIPAL1E180__Org2,AH
AH,LPLIPAL1E180__Org2,h[c]__Org2,AH
AH,LPLIPAL1E180__Org2,ocdca[c]__Org2,AH
AH,1agpe181[c]__Org2,LPLIPAL1E181__Org2,AH
AH,LPLIPAL1E181__Org2,g3pe[c]__Org2,AH
AH,h2o[c]__Org2,LPLIPAL1E181__Org2,AH
AH,LPLIPAL1E181__Org2,h[c]__Org2,AH
AH,LPLIPAL1E181__Org2,ocdcea[c]__Org2,AH
AH,1agpg120[c]__Org2,LPLIPAL1G120__Org2,AH
AH,LPLIPAL1G120__Org2,g3pg[c]__Org2,AH
AH,LPLIPAL1G120__Org2,ddca[c]__Org2,AH
AH,h2o[c]__Org2,LPLIPAL1G120__Org2,AH
AH,LPLIPAL1G120__Org2,h[c]__Org2,AH
AH,1agpg140[c]__Org2,LPLIPAL1G140__Org2,AH
AH,LPLIPAL1G140__Org2,g3pg[c]__Org2,AH
AH,h2o[c]__Org2,LPLIPAL1G140__Org2,AH
AH,LPLIPAL1G140__Org2,h[c]__Org2,AH
AH,LPLIPAL1G140__Org2,ttdca[c]__Org2,AH
AH,1agpg141[c]__Org2,LPLIPAL1G141__Org2,AH
AH,LPLIPAL1G141__Org2,g3pg[c]__Org2,AH
AH,h2o[c]__Org2,LPLIPAL1G141__Org2,AH
AH,LPLIPAL1G141__Org2,h[c]__Org2,AH
AH,LPLIPAL1G141__Org2,ttdcea[c]__Org2,AH
AH,1agpg160[c]__Org2,LPLIPAL1G160__Org2,AH
AH,LPLIPAL1G160__Org2,g3pg[c]__Org2,AH
AH,h2o[c]__Org2,LPLIPAL1G160__Org2,AH
AH,LPLIPAL1G160__Org2,h[c]__Org2,AH
AH,LPLIPAL1G160__Org2,hdca[c]__Org2,AH
AH,1agpg161[c]__Org2,LPLIPAL1G161__Org2,AH
AH,LPLIPAL1G161__Org2,g3pg[c]__Org2,AH
AH,h2o[c]__Org2,LPLIPAL1G161__Org2,AH
AH,LPLIPAL1G161__Org2,h[c]__Org2,AH
AH,LPLIPAL1G161__Org2,hdcea[c]__Org2,AH
AH,1agpg180[c]__Org2,LPLIPAL1G180__Org2,AH
AH,LPLIPAL1G180__Org2,g3pg[c]__Org2,AH
AH,h2o[c]__Org2,LPLIPAL1G180__Org2,AH
AH,LPLIPAL1G180__Org2,h[c]__Org2,AH
AH,LPLIPAL1G180__Org2,ocdca[c]__Org2,AH
AH,1agpg181[c]__Org2,LPLIPAL1G181__Org2,AH
AH,LPLIPAL1G181__Org2,g3pg[c]__Org2,AH
AH,h2o[c]__Org2,LPLIPAL1G181__Org2,AH
AH,LPLIPAL1G181__Org2,h[c]__Org2,AH
AH,LPLIPAL1G181__Org2,ocdcea[c]__Org2,AH
AH,2ddecg3p[c]__Org2,LPLIPAL2A120__Org2,AH
AH,LPLIPAL2A120__Org2,ddca[c]__Org2,AH
AH,LPLIPAL2A120__Org2,glyc3p[c]__Org2,AH
AH,h2o[c]__Org2,LPLIPAL2A120__Org2,AH
AH,LPLIPAL2A120__Org2,h[c]__Org2,AH
AH,2tdecg3p[c]__Org2,LPLIPAL2A140__Org2,AH
AH,LPLIPAL2A140__Org2,glyc3p[c]__Org2,AH
AH,h2o[c]__Org2,LPLIPAL2A140__Org2,AH
AH,LPLIPAL2A140__Org2,h[c]__Org2,AH
AH,LPLIPAL2A140__Org2,ttdca[c]__Org2,AH
AH,2tdec7eg3p[c]__Org2,LPLIPAL2A141__Org2,AH
AH,LPLIPAL2A141__Org2,glyc3p[c]__Org2,AH
AH,h2o[c]__Org2,LPLIPAL2A141__Org2,AH
AH,LPLIPAL2A141__Org2,h[c]__Org2,AH
AH,LPLIPAL2A141__Org2,ttdcea[c]__Org2,AH
AH,2hdecg3p[c]__Org2,LPLIPAL2A160__Org2,AH
AH,LPLIPAL2A160__Org2,glyc3p[c]__Org2,AH
AH,h2o[c]__Org2,LPLIPAL2A160__Org2,AH
AH,LPLIPAL2A160__Org2,h[c]__Org2,AH
AH,LPLIPAL2A160__Org2,hdca[c]__Org2,AH
AH,2hdec9eg3p[c]__Org2,LPLIPAL2A161__Org2,AH
AH,LPLIPAL2A161__Org2,glyc3p[c]__Org2,AH
AH,h2o[c]__Org2,LPLIPAL2A161__Org2,AH
AH,LPLIPAL2A161__Org2,h[c]__Org2,AH
AH,LPLIPAL2A161__Org2,hdcea[c]__Org2,AH
AH,2odecg3p[c]__Org2,LPLIPAL2A180__Org2,AH
AH,LPLIPAL2A180__Org2,glyc3p[c]__Org2,AH
AH,h2o[c]__Org2,LPLIPAL2A180__Org2,AH
AH,LPLIPAL2A180__Org2,h[c]__Org2,AH
AH,LPLIPAL2A180__Org2,ocdca[c]__Org2,AH
AH,2odec11eg3p[c]__Org2,LPLIPAL2A181__Org2,AH
AH,LPLIPAL2A181__Org2,glyc3p[c]__Org2,AH
AH,h2o[c]__Org2,LPLIPAL2A181__Org2,AH
AH,LPLIPAL2A181__Org2,h[c]__Org2,AH
AH,LPLIPAL2A181__Org2,ocdcea[c]__Org2,AH
AH,2agpe120[c]__Org2,LPLIPAL2E120__Org2,AH
AH,LPLIPAL2E120__Org2,ddca[c]__Org2,AH
AH,LPLIPAL2E120__Org2,g3pe[c]__Org2,AH
AH,h2o[c]__Org2,LPLIPAL2E120__Org2,AH
AH,LPLIPAL2E120__Org2,h[c]__Org2,AH
AH,2agpe140[c]__Org2,LPLIPAL2E140__Org2,AH
AH,LPLIPAL2E140__Org2,g3pe[c]__Org2,AH
AH,h2o[c]__Org2,LPLIPAL2E140__Org2,AH
AH,LPLIPAL2E140__Org2,h[c]__Org2,AH
AH,LPLIPAL2E140__Org2,ttdca[c]__Org2,AH
AH,2agpe141[c]__Org2,LPLIPAL2E141__Org2,AH
AH,LPLIPAL2E141__Org2,g3pe[c]__Org2,AH
AH,h2o[c]__Org2,LPLIPAL2E141__Org2,AH
AH,LPLIPAL2E141__Org2,h[c]__Org2,AH
AH,LPLIPAL2E141__Org2,ttdcea[c]__Org2,AH
AH,2agpe160[c]__Org2,LPLIPAL2E160__Org2,AH
AH,LPLIPAL2E160__Org2,g3pe[c]__Org2,AH
AH,h2o[c]__Org2,LPLIPAL2E160__Org2,AH
AH,LPLIPAL2E160__Org2,h[c]__Org2,AH
AH,LPLIPAL2E160__Org2,hdca[c]__Org2,AH
AH,2agpe161[c]__Org2,LPLIPAL2E161__Org2,AH
AH,LPLIPAL2E161__Org2,g3pe[c]__Org2,AH
AH,h2o[c]__Org2,LPLIPAL2E161__Org2,AH
AH,LPLIPAL2E161__Org2,h[c]__Org2,AH
AH,LPLIPAL2E161__Org2,hdcea[c]__Org2,AH
AH,2agpe180[c]__Org2,LPLIPAL2E180__Org2,AH
AH,LPLIPAL2E180__Org2,g3pe[c]__Org2,AH
AH,h2o[c]__Org2,LPLIPAL2E180__Org2,AH
AH,LPLIPAL2E180__Org2,h[c]__Org2,AH
AH,LPLIPAL2E180__Org2,ocdca[c]__Org2,AH
AH,2agpe181[c]__Org2,LPLIPAL2E181__Org2,AH
AH,LPLIPAL2E181__Org2,g3pe[c]__Org2,AH
AH,h2o[c]__Org2,LPLIPAL2E181__Org2,AH
AH,LPLIPAL2E181__Org2,h[c]__Org2,AH
AH,LPLIPAL2E181__Org2,ocdcea[c]__Org2,AH
AH,2agpg120[c]__Org2,LPLIPAL2G120__Org2,AH
AH,LPLIPAL2G120__Org2,ddca[c]__Org2,AH
AH,LPLIPAL2G120__Org2,g3pg[c]__Org2,AH
AH,h2o[c]__Org2,LPLIPAL2G120__Org2,AH
AH,LPLIPAL2G120__Org2,h[c]__Org2,AH
AH,2agpg140[c]__Org2,LPLIPAL2G140__Org2,AH
AH,LPLIPAL2G140__Org2,g3pg[c]__Org2,AH
AH,h2o[c]__Org2,LPLIPAL2G140__Org2,AH
AH,LPLIPAL2G140__Org2,h[c]__Org2,AH
AH,LPLIPAL2G140__Org2,ttdca[c]__Org2,AH
AH,2agpg141[c]__Org2,LPLIPAL2G141__Org2,AH
AH,LPLIPAL2G141__Org2,g3pg[c]__Org2,AH
AH,h2o[c]__Org2,LPLIPAL2G141__Org2,AH
AH,LPLIPAL2G141__Org2,h[c]__Org2,AH
AH,LPLIPAL2G141__Org2,ttdcea[c]__Org2,AH
AH,2agpg160[c]__Org2,LPLIPAL2G160__Org2,AH
AH,LPLIPAL2G160__Org2,g3pg[c]__Org2,AH
AH,h2o[c]__Org2,LPLIPAL2G160__Org2,AH
AH,LPLIPAL2G160__Org2,h[c]__Org2,AH
AH,LPLIPAL2G160__Org2,hdca[c]__Org2,AH
AH,2agpg161[c]__Org2,LPLIPAL2G161__Org2,AH
AH,LPLIPAL2G161__Org2,g3pg[c]__Org2,AH
AH,h2o[c]__Org2,LPLIPAL2G161__Org2,AH
AH,LPLIPAL2G161__Org2,h[c]__Org2,AH
AH,LPLIPAL2G161__Org2,hdcea[c]__Org2,AH
AH,2agpg180[c]__Org2,LPLIPAL2G180__Org2,AH
AH,LPLIPAL2G180__Org2,g3pg[c]__Org2,AH
AH,h2o[c]__Org2,LPLIPAL2G180__Org2,AH
AH,LPLIPAL2G180__Org2,h[c]__Org2,AH
AH,LPLIPAL2G180__Org2,ocdca[c]__Org2,AH
AH,2agpg181[c]__Org2,LPLIPAL2G181__Org2,AH
AH,LPLIPAL2G181__Org2,g3pg[c]__Org2,AH
AH,h2o[c]__Org2,LPLIPAL2G181__Org2,AH
AH,LPLIPAL2G181__Org2,h[c]__Org2,AH
AH,LPLIPAL2G181__Org2,ocdcea[c]__Org2,AH
AH,LYSDC__Org2,15dap[c]__Org2,AH
AH,lys_L[c]__Org2,LYSDC__Org2,AH
AH,LYSDC__Org2,co2[c]__Org2,AH
AH,h[c]__Org2,LYSDC__Org2,AH
AH,LYSt2r__Org2,h[c]__Org2,AH
AH,h[e]__Org2,LYSt2r__Org2,AH
AH,LYSt2r__Org2,lys_L[c]__Org2,AH
AH,lys_L[e]__Org2,LYSt2r__Org2,AH
AH,ficytC[c]__Org2,L_LACD__Org2,AH
AH,L_LACD__Org2,focytC[c]__Org2,AH
AH,L_LACD__Org2,h[c]__Org2,AH
AH,lac_L[c]__Org2,L_LACD__Org2,AH
AH,L_LACD__Org2,pyr[c]__Org2,AH
AH,lac_L[c]__Org2,L_LACD2__Org2,AH
AH,L_LACD2__Org2,pyr[c]__Org2,AH
AH,q8[c]__Org2,L_LACD2__Org2,AH
AH,L_LACD2__Org2,q8h2[c]__Org2,AH
AH,lac_L[c]__Org2,L_LACD3__Org2,AH
AH,L_LACD3__Org2,mql8[c]__Org2,AH
AH,mqn8[c]__Org2,L_LACD3__Org2,AH
AH,L_LACD3__Org2,pyr[c]__Org2,AH
AH,L_LACt2r__Org2,h[c]__Org2,AH
AH,h[e]__Org2,L_LACt2r__Org2,AH
AH,L_LACt2r__Org2,lac_L[c]__Org2,AH
AH,lac_L[e]__Org2,L_LACt2r__Org2,AH
AH,mnl1p[c]__Org2,M1PD__Org2,AH
AH,M1PD__Org2,f6p[c]__Org2,AH
AH,M1PD__Org2,h[c]__Org2,AH
AH,nad[c]__Org2,M1PD__Org2,AH
AH,M1PD__Org2,nadh[c]__Org2,AH
AH,MACCOAT__Org2,ppcoa[c]__Org2,AH
AH,2maacoa[c]__Org2,MACCOAT__Org2,AH
AH,MACCOAT__Org2,accoa[c]__Org2,AH
AH,coa[c]__Org2,MACCOAT__Org2,AH
AH,MALT__Org2,glc_D[c]__Org2,AH
AH,h2o[c]__Org2,MALT__Org2,AH
AH,malt[c]__Org2,MALT__Org2,AH
AH,MALTATr__Org2,acmalt[c]__Org2,AH
AH,accoa[c]__Org2,MALTATr__Org2,AH
AH,MALTATr__Org2,coa[c]__Org2,AH
AH,malt[c]__Org2,MALTATr__Org2,AH
AH,MALTabc__Org2,adp[c]__Org2,AH
AH,atp[c]__Org2,MALTabc__Org2,AH
AH,h2o[c]__Org2,MALTabc__Org2,AH
AH,MALTabc__Org2,h[c]__Org2,AH
AH,MALTabc__Org2,malt[c]__Org2,AH
AH,malt[e]__Org2,MALTabc__Org2,AH
AH,MALTabc__Org2,pi[c]__Org2,AH
AH,man6p[c]__Org2,MAN6PI__Org2,AH
AH,MAN6PI__Org2,f6p[c]__Org2,AH
AH,MANpts__Org2,man6p[c]__Org2,AH
AH,man[e]__Org2,MANpts__Org2,AH
AH,pep[c]__Org2,MANpts__Org2,AH
AH,MANpts__Org2,pyr[c]__Org2,AH
AH,ACP[c]__Org2,MCOATA__Org2,AH
AH,MCOATA__Org2,coa[c]__Org2,AH
AH,MCOATA__Org2,malACP[c]__Org2,AH
AH,malcoa[c]__Org2,MCOATA__Org2,AH
AH,ME2__Org2,co2[c]__Org2,AH
AH,mal_L[c]__Org2,ME2__Org2,AH
AH,nadp[c]__Org2,ME2__Org2,AH
AH,ME2__Org2,nadph[c]__Org2,AH
AH,ME2__Org2,pyr[c]__Org2,AH
AH,2mecdp[c]__Org2,MECDPDH2__Org2,AH
AH,MECDPDH2__Org2,h2mb4p[c]__Org2,AH
AH,MECDPDH2__Org2,h2o[c]__Org2,AH
AH,MECDPDH2__Org2,nad[c]__Org2,AH
AH,nadh[c]__Org2,MECDPDH2__Org2,AH
AH,MECDPS__Org2,2mecdp[c]__Org2,AH
AH,2p4c2me[c]__Org2,MECDPS__Org2,AH
AH,MECDPS__Org2,cmp[c]__Org2,AH
AH,MELIBt2r__Org2,melib[c]__Org2,AH
AH,MELIBt2r__Org2,h[c]__Org2,AH
AH,h[e]__Org2,MELIBt2r__Org2,AH
AH,melib[e]__Org2,MELIBt2r__Org2,AH
AH,2me4p[c]__Org2,MEPCT__Org2,AH
AH,MEPCT__Org2,4c2me[c]__Org2,AH
AH,ctp[c]__Org2,MEPCT__Org2,AH
AH,h[c]__Org2,MEPCT__Org2,AH
AH,MEPCT__Org2,ppi[c]__Org2,AH
AH,metala[c]__Org2,METALA1c__Org2,AH
AH,METALA1c__Org2,ala_L[c]__Org2,AH
AH,h2o[c]__Org2,METALA1c__Org2,AH
AH,METALA1c__Org2,met_L[c]__Org2,AH
AH,METALAabc__Org2,adp[c]__Org2,AH
AH,atp[c]__Org2,METALAabc__Org2,AH
AH,h2o[c]__Org2,METALAabc__Org2,AH
AH,METALAabc__Org2,h[c]__Org2,AH
AH,METALAabc__Org2,metala[c]__Org2,AH
AH,metala[e]__Org2,METALAabc__Org2,AH
AH,METALAabc__Org2,pi[c]__Org2,AH
AH,METAT__Org2,amet[c]__Org2,AH
AH,atp[c]__Org2,METAT__Org2,AH
AH,h2o[c]__Org2,METAT__Org2,AH
AH,met_L[c]__Org2,METAT__Org2,AH
AH,METAT__Org2,pi[c]__Org2,AH
AH,METAT__Org2,ppi[c]__Org2,AH
AH,METDabc__Org2,met_D[c]__Org2,AH
AH,METDabc__Org2,adp[c]__Org2,AH
AH,atp[c]__Org2,METDabc__Org2,AH
AH,h2o[c]__Org2,METDabc__Org2,AH
AH,METDabc__Org2,h[c]__Org2,AH
AH,met_D[e]__Org2,METDabc__Org2,AH
AH,METDabc__Org2,pi[c]__Org2,AH
AH,5mthf[c]__Org2,METFR__Org2,AH
AH,METFR__Org2,h[c]__Org2,AH
AH,METFR__Org2,mlthf[c]__Org2,AH
AH,nadp[c]__Org2,METFR__Org2,AH
AH,METFR__Org2,nadph[c]__Org2,AH
AH,5mthf[c]__Org2,METS__Org2,AH
AH,METS__Org2,h[c]__Org2,AH
AH,hcys_L[c]__Org2,METS__Org2,AH
AH,METS__Org2,met_L[c]__Org2,AH
AH,METS__Org2,thf[c]__Org2,AH
AH,METSOX1abc__Org2,metsox_S_L[c]__Org2,AH
AH,METSOX1abc__Org2,adp[c]__Org2,AH
AH,atp[c]__Org2,METSOX1abc__Org2,AH
AH,h2o[c]__Org2,METSOX1abc__Org2,AH
AH,METSOX1abc__Org2,h[c]__Org2,AH
AH,metsox_S_L[e]__Org2,METSOX1abc__Org2,AH
AH,METSOX1abc__Org2,pi[c]__Org2,AH
AH,METSOX2abc__Org2,metsox_R_L[c]__Org2,AH
AH,metsox_R_L[e]__Org2,METSOX2abc__Org2,AH
AH,METSOX2abc__Org2,adp[c]__Org2,AH
AH,atp[c]__Org2,METSOX2abc__Org2,AH
AH,h2o[c]__Org2,METSOX2abc__Org2,AH
AH,METSOX2abc__Org2,h[c]__Org2,AH
AH,METSOX2abc__Org2,pi[c]__Org2,AH
AH,METabc__Org2,adp[c]__Org2,AH
AH,atp[c]__Org2,METabc__Org2,AH
AH,h2o[c]__Org2,METabc__Org2,AH
AH,METabc__Org2,h[c]__Org2,AH
AH,METabc__Org2,met_L[c]__Org2,AH
AH,met_L[e]__Org2,METabc__Org2,AH
AH,METabc__Org2,pi[c]__Org2,AH
AH,MG2abc__Org2,mg2[c]__Org2,AH
AH,MG2abc__Org2,adp[c]__Org2,AH
AH,atp[c]__Org2,MG2abc__Org2,AH
AH,h2o[c]__Org2,MG2abc__Org2,AH
AH,MG2abc__Org2,h[c]__Org2,AH
AH,mg2[e]__Org2,MG2abc__Org2,AH
AH,MG2abc__Org2,pi[c]__Org2,AH
AH,dhap[c]__Org2,MGSA__Org2,AH
AH,MGSA__Org2,mthgxl[c]__Org2,AH
AH,MGSA__Org2,pi[c]__Org2,AH
AH,mg2[c]__Org2,MGt5__Org2,AH
AH,MGt5__Org2,mg2[e]__Org2,AH
AH,coa[c]__Org2,MMSAD2__Org2,AH
AH,MMSAD2__Org2,h[c]__Org2,AH
AH,nad[c]__Org2,MMSAD2__Org2,AH
AH,MMSAD2__Org2,nadh[c]__Org2,AH
AH,ppal[c]__Org2,MMSAD2__Org2,AH
AH,MMSAD2__Org2,ppcoa[c]__Org2,AH
AH,MNLpts__Org2,mnl1p[c]__Org2,AH
AH,mnl[e]__Org2,MNLpts__Org2,AH
AH,pep[c]__Org2,MNLpts__Org2,AH
AH,MNLpts__Org2,pyr[c]__Org2,AH
AH,MNabc__Org2,mn2[c]__Org2,AH
AH,MNabc__Org2,adp[c]__Org2,AH
AH,atp[c]__Org2,MNabc__Org2,AH
AH,h2o[c]__Org2,MNabc__Org2,AH
AH,MNabc__Org2,h[c]__Org2,AH
AH,mn2[e]__Org2,MNabc__Org2,AH
AH,MNabc__Org2,pi[c]__Org2,AH
AH,MOBDabc__Org2,mobd[c]__Org2,AH
AH,MOBDabc__Org2,adp[c]__Org2,AH
AH,atp[c]__Org2,MOBDabc__Org2,AH
AH,h2o[c]__Org2,MOBDabc__Org2,AH
AH,MOBDabc__Org2,h[c]__Org2,AH
AH,mobd[e]__Org2,MOBDabc__Org2,AH
AH,MOBDabc__Org2,pi[c]__Org2,AH
AH,MOHMT__Org2,2dhp[c]__Org2,AH
AH,3mob[c]__Org2,MOHMT__Org2,AH
AH,h2o[c]__Org2,MOHMT__Org2,AH
AH,mlthf[c]__Org2,MOHMT__Org2,AH
AH,MOHMT__Org2,thf[c]__Org2,AH
AH,5mta[c]__Org2,MTAN__Org2,AH
AH,MTAN__Org2,5mtr[c]__Org2,AH
AH,MTAN__Org2,ade[c]__Org2,AH
AH,h2o[c]__Org2,MTAN__Org2,AH
AH,MTHFC__Org2,10fthf[c]__Org2,AH
AH,h2o[c]__Org2,MTHFC__Org2,AH
AH,MTHFC__Org2,h[c]__Org2,AH
AH,methf[c]__Org2,MTHFC__Org2,AH
AH,MTHFD__Org2,methf[c]__Org2,AH
AH,mlthf[c]__Org2,MTHFD__Org2,AH
AH,nadp[c]__Org2,MTHFD__Org2,AH
AH,MTHFD__Org2,nadph[c]__Org2,AH
AH,MTRK__Org2,5mdr1p[c]__Org2,AH
AH,5mtr[c]__Org2,MTRK__Org2,AH
AH,MTRK__Org2,adp[c]__Org2,AH
AH,atp[c]__Org2,MTRK__Org2,AH
AH,MTRK__Org2,h[c]__Org2,AH
AH,nac[c]__Org2,NACt2r__Org2,AH
AH,h[c]__Org2,NACt2r__Org2,AH
AH,NACt2r__Org2,h[e]__Org2,AH
AH,NACt2r__Org2,nac[e]__Org2,AH
AH,h[c]__Org2,NADH10__Org2,AH
AH,NADH10__Org2,mql8[c]__Org2,AH
AH,mqn8[c]__Org2,NADH10__Org2,AH
AH,NADH10__Org2,nad[c]__Org2,AH
AH,nadh[c]__Org2,NADH10__Org2,AH
AH,h[c]__Org2,NADH5__Org2,AH
AH,NADH5__Org2,nad[c]__Org2,AH
AH,nadh[c]__Org2,NADH5__Org2,AH
AH,q8[c]__Org2,NADH5__Org2,AH
AH,NADH5__Org2,q8h2[c]__Org2,AH
AH,2dmmq8[c]__Org2,NADH9__Org2,AH
AH,NADH9__Org2,2dmmql8[c]__Org2,AH
AH,h[c]__Org2,NADH9__Org2,AH
AH,NADH9__Org2,nad[c]__Org2,AH
AH,nadh[c]__Org2,NADH9__Org2,AH
AH,NADK__Org2,adp[c]__Org2,AH
AH,atp[c]__Org2,NADK__Org2,AH
AH,NADK__Org2,h[c]__Org2,AH
AH,nad[c]__Org2,NADK__Org2,AH
AH,NADK__Org2,nadp[c]__Org2,AH
AH,NADK2__Org2,dtdp[c]__Org2,AH
AH,dttp[c]__Org2,NADK2__Org2,AH
AH,NADK2__Org2,h[c]__Org2,AH
AH,nad[c]__Org2,NADK2__Org2,AH
AH,NADK2__Org2,nadp[c]__Org2,AH
AH,dnad[c]__Org2,NADS1__Org2,AH
AH,NADS1__Org2,amp[c]__Org2,AH
AH,atp[c]__Org2,NADS1__Org2,AH
AH,NADS1__Org2,h[c]__Org2,AH
AH,NADS1__Org2,nad[c]__Org2,AH
AH,nh4[c]__Org2,NADS1__Org2,AH
AH,NADS1__Org2,ppi[c]__Org2,AH
AH,NADS2__Org2,amp[c]__Org2,AH
AH,atp[c]__Org2,NADS2__Org2,AH
AH,dnad[c]__Org2,NADS2__Org2,AH
AH,gln_L[c]__Org2,NADS2__Org2,AH
AH,NADS2__Org2,glu_L[c]__Org2,AH
AH,h2o[c]__Org2,NADS2__Org2,AH
AH,NADS2__Org2,h[c]__Org2,AH
AH,NADS2__Org2,nad[c]__Org2,AH
AH,NADS2__Org2,ppi[c]__Org2,AH
AH,NAPRT__Org2,nicrnt[c]__Org2,AH
AH,h[c]__Org2,NAPRT__Org2,AH
AH,nac[c]__Org2,NAPRT__Org2,AH
AH,NAPRT__Org2,ppi[c]__Org2,AH
AH,prpp[c]__Org2,NAPRT__Org2,AH
AH,NAt3_1__Org2,h[c]__Org2,AH
AH,h[e]__Org2,NAt3_1__Org2,AH
AH,na1[c]__Org2,NAt3_1__Org2,AH
AH,NAt3_1__Org2,na1[e]__Org2,AH
AH,NH4tb__Org2,nh4[c]__Org2,AH
AH,nh4[e]__Org2,NH4tb__Org2,AH
AH,n2[c]__Org2,NIT_n1p4__Org2,AH
AH,NIT_n1p4__Org2,adp[c]__Org2,AH
AH,atp[c]__Org2,NIT_n1p4__Org2,AH
AH,NIT_n1p4__Org2,fdxox[c]__Org2,AH
AH,fdxrd[c]__Org2,NIT_n1p4__Org2,AH
AH,NIT_n1p4__Org2,h2[c]__Org2,AH
AH,h2o[c]__Org2,NIT_n1p4__Org2,AH
AH,NIT_n1p4__Org2,h[c]__Org2,AH
AH,NIT_n1p4__Org2,nh4[c]__Org2,AH
AH,NIT_n1p4__Org2,pi[c]__Org2,AH
AH,NMNP__Org2,nmn[c]__Org2,AH
AH,nmn[e]__Org2,NMNP__Org2,AH
AH,ncam[c]__Org2,NNAM__Org2,AH
AH,h2o[c]__Org2,NNAM__Org2,AH
AH,NNAM__Org2,nac[c]__Org2,AH
AH,NNAM__Org2,nh4[c]__Org2,AH
AH,atp[c]__Org2,NNATr__Org2,AH
AH,NNATr__Org2,dnad[c]__Org2,AH
AH,h[c]__Org2,NNATr__Org2,AH
AH,nicrnt[c]__Org2,NNATr__Org2,AH
AH,NNATr__Org2,ppi[c]__Org2,AH
AH,NNDMBRT__Org2,5prdmbz[c]__Org2,AH
AH,dmbzid[c]__Org2,NNDMBRT__Org2,AH
AH,NNDMBRT__Org2,h[c]__Org2,AH
AH,NNDMBRT__Org2,nac[c]__Org2,AH
AH,nicrnt[c]__Org2,NNDMBRT__Org2,AH
AH,quln[c]__Org2,NNDPR__Org2,AH
AH,NNDPR__Org2,co2[c]__Org2,AH
AH,h[c]__Org2,NNDPR__Org2,AH
AH,NNDPR__Org2,nicrnt[c]__Org2,AH
AH,NNDPR__Org2,ppi[c]__Org2,AH
AH,prpp[c]__Org2,NNDPR__Org2,AH
AH,NZP_NR__Org2,anzp[c]__Org2,AH
AH,nzp[c]__Org2,NZP_NR__Org2,AH
AH,NZP_NR__Org2,h2o[c]__Org2,AH
AH,h[c]__Org2,NZP_NR__Org2,AH
AH,NZP_NR__Org2,nadp[c]__Org2,AH
AH,nadph[c]__Org2,NZP_NR__Org2,AH
AH,O2t__Org2,o2[c]__Org2,AH
AH,o2[e]__Org2,O2t__Org2,AH
AH,OAADC__Org2,co2[c]__Org2,AH
AH,h[c]__Org2,OAADC__Org2,AH
AH,oaa[c]__Org2,OAADC__Org2,AH
AH,OAADC__Org2,pyr[c]__Org2,AH
AH,OAASr__Org2,accoa[c]__Org2,AH
AH,cit[c]__Org2,OAASr__Org2,AH
AH,coa[c]__Org2,OAASr__Org2,AH
AH,OAASr__Org2,h2o[c]__Org2,AH
AH,h[c]__Org2,OAASr__Org2,AH
AH,OAASr__Org2,oaa[c]__Org2,AH
AH,2obut[c]__Org2,OBTFL__Org2,AH
AH,coa[c]__Org2,OBTFL__Org2,AH
AH,OBTFL__Org2,for[c]__Org2,AH
AH,OBTFL__Org2,ppcoa[c]__Org2,AH
AH,cbp[c]__Org2,OCBT__Org2,AH
AH,OCBT__Org2,citr_L[c]__Org2,AH
AH,OCBT__Org2,h[c]__Org2,AH
AH,orn[c]__Org2,OCBT__Org2,AH
AH,OCBT__Org2,pi[c]__Org2,AH
AH,ohpb[c]__Org2,OHPBAT__Org2,AH
AH,OHPBAT__Org2,akg[c]__Org2,AH
AH,glu_L[c]__Org2,OHPBAT__Org2,AH
AH,OHPBAT__Org2,phthr[c]__Org2,AH
AH,3c4mop[c]__Org2,OMCDC__Org2,AH
AH,OMCDC__Org2,4mop[c]__Org2,AH
AH,OMCDC__Org2,co2[c]__Org2,AH
AH,h[c]__Org2,OMCDC__Org2,AH
AH,orot5p[c]__Org2,OMPDC__Org2,AH
AH,OMPDC__Org2,co2[c]__Org2,AH
AH,h[c]__Org2,OMPDC__Org2,AH
AH,OMPDC__Org2,ump[c]__Org2,AH
AH,ORNDC__Org2,ptrc[c]__Org2,AH
AH,ORNDC__Org2,co2[c]__Org2,AH
AH,h[c]__Org2,ORNDC__Org2,AH
AH,orn[c]__Org2,ORNDC__Org2,AH
AH,ORNTAC__Org2,acglu[c]__Org2,AH
AH,acorn[c]__Org2,ORNTAC__Org2,AH
AH,glu_L[c]__Org2,ORNTAC__Org2,AH
AH,ORNTAC__Org2,orn[c]__Org2,AH
AH,OROTPT__Org2,orot5p[c]__Org2,AH
AH,orot[c]__Org2,OROTPT__Org2,AH
AH,OROTPT__Org2,ppi[c]__Org2,AH
AH,prpp[c]__Org2,OROTPT__Org2,AH
AH,P5CRyr__Org2,1pyr5c[c]__Org2,AH
AH,P5CRyr__Org2,h[c]__Org2,AH
AH,nadp[c]__Org2,P5CRyr__Org2,AH
AH,P5CRyr__Org2,nadph[c]__Org2,AH
AH,pro_L[c]__Org2,P5CRyr__Org2,AH
AH,4hphac[c]__Org2,PACCOAL2r__Org2,AH
AH,PACCOAL2r__Org2,amp[c]__Org2,AH
AH,atp[c]__Org2,PACCOAL2r__Org2,AH
AH,coa[c]__Org2,PACCOAL2r__Org2,AH
AH,PACCOAL2r__Org2,hphaccoa[c]__Org2,AH
AH,PACCOAL2r__Org2,ppi[c]__Org2,AH
AH,pac[c]__Org2,PACCOALr__Org2,AH
AH,PACCOALr__Org2,amp[c]__Org2,AH
AH,atp[c]__Org2,PACCOALr__Org2,AH
AH,coa[c]__Org2,PACCOALr__Org2,AH
AH,PACCOALr__Org2,phaccoa[c]__Org2,AH
AH,PACCOALr__Org2,ppi[c]__Org2,AH
AH,PANTS__Org2,pnto_R[c]__Org2,AH
AH,ala_B[c]__Org2,PANTS__Org2,AH
AH,PANTS__Org2,amp[c]__Org2,AH
AH,atp[c]__Org2,PANTS__Org2,AH
AH,PANTS__Org2,h[c]__Org2,AH
AH,pant_R[c]__Org2,PANTS__Org2,AH
AH,PANTS__Org2,ppi[c]__Org2,AH
AH,uGgla[c]__Org2,PAPPT2__Org2,AH
AH,PAPPT2__Org2,uaGgla[c]__Org2,AH
AH,udcpp[c]__Org2,PAPPT2__Org2,AH
AH,PAPPT2__Org2,ump[c]__Org2,AH
AH,PAPPT3__Org2,uagmda[c]__Org2,AH
AH,ugmda[c]__Org2,PAPPT3__Org2,AH
AH,udcpp[c]__Org2,PAPPT3__Org2,AH
AH,PAPPT3__Org2,ump[c]__Org2,AH
AH,pb[c]__Org2,PBt__Org2,AH
AH,PBt__Org2,adp[c]__Org2,AH
AH,atp[c]__Org2,PBt__Org2,AH
AH,h2o[c]__Org2,PBt__Org2,AH
AH,PBt__Org2,h[c]__Org2,AH
AH,PBt__Org2,pb[e]__Org2,AH
AH,PBt__Org2,pi[c]__Org2,AH
AH,PC__Org2,adp[c]__Org2,AH
AH,atp[c]__Org2,PC__Org2,AH
AH,PC__Org2,h[c]__Org2,AH
AH,hco3[c]__Org2,PC__Org2,AH
AH,PC__Org2,oaa[c]__Org2,AH
AH,PC__Org2,pi[c]__Org2,AH
AH,pyr[c]__Org2,PC__Org2,AH
AH,pre4[c]__Org2,PC11M__Org2,AH
AH,PC11M__Org2,pre5[c]__Org2,AH
AH,PC11M__Org2,ahcys[c]__Org2,AH
AH,amet[c]__Org2,PC11M__Org2,AH
AH,PC11M__Org2,h[c]__Org2,AH
AH,pre3b[c]__Org2,PC17M__Org2,AH
AH,PC17M__Org2,ahcys[c]__Org2,AH
AH,amet[c]__Org2,PC17M__Org2,AH
AH,PC17M__Org2,h[c]__Org2,AH
AH,PC17M__Org2,pre4[c]__Org2,AH
AH,dscl[c]__Org2,PC20M__Org2,AH
AH,PC20M__Org2,pre3a[c]__Org2,AH
AH,PC20M__Org2,ahcys[c]__Org2,AH
AH,amet[c]__Org2,PC20M__Org2,AH
AH,PC20M__Org2,h[c]__Org2,AH
AH,pre6a[c]__Org2,PC6AR__Org2,AH
AH,PC6AR__Org2,pre6b[c]__Org2,AH
AH,h[c]__Org2,PC6AR__Org2,AH
AH,PC6AR__Org2,nadp[c]__Org2,AH
AH,nadph[c]__Org2,PC6AR__Org2,AH
AH,PC6YM__Org2,pre8[c]__Org2,AH
AH,PC6YM__Org2,ahcys[c]__Org2,AH
AH,amet[c]__Org2,PC6YM__Org2,AH
AH,PC6YM__Org2,co2[c]__Org2,AH
AH,PC6YM__Org2,h[c]__Org2,AH
AH,pre6b[c]__Org2,PC6YM__Org2,AH
AH,PC8XM__Org2,hgbyr[c]__Org2,AH
AH,h[c]__Org2,PC8XM__Org2,AH
AH,pre8[c]__Org2,PC8XM__Org2,AH
AH,PCRESOLt2r__Org2,h[c]__Org2,AH
AH,h[e]__Org2,PCRESOLt2r__Org2,AH
AH,PCRESOLt2r__Org2,pcresol[c]__Org2,AH
AH,pcresol[e]__Org2,PCRESOLt2r__Org2,AH
AH,adhlam[c]__Org2,PDHbr__Org2,AH
AH,PDHbr__Org2,dhlam[c]__Org2,AH
AH,PDHbr__Org2,accoa[c]__Org2,AH
AH,coa[c]__Org2,PDHbr__Org2,AH
AH,PDHc__Org2,lpam[c]__Org2,AH
AH,dhlam[c]__Org2,PDHc__Org2,AH
AH,PDHc__Org2,h[c]__Org2,AH
AH,nad[c]__Org2,PDHc__Org2,AH
AH,PDHc__Org2,nadh[c]__Org2,AH
AH,PEPGLY__Org2,PGP[c]__Org2,AH
AH,PGPm1[c]__Org2,PEPGLY__Org2,AH
AH,PEPGLY__Org2,udcpdp[c]__Org2,AH
AH,PEPGLY__Org2,co2[c]__Org2,AH
AH,h[c]__Org2,PEPGLY__Org2,AH
AH,uaagmda[c]__Org2,PEPGLY__Org2,AH
AH,4per[c]__Org2,PERD__Org2,AH
AH,PERD__Org2,h[c]__Org2,AH
AH,nad[c]__Org2,PERD__Org2,AH
AH,PERD__Org2,nadh[c]__Org2,AH
AH,PERD__Org2,ohpb[c]__Org2,AH
AH,PFK__Org2,adp[c]__Org2,AH
AH,atp[c]__Org2,PFK__Org2,AH
AH,f6p[c]__Org2,PFK__Org2,AH
AH,PFK__Org2,fdp[c]__Org2,AH
AH,PFK__Org2,h[c]__Org2,AH
AH,f6p[c]__Org2,PFK(ppi)__Org2,AH
AH,PFK(ppi)__Org2,fdp[c]__Org2,AH
AH,PFK(ppi)__Org2,h[c]__Org2,AH
AH,PFK(ppi)__Org2,pi[c]__Org2,AH
AH,ppi[c]__Org2,PFK(ppi)__Org2,AH
AH,PFK_2__Org2,tagdp_D[c]__Org2,AH
AH,PFK_2__Org2,adp[c]__Org2,AH
AH,atp[c]__Org2,PFK_2__Org2,AH
AH,PFK_2__Org2,h[c]__Org2,AH
AH,tag6p_D[c]__Org2,PFK_2__Org2,AH
AH,s7p[c]__Org2,PFK_3__Org2,AH
AH,PFK_3__Org2,adp[c]__Org2,AH
AH,atp[c]__Org2,PFK_3__Org2,AH
AH,PFK_3__Org2,h[c]__Org2,AH
AH,PFK_3__Org2,s17bp[c]__Org2,AH
AH,PFL__Org2,accoa[c]__Org2,AH
AH,coa[c]__Org2,PFL__Org2,AH
AH,PFL__Org2,for[c]__Org2,AH
AH,pyr[c]__Org2,PFL__Org2,AH
AH,gam1p[c]__Org2,PGAMT__Org2,AH
AH,PGAMT__Org2,gam6p[c]__Org2,AH
AH,PGCDr__Org2,3php[c]__Org2,AH
AH,3pg[c]__Org2,PGCDr__Org2,AH
AH,PGCDr__Org2,h[c]__Org2,AH
AH,nad[c]__Org2,PGCDr__Org2,AH
AH,PGCDr__Org2,nadh[c]__Org2,AH
AH,PGI__Org2,f6p[c]__Org2,AH
AH,g6p[c]__Org2,PGI__Org2,AH
AH,PGK__Org2,13dpg[c]__Org2,AH
AH,3pg[c]__Org2,PGK__Org2,AH
AH,PGK__Org2,adp[c]__Org2,AH
AH,atp[c]__Org2,PGK__Org2,AH
AH,2pglyc[c]__Org2,PGLYCP__Org2,AH
AH,PGLYCP__Org2,glyclt[c]__Org2,AH
AH,h2o[c]__Org2,PGLYCP__Org2,AH
AH,PGLYCP__Org2,pi[c]__Org2,AH
AH,2pg[c]__Org2,PGM__Org2,AH
AH,PGM__Org2,3pg[c]__Org2,AH
AH,g1p[c]__Org2,PGMT__Org2,AH
AH,PGMT__Org2,g6p[c]__Org2,AH
AH,PGPGT__Org2,prl45tcaglc[c]__Org2,AH
AH,PGPGT__Org2,udp[c]__Org2,AH
AH,udpg[c]__Org2,PGPGT__Org2,AH
AH,PGPGT__Org2,h[c]__Org2,AH
AH,prl45tca[c]__Org2,PGPGT__Org2,AH
AH,PGPP120__Org2,pg120[c]__Org2,AH
AH,pgp120[c]__Org2,PGPP120__Org2,AH
AH,h2o[c]__Org2,PGPP120__Org2,AH
AH,PGPP120__Org2,pi[c]__Org2,AH
AH,pgp140[c]__Org2,PGPP140__Org2,AH
AH,h2o[c]__Org2,PGPP140__Org2,AH
AH,PGPP140__Org2,pg140[c]__Org2,AH
AH,PGPP140__Org2,pi[c]__Org2,AH
AH,PGPP141__Org2,pg141[c]__Org2,AH
AH,pgp141[c]__Org2,PGPP141__Org2,AH
AH,h2o[c]__Org2,PGPP141__Org2,AH
AH,PGPP141__Org2,pi[c]__Org2,AH
AH,pgp160[c]__Org2,PGPP160__Org2,AH
AH,h2o[c]__Org2,PGPP160__Org2,AH
AH,PGPP160__Org2,pg160[c]__Org2,AH
AH,PGPP160__Org2,pi[c]__Org2,AH
AH,PGPP161__Org2,pg161[c]__Org2,AH
AH,pgp161[c]__Org2,PGPP161__Org2,AH
AH,h2o[c]__Org2,PGPP161__Org2,AH
AH,PGPP161__Org2,pi[c]__Org2,AH
AH,pgp180[c]__Org2,PGPP180__Org2,AH
AH,h2o[c]__Org2,PGPP180__Org2,AH
AH,PGPP180__Org2,pg180[c]__Org2,AH
AH,PGPP180__Org2,pi[c]__Org2,AH
AH,PGPP181__Org2,pg181[c]__Org2,AH
AH,pgp181[c]__Org2,PGPP181__Org2,AH
AH,h2o[c]__Org2,PGPP181__Org2,AH
AH,PGPP181__Org2,pi[c]__Org2,AH
AH,pgpai15[c]__Org2,PGPPAI15__Org2,AH
AH,h2o[c]__Org2,PGPPAI15__Org2,AH
AH,PGPPAI15__Org2,pgai15[c]__Org2,AH
AH,PGPPAI15__Org2,pi[c]__Org2,AH
AH,pgpai17[c]__Org2,PGPPAI17__Org2,AH
AH,h2o[c]__Org2,PGPPAI17__Org2,AH
AH,PGPPAI17__Org2,pgai17[c]__Org2,AH
AH,PGPPAI17__Org2,pi[c]__Org2,AH
AH,pgpi14[c]__Org2,PGPPI14__Org2,AH
AH,h2o[c]__Org2,PGPPI14__Org2,AH
AH,PGPPI14__Org2,pgi14[c]__Org2,AH
AH,PGPPI14__Org2,pi[c]__Org2,AH
AH,pgpi15[c]__Org2,PGPPI15__Org2,AH
AH,h2o[c]__Org2,PGPPI15__Org2,AH
AH,PGPPI15__Org2,pgi15[c]__Org2,AH
AH,PGPPI15__Org2,pi[c]__Org2,AH
AH,pgpi16[c]__Org2,PGPPI16__Org2,AH
AH,h2o[c]__Org2,PGPPI16__Org2,AH
AH,PGPPI16__Org2,pgi16[c]__Org2,AH
AH,PGPPI16__Org2,pi[c]__Org2,AH
AH,pgpi17[c]__Org2,PGPPI17__Org2,AH
AH,h2o[c]__Org2,PGPPI17__Org2,AH
AH,PGPPI17__Org2,pgi17[c]__Org2,AH
AH,PGPPI17__Org2,pi[c]__Org2,AH
AH,cdpdddecg[c]__Org2,PGSA120__Org2,AH
AH,PGSA120__Org2,cmp[c]__Org2,AH
AH,glyc3p[c]__Org2,PGSA120__Org2,AH
AH,PGSA120__Org2,h[c]__Org2,AH
AH,PGSA120__Org2,pgp120[c]__Org2,AH
AH,cdpdtdecg[c]__Org2,PGSA140__Org2,AH
AH,PGSA140__Org2,cmp[c]__Org2,AH
AH,glyc3p[c]__Org2,PGSA140__Org2,AH
AH,PGSA140__Org2,h[c]__Org2,AH
AH,PGSA140__Org2,pgp140[c]__Org2,AH
AH,cdpdtdec7eg[c]__Org2,PGSA141__Org2,AH
AH,PGSA141__Org2,cmp[c]__Org2,AH
AH,glyc3p[c]__Org2,PGSA141__Org2,AH
AH,PGSA141__Org2,h[c]__Org2,AH
AH,PGSA141__Org2,pgp141[c]__Org2,AH
AH,cdpdhdecg[c]__Org2,PGSA160__Org2,AH
AH,PGSA160__Org2,cmp[c]__Org2,AH
AH,glyc3p[c]__Org2,PGSA160__Org2,AH
AH,PGSA160__Org2,h[c]__Org2,AH
AH,PGSA160__Org2,pgp160[c]__Org2,AH
AH,cdpdhdec9eg[c]__Org2,PGSA161__Org2,AH
AH,PGSA161__Org2,cmp[c]__Org2,AH
AH,glyc3p[c]__Org2,PGSA161__Org2,AH
AH,PGSA161__Org2,h[c]__Org2,AH
AH,PGSA161__Org2,pgp161[c]__Org2,AH
AH,cdpdodecg[c]__Org2,PGSA180__Org2,AH
AH,PGSA180__Org2,cmp[c]__Org2,AH
AH,glyc3p[c]__Org2,PGSA180__Org2,AH
AH,PGSA180__Org2,h[c]__Org2,AH
AH,PGSA180__Org2,pgp180[c]__Org2,AH
AH,cdpdodec11eg[c]__Org2,PGSA181__Org2,AH
AH,PGSA181__Org2,cmp[c]__Org2,AH
AH,glyc3p[c]__Org2,PGSA181__Org2,AH
AH,PGSA181__Org2,h[c]__Org2,AH
AH,PGSA181__Org2,pgp181[c]__Org2,AH
AH,cdpdaipdecg[c]__Org2,PGSAAI15__Org2,AH
AH,PGSAAI15__Org2,cmp[c]__Org2,AH
AH,glyc3p[c]__Org2,PGSAAI15__Org2,AH
AH,PGSAAI15__Org2,h[c]__Org2,AH
AH,PGSAAI15__Org2,pgpai15[c]__Org2,AH
AH,cdpdaihpdecg[c]__Org2,PGSAAI17__Org2,AH
AH,PGSAAI17__Org2,cmp[c]__Org2,AH
AH,glyc3p[c]__Org2,PGSAAI17__Org2,AH
AH,PGSAAI17__Org2,h[c]__Org2,AH
AH,PGSAAI17__Org2,pgpai17[c]__Org2,AH
AH,cdpditdecg[c]__Org2,PGSAI14__Org2,AH
AH,PGSAI14__Org2,cmp[c]__Org2,AH
AH,glyc3p[c]__Org2,PGSAI14__Org2,AH
AH,PGSAI14__Org2,h[c]__Org2,AH
AH,PGSAI14__Org2,pgpi14[c]__Org2,AH
AH,cdpdipdecg[c]__Org2,PGSAI15__Org2,AH
AH,PGSAI15__Org2,cmp[c]__Org2,AH
AH,glyc3p[c]__Org2,PGSAI15__Org2,AH
AH,PGSAI15__Org2,h[c]__Org2,AH
AH,PGSAI15__Org2,pgpi15[c]__Org2,AH
AH,cdpdihdecg[c]__Org2,PGSAI16__Org2,AH
AH,PGSAI16__Org2,cmp[c]__Org2,AH
AH,glyc3p[c]__Org2,PGSAI16__Org2,AH
AH,PGSAI16__Org2,h[c]__Org2,AH
AH,PGSAI16__Org2,pgpi16[c]__Org2,AH
AH,cdpdihpdecg[c]__Org2,PGSAI17__Org2,AH
AH,PGSAI17__Org2,cmp[c]__Org2,AH
AH,glyc3p[c]__Org2,PGSAI17__Org2,AH
AH,PGSAI17__Org2,h[c]__Org2,AH
AH,PGSAI17__Org2,pgpi17[c]__Org2,AH
AH,akg[c]__Org2,PHETA1__Org2,AH
AH,PHETA1__Org2,glu_L[c]__Org2,AH
AH,phe_L[c]__Org2,PHETA1__Org2,AH
AH,PHETA1__Org2,phpyr[c]__Org2,AH
AH,PHPB2i__Org2,3hbcoa[c]__Org2,AH
AH,aacoa[c]__Org2,PHPB2i__Org2,AH
AH,h[c]__Org2,PHPB2i__Org2,AH
AH,PHPB2i__Org2,nadp[c]__Org2,AH
AH,nadph[c]__Org2,PHPB2i__Org2,AH
AH,PIabc__Org2,adp[c]__Org2,AH
AH,atp[c]__Org2,PIabc__Org2,AH
AH,h2o[c]__Org2,PIabc__Org2,AH
AH,PIabc__Org2,h[c]__Org2,AH
AH,PIabc__Org2,pi[c]__Org2,AH
AH,pi[e]__Org2,PIabc__Org2,AH
AH,PIt7ir__Org2,na1[c]__Org2,AH
AH,na1[e]__Org2,PIt7ir__Org2,AH
AH,PIt7ir__Org2,pi[c]__Org2,AH
AH,pi[e]__Org2,PIt7ir__Org2,AH
AH,PLPS__Org2,pydx5p[c]__Org2,AH
AH,g3p[c]__Org2,PLPS__Org2,AH
AH,gln_L[c]__Org2,PLPS__Org2,AH
AH,PLPS__Org2,glu_L[c]__Org2,AH
AH,PLPS__Org2,h2o[c]__Org2,AH
AH,PLPS__Org2,h[c]__Org2,AH
AH,PLPS__Org2,pi[c]__Org2,AH
AH,ru5p_D[c]__Org2,PLPS__Org2,AH
AH,man1p[c]__Org2,PMANM__Org2,AH
AH,PMANM__Org2,man6p[c]__Org2,AH
AH,PMDPHT__Org2,4r5au[c]__Org2,AH
AH,5aprbu[c]__Org2,PMDPHT__Org2,AH
AH,h2o[c]__Org2,PMDPHT__Org2,AH
AH,PMDPHT__Org2,pi[c]__Org2,AH
AH,PMPK__Org2,2mahmp[c]__Org2,AH
AH,4ampm[c]__Org2,PMPK__Org2,AH
AH,PMPK__Org2,adp[c]__Org2,AH
AH,atp[c]__Org2,PMPK__Org2,AH
AH,PMTCOATA__Org2,ACP[c]__Org2,AH
AH,coa[c]__Org2,PMTCOATA__Org2,AH
AH,palmACP[c]__Org2,PMTCOATA__Org2,AH
AH,PMTCOATA__Org2,pmtcoa[c]__Org2,AH
AH,PNTK__Org2,4ppan[c]__Org2,AH
AH,PNTK__Org2,adp[c]__Org2,AH
AH,atp[c]__Org2,PNTK__Org2,AH
AH,PNTK__Org2,h[c]__Org2,AH
AH,pnto_R[c]__Org2,PNTK__Org2,AH
AH,PNTOt4__Org2,na1[c]__Org2,AH
AH,na1[e]__Org2,PNTOt4__Org2,AH
AH,PNTOt4__Org2,pnto_R[c]__Org2,AH
AH,pnto_R[e]__Org2,PNTOt4__Org2,AH
AH,accoa[c]__Org2,POR4__Org2,AH
AH,co2[c]__Org2,POR4__Org2,AH
AH,POR4__Org2,coa[c]__Org2,AH
AH,POR4__Org2,fdxox[c]__Org2,AH
AH,fdxrd[c]__Org2,POR4__Org2,AH
AH,POR4__Org2,h[c]__Org2,AH
AH,POR4__Org2,pyr[c]__Org2,AH
AH,h2o[c]__Org2,PPA__Org2,AH
AH,PPA__Org2,h[c]__Org2,AH
AH,PPA__Org2,pi[c]__Org2,AH
AH,ppi[c]__Org2,PPA__Org2,AH
AH,PPAKr__Org2,ppa[c]__Org2,AH
AH,ppap[c]__Org2,PPAKr__Org2,AH
AH,adp[c]__Org2,PPAKr__Org2,AH
AH,PPAKr__Org2,atp[c]__Org2,AH
AH,h[c]__Org2,PPAt2r__Org2,AH
AH,PPAt2r__Org2,h[e]__Org2,AH
AH,ppa[c]__Org2,PPAt2r__Org2,AH
AH,PPAt2r__Org2,ppa[e]__Org2,AH
AH,5aop[c]__Org2,PPBNGS__Org2,AH
AH,PPBNGS__Org2,h2o[c]__Org2,AH
AH,PPBNGS__Org2,h[c]__Org2,AH
AH,PPBNGS__Org2,ppbng[c]__Org2,AH
AH,4ppcys[c]__Org2,PPCDC__Org2,AH
AH,PPCDC__Org2,pan4p[c]__Org2,AH
AH,PPCDC__Org2,co2[c]__Org2,AH
AH,h[c]__Org2,PPCDC__Org2,AH
AH,PPCKr__Org2,adp[c]__Org2,AH
AH,atp[c]__Org2,PPCKr__Org2,AH
AH,PPCKr__Org2,co2[c]__Org2,AH
AH,oaa[c]__Org2,PPCKr__Org2,AH
AH,PPCKr__Org2,pep[c]__Org2,AH
AH,PPDK__Org2,amp[c]__Org2,AH
AH,atp[c]__Org2,PPDK__Org2,AH
AH,PPDK__Org2,h[c]__Org2,AH
AH,PPDK__Org2,pep[c]__Org2,AH
AH,pi[c]__Org2,PPDK__Org2,AH
AH,PPDK__Org2,ppi[c]__Org2,AH
AH,pyr[c]__Org2,PPDK__Org2,AH
AH,4ppan[c]__Org2,PPNCL3__Org2,AH
AH,PPNCL3__Org2,4ppcys[c]__Org2,AH
AH,PPNCL3__Org2,amp[c]__Org2,AH
AH,atp[c]__Org2,PPNCL3__Org2,AH
AH,cys_L[c]__Org2,PPNCL3__Org2,AH
AH,PPNCL3__Org2,h[c]__Org2,AH
AH,PPNCL3__Org2,ppi[c]__Org2,AH
AH,PPND__Org2,34hpp[c]__Org2,AH
AH,PPND__Org2,co2[c]__Org2,AH
AH,nad[c]__Org2,PPND__Org2,AH
AH,PPND__Org2,nadh[c]__Org2,AH
AH,pphn[c]__Org2,PPND__Org2,AH
AH,PPND2__Org2,34hpp[c]__Org2,AH
AH,PPND2__Org2,co2[c]__Org2,AH
AH,nadp[c]__Org2,PPND2__Org2,AH
AH,PPND2__Org2,nadph[c]__Org2,AH
AH,pphn[c]__Org2,PPND2__Org2,AH
AH,PPNDH__Org2,co2[c]__Org2,AH
AH,PPNDH__Org2,h2o[c]__Org2,AH
AH,h[c]__Org2,PPNDH__Org2,AH
AH,PPNDH__Org2,phpyr[c]__Org2,AH
AH,pphn[c]__Org2,PPNDH__Org2,AH
AH,PPTT__Org2,hexdp[c]__Org2,AH
AH,ipdp[c]__Org2,PPTT__Org2,AH
AH,pendp[c]__Org2,PPTT__Org2,AH
AH,PPTT__Org2,ppi[c]__Org2,AH
AH,PRAGS__Org2,adp[c]__Org2,AH
AH,atp[c]__Org2,PRAGS__Org2,AH
AH,PRAGS__Org2,gar[c]__Org2,AH
AH,gly[c]__Org2,PRAGS__Org2,AH
AH,PRAGS__Org2,h[c]__Org2,AH
AH,PRAGS__Org2,pi[c]__Org2,AH
AH,pram[c]__Org2,PRAGS__Org2,AH
AH,PRAI__Org2,2cpr5p[c]__Org2,AH
AH,pran[c]__Org2,PRAI__Org2,AH
AH,fpram[c]__Org2,PRAIS__Org2,AH
AH,PRAIS__Org2,adp[c]__Org2,AH
AH,PRAIS__Org2,air[c]__Org2,AH
AH,atp[c]__Org2,PRAIS__Org2,AH
AH,PRAIS__Org2,h[c]__Org2,AH
AH,PRAIS__Org2,pi[c]__Org2,AH
AH,prbamp[c]__Org2,PRAMPC__Org2,AH
AH,PRAMPC__Org2,prfp[c]__Org2,AH
AH,h2o[c]__Org2,PRAMPC__Org2,AH
AH,PRASCSi__Org2,25aics[c]__Org2,AH
AH,5aizc[c]__Org2,PRASCSi__Org2,AH
AH,PRASCSi__Org2,adp[c]__Org2,AH
AH,asp_L[c]__Org2,PRASCSi__Org2,AH
AH,atp[c]__Org2,PRASCSi__Org2,AH
AH,PRASCSi__Org2,h[c]__Org2,AH
AH,PRASCSi__Org2,pi[c]__Org2,AH
AH,h2o[c]__Org2,PRATPP__Org2,AH
AH,PRATPP__Org2,h[c]__Org2,AH
AH,PRATPP__Org2,ppi[c]__Org2,AH
AH,PRATPP__Org2,prbamp[c]__Org2,AH
AH,prbatp[c]__Org2,PRATPP__Org2,AH
AH,PRFGS__Org2,adp[c]__Org2,AH
AH,atp[c]__Org2,PRFGS__Org2,AH
AH,fgam[c]__Org2,PRFGS__Org2,AH
AH,PRFGS__Org2,fpram[c]__Org2,AH
AH,gln_L[c]__Org2,PRFGS__Org2,AH
AH,PRFGS__Org2,glu_L[c]__Org2,AH
AH,h2o[c]__Org2,PRFGS__Org2,AH
AH,PRFGS__Org2,h[c]__Org2,AH
AH,PRFGS__Org2,pi[c]__Org2,AH
AH,prfp[c]__Org2,PRMICI__Org2,AH
AH,PRMICI__Org2,prlp[c]__Org2,AH
AH,PRO1x__Org2,1pyr5c[c]__Org2,AH
AH,PRO1x__Org2,h[c]__Org2,AH
AH,nad[c]__Org2,PRO1x__Org2,AH
AH,PRO1x__Org2,nadh[c]__Org2,AH
AH,pro_L[c]__Org2,PRO1x__Org2,AH
AH,PROt4r__Org2,na1[c]__Org2,AH
AH,na1[e]__Org2,PROt4r__Org2,AH
AH,PROt4r__Org2,pro_L[c]__Org2,AH
AH,pro_L[e]__Org2,PROt4r__Org2,AH
AH,r5p[c]__Org2,PRPPS__Org2,AH
AH,PRPPS__Org2,amp[c]__Org2,AH
AH,atp[c]__Org2,PRPPS__Org2,AH
AH,PRPPS__Org2,h[c]__Org2,AH
AH,PRPPS__Org2,prpp[c]__Org2,AH
AH,skm5p[c]__Org2,PSCVT__Org2,AH
AH,PSCVT__Org2,3psme[c]__Org2,AH
AH,pep[c]__Org2,PSCVT__Org2,AH
AH,PSCVT__Org2,pi[c]__Org2,AH
AH,PSD120__Org2,pe120[c]__Org2,AH
AH,ps120[c]__Org2,PSD120__Org2,AH
AH,PSD120__Org2,co2[c]__Org2,AH
AH,h[c]__Org2,PSD120__Org2,AH
AH,PSD140__Org2,pe140[c]__Org2,AH
AH,ps140[c]__Org2,PSD140__Org2,AH
AH,PSD140__Org2,co2[c]__Org2,AH
AH,h[c]__Org2,PSD140__Org2,AH
AH,PSD141__Org2,pe141[c]__Org2,AH
AH,ps141[c]__Org2,PSD141__Org2,AH
AH,PSD141__Org2,co2[c]__Org2,AH
AH,h[c]__Org2,PSD141__Org2,AH
AH,PSD160__Org2,pe160[c]__Org2,AH
AH,ps160[c]__Org2,PSD160__Org2,AH
AH,PSD160__Org2,co2[c]__Org2,AH
AH,h[c]__Org2,PSD160__Org2,AH
AH,PSD161__Org2,pe161[c]__Org2,AH
AH,ps161[c]__Org2,PSD161__Org2,AH
AH,PSD161__Org2,co2[c]__Org2,AH
AH,h[c]__Org2,PSD161__Org2,AH
AH,PSD180__Org2,pe180[c]__Org2,AH
AH,ps180[c]__Org2,PSD180__Org2,AH
AH,PSD180__Org2,co2[c]__Org2,AH
AH,h[c]__Org2,PSD180__Org2,AH
AH,PSD181__Org2,pe181[c]__Org2,AH
AH,ps181[c]__Org2,PSD181__Org2,AH
AH,PSD181__Org2,co2[c]__Org2,AH
AH,h[c]__Org2,PSD181__Org2,AH
AH,PSDAI15__Org2,peai15[c]__Org2,AH
AH,psai15[c]__Org2,PSDAI15__Org2,AH
AH,PSDAI15__Org2,co2[c]__Org2,AH
AH,h[c]__Org2,PSDAI15__Org2,AH
AH,PSDAI17__Org2,peai17[c]__Org2,AH
AH,psai17[c]__Org2,PSDAI17__Org2,AH
AH,PSDAI17__Org2,co2[c]__Org2,AH
AH,h[c]__Org2,PSDAI17__Org2,AH
AH,PSDI14__Org2,pei14[c]__Org2,AH
AH,psi14[c]__Org2,PSDI14__Org2,AH
AH,PSDI14__Org2,co2[c]__Org2,AH
AH,h[c]__Org2,PSDI14__Org2,AH
AH,PSDI15__Org2,pei15[c]__Org2,AH
AH,psi15[c]__Org2,PSDI15__Org2,AH
AH,PSDI15__Org2,co2[c]__Org2,AH
AH,h[c]__Org2,PSDI15__Org2,AH
AH,PSDI16__Org2,pei16[c]__Org2,AH
AH,psi16[c]__Org2,PSDI16__Org2,AH
AH,PSDI16__Org2,co2[c]__Org2,AH
AH,h[c]__Org2,PSDI16__Org2,AH
AH,PSDI17__Org2,pei17[c]__Org2,AH
AH,psi17[c]__Org2,PSDI17__Org2,AH
AH,PSDI17__Org2,co2[c]__Org2,AH
AH,h[c]__Org2,PSDI17__Org2,AH
AH,PSERT__Org2,pser_L[c]__Org2,AH
AH,3php[c]__Org2,PSERT__Org2,AH
AH,PSERT__Org2,akg[c]__Org2,AH
AH,glu_L[c]__Org2,PSERT__Org2,AH
AH,cdpdddecg[c]__Org2,PSSA120__Org2,AH
AH,PSSA120__Org2,cmp[c]__Org2,AH
AH,PSSA120__Org2,h[c]__Org2,AH
AH,PSSA120__Org2,ps120[c]__Org2,AH
AH,ser_L[c]__Org2,PSSA120__Org2,AH
AH,cdpdtdecg[c]__Org2,PSSA140__Org2,AH
AH,PSSA140__Org2,cmp[c]__Org2,AH
AH,PSSA140__Org2,h[c]__Org2,AH
AH,PSSA140__Org2,ps140[c]__Org2,AH
AH,ser_L[c]__Org2,PSSA140__Org2,AH
AH,cdpdtdec7eg[c]__Org2,PSSA141__Org2,AH
AH,PSSA141__Org2,cmp[c]__Org2,AH
AH,PSSA141__Org2,h[c]__Org2,AH
AH,PSSA141__Org2,ps141[c]__Org2,AH
AH,ser_L[c]__Org2,PSSA141__Org2,AH
AH,cdpdhdecg[c]__Org2,PSSA160__Org2,AH
AH,PSSA160__Org2,cmp[c]__Org2,AH
AH,PSSA160__Org2,h[c]__Org2,AH
AH,PSSA160__Org2,ps160[c]__Org2,AH
AH,ser_L[c]__Org2,PSSA160__Org2,AH
AH,cdpdhdec9eg[c]__Org2,PSSA161__Org2,AH
AH,PSSA161__Org2,cmp[c]__Org2,AH
AH,PSSA161__Org2,h[c]__Org2,AH
AH,PSSA161__Org2,ps161[c]__Org2,AH
AH,ser_L[c]__Org2,PSSA161__Org2,AH
AH,cdpdodecg[c]__Org2,PSSA180__Org2,AH
AH,PSSA180__Org2,cmp[c]__Org2,AH
AH,PSSA180__Org2,h[c]__Org2,AH
AH,PSSA180__Org2,ps180[c]__Org2,AH
AH,ser_L[c]__Org2,PSSA180__Org2,AH
AH,cdpdodec11eg[c]__Org2,PSSA181__Org2,AH
AH,PSSA181__Org2,cmp[c]__Org2,AH
AH,PSSA181__Org2,h[c]__Org2,AH
AH,PSSA181__Org2,ps181[c]__Org2,AH
AH,ser_L[c]__Org2,PSSA181__Org2,AH
AH,cdpdaipdecg[c]__Org2,PSSAAI15__Org2,AH
AH,PSSAAI15__Org2,cmp[c]__Org2,AH
AH,PSSAAI15__Org2,h[c]__Org2,AH
AH,PSSAAI15__Org2,psai15[c]__Org2,AH
AH,ser_L[c]__Org2,PSSAAI15__Org2,AH
AH,cdpdaihpdecg[c]__Org2,PSSAAI17__Org2,AH
AH,PSSAAI17__Org2,cmp[c]__Org2,AH
AH,PSSAAI17__Org2,h[c]__Org2,AH
AH,PSSAAI17__Org2,psai17[c]__Org2,AH
AH,ser_L[c]__Org2,PSSAAI17__Org2,AH
AH,cdpditdecg[c]__Org2,PSSAI14__Org2,AH
AH,PSSAI14__Org2,cmp[c]__Org2,AH
AH,PSSAI14__Org2,h[c]__Org2,AH
AH,PSSAI14__Org2,psi14[c]__Org2,AH
AH,ser_L[c]__Org2,PSSAI14__Org2,AH
AH,cdpdipdecg[c]__Org2,PSSAI15__Org2,AH
AH,PSSAI15__Org2,cmp[c]__Org2,AH
AH,PSSAI15__Org2,h[c]__Org2,AH
AH,PSSAI15__Org2,psi15[c]__Org2,AH
AH,ser_L[c]__Org2,PSSAI15__Org2,AH
AH,cdpdihdecg[c]__Org2,PSSAI16__Org2,AH
AH,PSSAI16__Org2,cmp[c]__Org2,AH
AH,PSSAI16__Org2,h[c]__Org2,AH
AH,PSSAI16__Org2,psi16[c]__Org2,AH
AH,ser_L[c]__Org2,PSSAI16__Org2,AH
AH,cdpdihpdecg[c]__Org2,PSSAI17__Org2,AH
AH,PSSAI17__Org2,cmp[c]__Org2,AH
AH,PSSAI17__Org2,h[c]__Org2,AH
AH,PSSAI17__Org2,psi17[c]__Org2,AH
AH,ser_L[c]__Org2,PSSAI17__Org2,AH
AH,PTA2__Org2,coa[c]__Org2,AH
AH,pi[c]__Org2,PTA2__Org2,AH
AH,PTA2__Org2,ppap[c]__Org2,AH
AH,ppcoa[c]__Org2,PTA2__Org2,AH
AH,accoa[c]__Org2,PTAr__Org2,AH
AH,PTAr__Org2,actp[c]__Org2,AH
AH,PTAr__Org2,coa[c]__Org2,AH
AH,pi[c]__Org2,PTAr__Org2,AH
AH,atp[c]__Org2,PTPAT__Org2,AH
AH,PTPAT__Org2,dpcoa[c]__Org2,AH
AH,h[c]__Org2,PTPAT__Org2,AH
AH,pan4p[c]__Org2,PTPAT__Org2,AH
AH,PTPAT__Org2,ppi[c]__Org2,AH
AH,PTRCabc__Org2,adp[c]__Org2,AH
AH,atp[c]__Org2,PTRCabc__Org2,AH
AH,h2o[c]__Org2,PTRCabc__Org2,AH
AH,PTRCabc__Org2,h[c]__Org2,AH
AH,PTRCabc__Org2,pi[c]__Org2,AH
AH,PTRCabc__Org2,ptrc[c]__Org2,AH
AH,ptrc[e]__Org2,PTRCabc__Org2,AH
AH,PYDAMK__Org2,pyam5p[c]__Org2,AH
AH,pydam[c]__Org2,PYDAMK__Org2,AH
AH,PYDAMK__Org2,adp[c]__Org2,AH
AH,atp[c]__Org2,PYDAMK__Org2,AH
AH,PYDAMK__Org2,h[c]__Org2,AH
AH,PYDAMtr__Org2,pydam[c]__Org2,AH
AH,pydam[e]__Org2,PYDAMtr__Org2,AH
AH,pydx[c]__Org2,PYDXK__Org2,AH
AH,PYDXK__Org2,adp[c]__Org2,AH
AH,atp[c]__Org2,PYDXK__Org2,AH
AH,PYDXK__Org2,h[c]__Org2,AH
AH,PYDXK__Org2,pydx5p[c]__Org2,AH
AH,PYDXNK__Org2,pdx5p[c]__Org2,AH
AH,pydxn[c]__Org2,PYDXNK__Org2,AH
AH,PYDXNK__Org2,adp[c]__Org2,AH
AH,atp[c]__Org2,PYDXNK__Org2,AH
AH,PYDXNK__Org2,h[c]__Org2,AH
AH,PYDXNtr__Org2,pydxn[c]__Org2,AH
AH,pydxn[e]__Org2,PYDXNtr__Org2,AH
AH,PYDXtr__Org2,pydx[c]__Org2,AH
AH,pydx[e]__Org2,PYDXtr__Org2,AH
AH,adp[c]__Org2,PYK__Org2,AH
AH,PYK__Org2,atp[c]__Org2,AH
AH,h[c]__Org2,PYK__Org2,AH
AH,pep[c]__Org2,PYK__Org2,AH
AH,PYK__Org2,pyr[c]__Org2,AH
AH,dhap[c]__Org2,QULNS__Org2,AH
AH,QULNS__Org2,h2o[c]__Org2,AH
AH,iasp[c]__Org2,QULNS__Org2,AH
AH,QULNS__Org2,pi[c]__Org2,AH
AH,QULNS__Org2,quln[c]__Org2,AH
AH,R05224__Org2,hgbam[c]__Org2,AH
AH,R05224__Org2,adp[c]__Org2,AH
AH,atp[c]__Org2,R05224__Org2,AH
AH,gln_L[c]__Org2,R05224__Org2,AH
AH,R05224__Org2,glu_L[c]__Org2,AH
AH,h2o[c]__Org2,R05224__Org2,AH
AH,R05224__Org2,h[c]__Org2,AH
AH,hgbyr[c]__Org2,R05224__Org2,AH
AH,R05224__Org2,ppi[c]__Org2,AH
AH,ru5p_L[c]__Org2,RB5PE__Org2,AH
AH,RB5PE__Org2,xu5p_L[c]__Org2,AH
AH,ribflv[c]__Org2,RBFK__Org2,AH
AH,RBFK__Org2,adp[c]__Org2,AH
AH,atp[c]__Org2,RBFK__Org2,AH
AH,RBFK__Org2,fmn[c]__Org2,AH
AH,RBFK__Org2,h[c]__Org2,AH
AH,RBFSa__Org2,dmlz[c]__Org2,AH
AH,4r5au[c]__Org2,RBFSa__Org2,AH
AH,db4p[c]__Org2,RBFSa__Org2,AH
AH,RBFSa__Org2,h2o[c]__Org2,AH
AH,RBFSa__Org2,pi[c]__Org2,AH
AH,RBFSb__Org2,4r5au[c]__Org2,AH
AH,dmlz[c]__Org2,RBFSb__Org2,AH
AH,RBFSb__Org2,ribflv[c]__Org2,AH
AH,rib_D[c]__Org2,RBK__Org2,AH
AH,RBK__Org2,adp[c]__Org2,AH
AH,atp[c]__Org2,RBK__Org2,AH
AH,RBK__Org2,h[c]__Org2,AH
AH,RBK__Org2,r5p[c]__Org2,AH
AH,rbl_D[c]__Org2,RBK_D__Org2,AH
AH,RBK_D__Org2,adp[c]__Org2,AH
AH,atp[c]__Org2,RBK_D__Org2,AH
AH,RBK_D__Org2,h[c]__Org2,AH
AH,RBK_D__Org2,ru5p_D[c]__Org2,AH
AH,rbl_L[c]__Org2,RBK_L1__Org2,AH
AH,RBK_L1__Org2,adp[c]__Org2,AH
AH,atp[c]__Org2,RBK_L1__Org2,AH
AH,RBK_L1__Org2,h[c]__Org2,AH
AH,RBK_L1__Org2,ru5p_L[c]__Org2,AH
AH,RHCCE__Org2,dhptd[c]__Org2,AH
AH,RHCCE__Org2,hcys_L[c]__Org2,AH
AH,rhcys[c]__Org2,RHCCE__Org2,AH
AH,RIBABCte__Org2,adp[c]__Org2,AH
AH,atp[c]__Org2,RIBABCte__Org2,AH
AH,h2o[c]__Org2,RIBABCte__Org2,AH
AH,RIBABCte__Org2,h[c]__Org2,AH
AH,RIBABCte__Org2,pi[c]__Org2,AH
AH,rib_D[c]__Org2,RIBABCte__Org2,AH
AH,RIBABCte__Org2,rib_D[e]__Org2,AH
AH,RIBabc__Org2,adp[c]__Org2,AH
AH,atp[c]__Org2,RIBabc__Org2,AH
AH,h2o[c]__Org2,RIBabc__Org2,AH
AH,RIBabc__Org2,h[c]__Org2,AH
AH,RIBabc__Org2,pi[c]__Org2,AH
AH,RIBabc__Org2,rib_D[c]__Org2,AH
AH,rib_D[e]__Org2,RIBabc__Org2,AH
AH,atp[c]__Org2,RNTR1__Org2,AH
AH,RNTR1__Org2,datp[c]__Org2,AH
AH,RNTR1__Org2,h2o[c]__Org2,AH
AH,RNTR1__Org2,trdox[c]__Org2,AH
AH,trdrd[c]__Org2,RNTR1__Org2,AH
AH,RNTR2__Org2,dgtp[c]__Org2,AH
AH,gtp[c]__Org2,RNTR2__Org2,AH
AH,RNTR2__Org2,h2o[c]__Org2,AH
AH,RNTR2__Org2,trdox[c]__Org2,AH
AH,trdrd[c]__Org2,RNTR2__Org2,AH
AH,ctp[c]__Org2,RNTR3__Org2,AH
AH,RNTR3__Org2,dctp[c]__Org2,AH
AH,RNTR3__Org2,h2o[c]__Org2,AH
AH,RNTR3__Org2,trdox[c]__Org2,AH
AH,trdrd[c]__Org2,RNTR3__Org2,AH
AH,RNTR4__Org2,dutp[c]__Org2,AH
AH,RNTR4__Org2,h2o[c]__Org2,AH
AH,RNTR4__Org2,trdox[c]__Org2,AH
AH,trdrd[c]__Org2,RNTR4__Org2,AH
AH,utp[c]__Org2,RNTR4__Org2,AH
AH,RPE__Org2,xu5p_D[c]__Org2,AH
AH,ru5p_D[c]__Org2,RPE__Org2,AH
AH,r5p[c]__Org2,RPI__Org2,AH
AH,RPI__Org2,ru5p_D[c]__Org2,AH
AH,5prdmbz[c]__Org2,RZ5PP__Org2,AH
AH,h2o[c]__Org2,RZ5PP__Org2,AH
AH,RZ5PP__Org2,pi[c]__Org2,AH
AH,RZ5PP__Org2,rdmbzi[c]__Org2,AH
AH,so4[c]__Org2,SADT__Org2,AH
AH,SADT__Org2,aps[c]__Org2,AH
AH,atp[c]__Org2,SADT__Org2,AH
AH,h[c]__Org2,SADT__Org2,AH
AH,SADT__Org2,ppi[c]__Org2,AH
AH,SADT2__Org2,aps[c]__Org2,AH
AH,atp[c]__Org2,SADT2__Org2,AH
AH,SADT2__Org2,gdp[c]__Org2,AH
AH,gtp[c]__Org2,SADT2__Org2,AH
AH,h2o[c]__Org2,SADT2__Org2,AH
AH,SADT2__Org2,pi[c]__Org2,AH
AH,SADT2__Org2,ppi[c]__Org2,AH
AH,so4[c]__Org2,SADT2__Org2,AH
AH,sbt_D[c]__Org2,SBTD_D2__Org2,AH
AH,SBTD_D2__Org2,fru[c]__Org2,AH
AH,SBTD_D2__Org2,h[c]__Org2,AH
AH,nad[c]__Org2,SBTD_D2__Org2,AH
AH,SBTD_D2__Org2,nadh[c]__Org2,AH
AH,sbt6p[c]__Org2,SBTPD__Org2,AH
AH,SBTPD__Org2,f6p[c]__Org2,AH
AH,SBTPD__Org2,h[c]__Org2,AH
AH,nad[c]__Org2,SBTPD__Org2,AH
AH,SBTPD__Org2,nadh[c]__Org2,AH
AH,pep[c]__Org2,SBTpts__Org2,AH
AH,SBTpts__Org2,pyr[c]__Org2,AH
AH,SBTpts__Org2,sbt6p[c]__Org2,AH
AH,sbt_D[e]__Org2,SBTpts__Org2,AH
AH,SBTt6__Org2,h[c]__Org2,AH
AH,h[e]__Org2,SBTt6__Org2,AH
AH,SBTt6__Org2,sbt_D[c]__Org2,AH
AH,sbt_D[e]__Org2,SBTt6__Org2,AH
AH,sl26da[c]__Org2,SDPTA__Org2,AH
AH,SDPTA__Org2,sl2a6o[c]__Org2,AH
AH,akg[c]__Org2,SDPTA__Org2,AH
AH,SDPTA__Org2,glu_L[c]__Org2,AH
AH,seln[c]__Org2,SELNPS__Org2,AH
AH,SELNPS__Org2,selnp[c]__Org2,AH
AH,SELNPS__Org2,amp[c]__Org2,AH
AH,atp[c]__Org2,SELNPS__Org2,AH
AH,h2o[c]__Org2,SELNPS__Org2,AH
AH,SELNPS__Org2,pi[c]__Org2,AH
AH,accoa[c]__Org2,SERATi__Org2,AH
AH,SERATi__Org2,acser[c]__Org2,AH
AH,SERATi__Org2,coa[c]__Org2,AH
AH,ser_L[c]__Org2,SERATi__Org2,AH
AH,SERt2r__Org2,h[c]__Org2,AH
AH,h[e]__Org2,SERt2r__Org2,AH
AH,SERt2r__Org2,ser_L[c]__Org2,AH
AH,ser_L[e]__Org2,SERt2r__Org2,AH
AH,SGAT__Org2,1odecg3p[c]__Org2,AH
AH,SGAT__Org2,coa[c]__Org2,AH
AH,glyc3p[c]__Org2,SGAT__Org2,AH
AH,stcoa[c]__Org2,SGAT__Org2,AH
AH,SHCHCC__Org2,copre2[c]__Org2,AH
AH,cobalt2[c]__Org2,SHCHCC__Org2,AH
AH,dscl[c]__Org2,SHCHCC__Org2,AH
AH,SHCHCC__Org2,h[c]__Org2,AH
AH,scl[c]__Org2,SHCHCC2__Org2,AH
AH,cobalt2[c]__Org2,SHCHCC2__Org2,AH
AH,SHCHCC2__Org2,copre2[c]__Org2,AH
AH,SHCHCC2__Org2,h[c]__Org2,AH
AH,SHK3Dr__Org2,skm[c]__Org2,AH
AH,3dhsk[c]__Org2,SHK3Dr__Org2,AH
AH,h[c]__Org2,SHK3Dr__Org2,AH
AH,SHK3Dr__Org2,nadp[c]__Org2,AH
AH,nadph[c]__Org2,SHK3Dr__Org2,AH
AH,SHKK__Org2,adp[c]__Org2,AH
AH,atp[c]__Org2,SHKK__Org2,AH
AH,SHKK__Org2,h[c]__Org2,AH
AH,SHKK__Org2,skm5p[c]__Org2,AH
AH,skm[c]__Org2,SHKK__Org2,AH
AH,SO4t2__Org2,h[c]__Org2,AH
AH,h[e]__Org2,SO4t2__Org2,AH
AH,SO4t2__Org2,so4[c]__Org2,AH
AH,so4[e]__Org2,SO4t2__Org2,AH
AH,SPMDabc__Org2,spmd[c]__Org2,AH
AH,SPMDabc__Org2,adp[c]__Org2,AH
AH,atp[c]__Org2,SPMDabc__Org2,AH
AH,h2o[c]__Org2,SPMDabc__Org2,AH
AH,SPMDabc__Org2,h[c]__Org2,AH
AH,SPMDabc__Org2,pi[c]__Org2,AH
AH,spmd[e]__Org2,SPMDabc__Org2,AH
AH,STCOATA__Org2,ACP[c]__Org2,AH
AH,coa[c]__Org2,STCOATA__Org2,AH
AH,ocdcaACP[c]__Org2,STCOATA__Org2,AH
AH,STCOATA__Org2,stcoa[c]__Org2,AH
AH,SUCCt2r__Org2,h[c]__Org2,AH
AH,h[e]__Org2,SUCCt2r__Org2,AH
AH,SUCCt2r__Org2,succ[c]__Org2,AH
AH,succ[e]__Org2,SUCCt2r__Org2,AH
AH,TALA__Org2,e4p[c]__Org2,AH
AH,TALA__Org2,f6p[c]__Org2,AH
AH,g3p[c]__Org2,TALA__Org2,AH
AH,s7p[c]__Org2,TALA__Org2,AH
AH,tartr_L[c]__Org2,TARTD__Org2,AH
AH,TARTD__Org2,h2o[c]__Org2,AH
AH,TARTD__Org2,oaa[c]__Org2,AH
AH,TCDCHOLBHSe__Org2,C02528[e]__Org2,AH
AH,h2o[e]__Org2,TCDCHOLBHSe__Org2,AH
AH,TCDCHOLBHSe__Org2,h[e]__Org2,AH
AH,TCDCHOLBHSe__Org2,taur[e]__Org2,AH
AH,tdchola[e]__Org2,TCDCHOLBHSe__Org2,AH
AH,TCHOLBHSe__Org2,cholate[e]__Org2,AH
AH,h2o[e]__Org2,TCHOLBHSe__Org2,AH
AH,TCHOLBHSe__Org2,h[e]__Org2,AH
AH,TCHOLBHSe__Org2,taur[e]__Org2,AH
AH,tchola[e]__Org2,TCHOLBHSe__Org2,AH
AH,TDCOATA__Org2,ACP[c]__Org2,AH
AH,coa[c]__Org2,TDCOATA__Org2,AH
AH,myrsACP[c]__Org2,TDCOATA__Org2,AH
AH,TDCOATA__Org2,tdcoa[c]__Org2,AH
AH,TDG3PACT__Org2,1tdecg3p[c]__Org2,AH
AH,TDG3PACT__Org2,coa[c]__Org2,AH
AH,glyc3p[c]__Org2,TDG3PACT__Org2,AH
AH,tdcoa[c]__Org2,TDG3PACT__Org2,AH
AH,dtdp4d6dg[c]__Org2,TDPDRE__Org2,AH
AH,TDPDRE__Org2,dtdp4d6dm[c]__Org2,AH
AH,TDPDRRr__Org2,dtdprmn[c]__Org2,AH
AH,dtdp4d6dm[c]__Org2,TDPDRRr__Org2,AH
AH,h[c]__Org2,TDPDRRr__Org2,AH
AH,TDPDRRr__Org2,nadp[c]__Org2,AH
AH,nadph[c]__Org2,TDPDRRr__Org2,AH
AH,TDPGDH__Org2,dtdp4d6dg[c]__Org2,AH
AH,dtdpglu[c]__Org2,TDPGDH__Org2,AH
AH,TDPGDH__Org2,h2o[c]__Org2,AH
AH,TECA4S__Org2,tcam[c]__Org2,AH
AH,udpacgal[c]__Org2,TECA4S__Org2,AH
AH,h2o[c]__Org2,TECA4S__Org2,AH
AH,TECA4S__Org2,udp[c]__Org2,AH
AH,udpg[c]__Org2,TECA4S__Org2,AH
AH,TECA4S__Org2,ump[c]__Org2,AH
AH,TECAAE__Org2,glyc45tcaala_D[c]__Org2,AH
AH,PGPm1[c]__Org2,TECAAE__Org2,AH
AH,prl45tcaala[c]__Org2,TECAAE__Org2,AH
AH,TECAAE__Org2,udcpp[c]__Org2,AH
AH,TECAGE__Org2,glyc45tcaglc[c]__Org2,AH
AH,PGPm1[c]__Org2,TECAGE__Org2,AH
AH,prl45tcaglc[c]__Org2,TECAGE__Org2,AH
AH,TECAGE__Org2,udcpp[c]__Org2,AH
AH,TECAUE__Org2,glyc45tca[c]__Org2,AH
AH,PGPm1[c]__Org2,TECAUE__Org2,AH
AH,prl45tca[c]__Org2,TECAUE__Org2,AH
AH,TECAUE__Org2,udcpp[c]__Org2,AH
AH,udpglcur[c]__Org2,TEICH45__Org2,AH
AH,TEICH45__Org2,h[c]__Org2,AH
AH,TEICH45__Org2,teich_45_BS[c]__Org2,AH
AH,TEICH45__Org2,udp[c]__Org2,AH
AH,udpacgal[c]__Org2,TEICH45__Org2,AH
AH,TEICH45__Org2,ump[c]__Org2,AH
AH,athis[c]__Org2,THII__Org2,AH
AH,THII__Org2,iscsh[c]__Org2,AH
AH,iscssh[c]__Org2,THII__Org2,AH
AH,THII__Org2,amp[c]__Org2,AH
AH,THII__Org2,nadp[c]__Org2,AH
AH,nadph[c]__Org2,THII__Org2,AH
AH,THII__Org2,thissh[c]__Org2,AH
AH,h2o2[c]__Org2,THIORDXi__Org2,AH
AH,THIORDXi__Org2,h2o[c]__Org2,AH
AH,THIORDXi__Org2,trdox[c]__Org2,AH
AH,trdrd[c]__Org2,THIORDXi__Org2,AH
AH,THMabc__Org2,thm[c]__Org2,AH
AH,THMabc__Org2,adp[c]__Org2,AH
AH,atp[c]__Org2,THMabc__Org2,AH
AH,h2o[c]__Org2,THMabc__Org2,AH
AH,THMabc__Org2,h[c]__Org2,AH
AH,THMabc__Org2,pi[c]__Org2,AH
AH,thm[e]__Org2,THMabc__Org2,AH
AH,THRAi__Org2,acald[c]__Org2,AH
AH,THRAi__Org2,gly[c]__Org2,AH
AH,thr_L[c]__Org2,THRAi__Org2,AH
AH,THRD_L__Org2,2obut[c]__Org2,AH
AH,THRD_L__Org2,nh4[c]__Org2,AH
AH,thr_L[c]__Org2,THRD_L__Org2,AH
AH,thrp[c]__Org2,THRPD__Org2,AH
AH,THRPD__Org2,applp[c]__Org2,AH
AH,THRPD__Org2,co2[c]__Org2,AH
AH,h[c]__Org2,THRPD__Org2,AH
AH,h2o[c]__Org2,THRS__Org2,AH
AH,phom[c]__Org2,THRS__Org2,AH
AH,THRS__Org2,pi[c]__Org2,AH
AH,THRS__Org2,thr_L[c]__Org2,AH
AH,THZPSN__Org2,4hba[c]__Org2,AH
AH,THZPSN__Org2,4mpetz[c]__Org2,AH
AH,THZPSN__Org2,ala_L[c]__Org2,AH
AH,THZPSN__Org2,amp[c]__Org2,AH
AH,atp[c]__Org2,THZPSN__Org2,AH
AH,THZPSN__Org2,co2[c]__Org2,AH
AH,cys_L[c]__Org2,THZPSN__Org2,AH
AH,dxyl5p[c]__Org2,THZPSN__Org2,AH
AH,THZPSN__Org2,h2o[c]__Org2,AH
AH,THZPSN__Org2,h[c]__Org2,AH
AH,THZPSN__Org2,ppi[c]__Org2,AH
AH,tyr_L[c]__Org2,THZPSN__Org2,AH
AH,THZT__Org2,cthzp[c]__Org2,AH
AH,2c4mthzep[c]__Org2,THZT__Org2,AH
AH,TKT1__Org2,g3p[c]__Org2,AH
AH,r5p[c]__Org2,TKT1__Org2,AH
AH,TKT1__Org2,s7p[c]__Org2,AH
AH,xu5p_D[c]__Org2,TKT1__Org2,AH
AH,e4p[c]__Org2,TKT2__Org2,AH
AH,TKT2__Org2,f6p[c]__Org2,AH
AH,TKT2__Org2,g3p[c]__Org2,AH
AH,xu5p_D[c]__Org2,TKT2__Org2,AH
AH,TMDPK__Org2,amp[c]__Org2,AH
AH,atp[c]__Org2,TMDPK__Org2,AH
AH,TMDPK__Org2,h[c]__Org2,AH
AH,thm[c]__Org2,TMDPK__Org2,AH
AH,TMDPK__Org2,thmpp[c]__Org2,AH
AH,TMDS__Org2,dhf[c]__Org2,AH
AH,TMDS__Org2,dtmp[c]__Org2,AH
AH,dump[c]__Org2,TMDS__Org2,AH
AH,mlthf[c]__Org2,TMDS__Org2,AH
AH,TMPPP__Org2,thmmp[c]__Org2,AH
AH,2mahmp[c]__Org2,TMPPP__Org2,AH
AH,4mpetz[c]__Org2,TMPPP__Org2,AH
AH,h[c]__Org2,TMPPP__Org2,AH
AH,TMPPP__Org2,ppi[c]__Org2,AH
AH,2mahmp[c]__Org2,TMPPP_1__Org2,AH
AH,TMPPP_1__Org2,co2[c]__Org2,AH
AH,cthzp[c]__Org2,TMPPP_1__Org2,AH
AH,h[c]__Org2,TMPPP_1__Org2,AH
AH,TMPPP_1__Org2,ppi[c]__Org2,AH
AH,TMPPP_1__Org2,thmmp[c]__Org2,AH
AH,dhap[c]__Org2,TPI__Org2,AH
AH,TPI__Org2,g3p[c]__Org2,AH
AH,h[c]__Org2,TRDRr__Org2,AH
AH,TRDRr__Org2,nadp[c]__Org2,AH
AH,nadph[c]__Org2,TRDRr__Org2,AH
AH,trdox[c]__Org2,TRDRr__Org2,AH
AH,TRDRr__Org2,trdrd[c]__Org2,AH
AH,TRPS1__Org2,trp_L[c]__Org2,AH
AH,3ig3p[c]__Org2,TRPS1__Org2,AH
AH,TRPS1__Org2,g3p[c]__Org2,AH
AH,TRPS1__Org2,h2o[c]__Org2,AH
AH,ser_L[c]__Org2,TRPS1__Org2,AH
AH,indole[c]__Org2,TRPS2__Org2,AH
AH,TRPS2__Org2,h2o[c]__Org2,AH
AH,ser_L[c]__Org2,TRPS2__Org2,AH
AH,TRPS2__Org2,trp_L[c]__Org2,AH
AH,3ig3p[c]__Org2,TRPS3__Org2,AH
AH,TRPS3__Org2,g3p[c]__Org2,AH
AH,TRPS3__Org2,indole[c]__Org2,AH
AH,TRPTA__Org2,indpyr[c]__Org2,AH
AH,akg[c]__Org2,TRPTA__Org2,AH
AH,TRPTA__Org2,glu_L[c]__Org2,AH
AH,trp_L[c]__Org2,TRPTA__Org2,AH
AH,TRPabc__Org2,adp[c]__Org2,AH
AH,atp[c]__Org2,TRPabc__Org2,AH
AH,h2o[c]__Org2,TRPabc__Org2,AH
AH,TRPabc__Org2,h[c]__Org2,AH
AH,TRPabc__Org2,pi[c]__Org2,AH
AH,TRPabc__Org2,trp_L[c]__Org2,AH
AH,trp_L[e]__Org2,TRPabc__Org2,AH
AH,TYRTA__Org2,34hpp[c]__Org2,AH
AH,akg[c]__Org2,TYRTA__Org2,AH
AH,TYRTA__Org2,glu_L[c]__Org2,AH
AH,tyr_L[c]__Org2,TYRTA__Org2,AH
AH,uamag[c]__Org2,UAAGDS__Org2,AH
AH,UAAGDS__Org2,ugmd[c]__Org2,AH
AH,26dap_M[c]__Org2,UAAGDS__Org2,AH
AH,UAAGDS__Org2,adp[c]__Org2,AH
AH,atp[c]__Org2,UAAGDS__Org2,AH
AH,UAAGDS__Org2,h[c]__Org2,AH
AH,UAAGDS__Org2,pi[c]__Org2,AH
AH,uacmam[c]__Org2,UACMAMAT__Org2,AH
AH,UACMAMAT__Org2,acbdma14gapuc[c]__Org2,AH
AH,UACMAMAT__Org2,h[c]__Org2,AH
AH,UACMAMAT__Org2,udp[c]__Org2,AH
AH,unaga[c]__Org2,UACMAMAT__Org2,AH
AH,uacgam[c]__Org2,UAG2E__Org2,AH
AH,UAG2E__Org2,uacmam[c]__Org2,AH
AH,uacgam[c]__Org2,UAG4E__Org2,AH
AH,UAG4E__Org2,udpacgal[c]__Org2,AH
AH,UAGCVT_r__Org2,uaccg[c]__Org2,AH
AH,pep[c]__Org2,UAGCVT_r__Org2,AH
AH,UAGCVT_r__Org2,pi[c]__Org2,AH
AH,uacgam[c]__Org2,UAGCVT_r__Org2,AH
AH,acgam1p[c]__Org2,UAGDP__Org2,AH
AH,h[c]__Org2,UAGDP__Org2,AH
AH,UAGDP__Org2,ppi[c]__Org2,AH
AH,UAGDP__Org2,uacgam[c]__Org2,AH
AH,utp[c]__Org2,UAGDP__Org2,AH
AH,UAGPT2__Org2,h[c]__Org2,AH
AH,uaGgla[c]__Org2,UAGPT2__Org2,AH
AH,UAGPT2__Org2,uaaGgla[c]__Org2,AH
AH,uacgam[c]__Org2,UAGPT2__Org2,AH
AH,UAGPT2__Org2,udp[c]__Org2,AH
AH,UAGPT3__Org2,h[c]__Org2,AH
AH,UAGPT3__Org2,uaagmda[c]__Org2,AH
AH,uacgam[c]__Org2,UAGPT3__Org2,AH
AH,uagmda[c]__Org2,UAGPT3__Org2,AH
AH,UAGPT3__Org2,udp[c]__Org2,AH
AH,uama[c]__Org2,UAMAGS__Org2,AH
AH,UAMAGS__Org2,adp[c]__Org2,AH
AH,atp[c]__Org2,UAMAGS__Org2,AH
AH,glu_D[c]__Org2,UAMAGS__Org2,AH
AH,UAMAGS__Org2,h[c]__Org2,AH
AH,UAMAGS__Org2,pi[c]__Org2,AH
AH,UAMAGS__Org2,uamag[c]__Org2,AH
AH,uamr[c]__Org2,UAMAS__Org2,AH
AH,UAMAS__Org2,adp[c]__Org2,AH
AH,ala_L[c]__Org2,UAMAS__Org2,AH
AH,atp[c]__Org2,UAMAS__Org2,AH
AH,UAMAS__Org2,h[c]__Org2,AH
AH,UAMAS__Org2,pi[c]__Org2,AH
AH,UAMAS__Org2,uama[c]__Org2,AH
AH,h[c]__Org2,UAPGR__Org2,AH
AH,UAPGR__Org2,nadp[c]__Org2,AH
AH,nadph[c]__Org2,UAPGR__Org2,AH
AH,uaccg[c]__Org2,UAPGR__Org2,AH
AH,UAPGR__Org2,uamr[c]__Org2,AH
AH,h2o[c]__Org2,UDCPDP__Org2,AH
AH,UDCPDP__Org2,h[c]__Org2,AH
AH,UDCPDP__Org2,pi[c]__Org2,AH
AH,udcpdp[c]__Org2,UDCPDP__Org2,AH
AH,UDCPDP__Org2,udcpp[c]__Org2,AH
AH,frdp[c]__Org2,UDCPDPS__Org2,AH
AH,ipdp[c]__Org2,UDCPDPS__Org2,AH
AH,UDCPDPS__Org2,ppi[c]__Org2,AH
AH,UDCPDPS__Org2,udcpdp[c]__Org2,AH
AH,udpg[c]__Org2,UDPG4E__Org2,AH
AH,UDPG4E__Org2,udpgal[c]__Org2,AH
AH,UDPGALM__Org2,udpgalfur[c]__Org2,AH
AH,udpgal[c]__Org2,UDPGALM__Org2,AH
AH,h2o[c]__Org2,UDPGDr__Org2,AH
AH,UDPGDr__Org2,h[c]__Org2,AH
AH,nad[c]__Org2,UDPGDr__Org2,AH
AH,UDPGDr__Org2,nadh[c]__Org2,AH
AH,udpg[c]__Org2,UDPGDr__Org2,AH
AH,UDPGDr__Org2,udpglcur[c]__Org2,AH
AH,UGLT__Org2,g1p[c]__Org2,AH
AH,gal1p[c]__Org2,UGLT__Org2,AH
AH,udpg[c]__Org2,UGLT__Org2,AH
AH,UGLT__Org2,udpgal[c]__Org2,AH
AH,UGMDDS__Org2,adp[c]__Org2,AH
AH,alaala[c]__Org2,UGMDDS__Org2,AH
AH,atp[c]__Org2,UGMDDS__Org2,AH
AH,UGMDDS__Org2,h[c]__Org2,AH
AH,UGMDDS__Org2,pi[c]__Org2,AH
AH,ugmd[c]__Org2,UGMDDS__Org2,AH
AH,UGMDDS__Org2,ugmda[c]__Org2,AH
AH,UMPK__Org2,adp[c]__Org2,AH
AH,atp[c]__Org2,UMPK__Org2,AH
AH,UMPK__Org2,udp[c]__Org2,AH
AH,ump[c]__Org2,UMPK__Org2,AH
AH,ura[c]__Org2,UPPRT__Org2,AH
AH,UPPRT__Org2,ppi[c]__Org2,AH
AH,prpp[c]__Org2,UPPRT__Org2,AH
AH,UPPRT__Org2,ump[c]__Org2,AH
AH,URAt2__Org2,h[c]__Org2,AH
AH,h[e]__Org2,URAt2__Org2,AH
AH,URAt2__Org2,ura[c]__Org2,AH
AH,ura[e]__Org2,URAt2__Org2,AH
AH,URIDK3__Org2,adp[c]__Org2,AH
AH,atp[c]__Org2,URIDK3__Org2,AH
AH,URIDK3__Org2,dudp[c]__Org2,AH
AH,dump[c]__Org2,URIDK3__Org2,AH
AH,UTPATPT__Org2,adp[c]__Org2,AH
AH,amp[c]__Org2,UTPATPT__Org2,AH
AH,UTPATPT__Org2,udp[c]__Org2,AH
AH,utp[c]__Org2,UTPATPT__Org2,AH
AH,val_L[c]__Org2,VALTA__Org2,AH
AH,VALTA__Org2,3mob[c]__Org2,AH
AH,akg[c]__Org2,VALTA__Org2,AH
AH,VALTA__Org2,glu_L[c]__Org2,AH
AH,VALabc__Org2,adp[c]__Org2,AH
AH,atp[c]__Org2,VALabc__Org2,AH
AH,h2o[c]__Org2,VALabc__Org2,AH
AH,VALabc__Org2,h[c]__Org2,AH
AH,VALabc__Org2,pi[c]__Org2,AH
AH,VALabc__Org2,val_L[c]__Org2,AH
AH,val_L[e]__Org2,VALabc__Org2,AH
AH,XANt2r__Org2,xan[c]__Org2,AH
AH,XANt2r__Org2,h[c]__Org2,AH
AH,h[e]__Org2,XANt2r__Org2,AH
AH,xan[e]__Org2,XANt2r__Org2,AH
AH,XPPT__Org2,ppi[c]__Org2,AH
AH,prpp[c]__Org2,XPPT__Org2,AH
AH,xan[c]__Org2,XPPT__Org2,AH
AH,XPPT__Org2,xmp[c]__Org2,AH
AH,xylu_D[c]__Org2,XYLK__Org2,AH
AH,XYLK__Org2,adp[c]__Org2,AH
AH,atp[c]__Org2,XYLK__Org2,AH
AH,XYLK__Org2,h[c]__Org2,AH
AH,XYLK__Org2,xu5p_D[c]__Org2,AH
AH,XYLt__Org2,xyl_D[c]__Org2,AH
AH,xyl_D[e]__Org2,XYLt__Org2,AH
AH,YUMPS__Org2,psd5p[c]__Org2,AH
AH,YUMPS__Org2,h2o[c]__Org2,AH
AH,r5p[c]__Org2,YUMPS__Org2,AH
AH,ura[c]__Org2,YUMPS__Org2,AH
AH,ZNabc__Org2,zn2[c]__Org2,AH
AH,ZNabc__Org2,adp[c]__Org2,AH
AH,atp[c]__Org2,ZNabc__Org2,AH
AH,h2o[c]__Org2,ZNabc__Org2,AH
AH,ZNabc__Org2,h[c]__Org2,AH
AH,ZNabc__Org2,pi[c]__Org2,AH
AH,zn2[e]__Org2,ZNabc__Org2,AH
AH,dreplication__Org2,dnarep[c]__Org2,AH
AH,pbiosynthesis__Org2,proteinsynth[c]__Org2,AH
AH,r0060__Org2,nh4[c]__Org2,AH
AH,r0060__Org2,pyr[c]__Org2,AH
AH,ser_L[c]__Org2,r0060__Org2,AH
AH,HC01434[c]__Org2,r0082__Org2,AH
AH,r0082__Org2,akg[c]__Org2,AH
AH,r0082__Org2,co2[c]__Org2,AH
AH,h[c]__Org2,r0082__Org2,AH
AH,r0120__Org2,HC01651[c]__Org2,AH
AH,gtp[c]__Org2,r0120__Org2,AH
AH,h2o[c]__Org2,r0120__Org2,AH
AH,damp[c]__Org2,r0345__Org2,AH
AH,r0345__Org2,adp[c]__Org2,AH
AH,atp[c]__Org2,r0345__Org2,AH
AH,r0345__Org2,dadp[c]__Org2,AH
AH,r0422__Org2,HC01434[c]__Org2,AH
AH,r0422__Org2,h[c]__Org2,AH
AH,icit[c]__Org2,r0422__Org2,AH
AH,nadp[c]__Org2,r0422__Org2,AH
AH,r0422__Org2,nadph[c]__Org2,AH
AH,ptth[c]__Org2,r0578__Org2,AH
AH,r0578__Org2,adp[c]__Org2,AH
AH,atp[c]__Org2,r0578__Org2,AH
AH,r0578__Org2,h[c]__Org2,AH
AH,r0578__Org2,pan4p[c]__Org2,AH
AH,4ppan[c]__Org2,r0671__Org2,AH
AH,r0671__Org2,4ppcys[c]__Org2,AH
AH,r0671__Org2,cmp[c]__Org2,AH
AH,ctp[c]__Org2,r0671__Org2,AH
AH,cys_L[c]__Org2,r0671__Org2,AH
AH,r0671__Org2,h[c]__Org2,AH
AH,r0671__Org2,ppi[c]__Org2,AH
AH,r0708__Org2,HC01710[c]__Org2,AH
AH,ahdt[c]__Org2,r0708__Org2,AH
AH,h2o[c]__Org2,r0708__Org2,AH
AH,r0775__Org2,HC01652[c]__Org2,AH
AH,HC01651[c]__Org2,r0775__Org2,AH
AH,r0775__Org2,for[c]__Org2,AH
AH,h2o[c]__Org2,r0775__Org2,AH
AH,r0775__Org2,h[c]__Org2,AH
AH,HC01652[c]__Org2,r0777__Org2,AH
AH,r0777__Org2,HC01710[c]__Org2,AH
AH,r1144__Org2,glu_L[c]__Org2,AH
AH,glu_L[e]__Org2,r1144__Org2,AH
AH,r1144__Org2,na1[c]__Org2,AH
AH,na1[e]__Org2,r1144__Org2,AH
AH,r2137__Org2,cl[c]__Org2,AH
AH,cl[e]__Org2,r2137__Org2,AH
AH,rtranscription__Org2,rnatrans[c]__Org2,AH
AH,PGPm1[c]__Org2,sink_PGPm1[c]__Org2,AH
AH,dmbzid[c]__Org2,sink_dmbzid__Org2,AH
AH,s[c]__Org2,sink_s__Org2,AH
AH,thissh[c]__Org2,sink_thissh[c]__Org2,AH
AH,t7ACZP__Org2,7a_czp[c]__Org2,AH
AH,7a_czp[e]__Org2,t7ACZP__Org2,AH
AH,tANZP__Org2,anzp[c]__Org2,AH
AH,anzp[e]__Org2,tANZP__Org2,AH
AH,tCAP__Org2,chlphncl[c]__Org2,AH
AH,chlphncl[e]__Org2,tCAP__Org2,AH
AH,tCZP__Org2,czp[c]__Org2,AH
AH,czp[e]__Org2,tCZP__Org2,AH
AH,tNCAP__Org2,nchlphncl[c]__Org2,AH
AH,nchlphncl[e]__Org2,tNCAP__Org2,AH
AH,tNZP__Org2,nzp[c]__Org2,AH
AH,nzp[e]__Org2,tNZP__Org2,AH
AH,ACP[c]__Org2,biomass536__Org2,AH
AH,PGP[c]__Org2,biomass536__Org2,AH
AH,biomass536__Org2,PGPm1[c]__Org2,AH
AH,biomass536__Org2,adp[c]__Org2,AH
AH,ala_L[c]__Org2,biomass536__Org2,AH
AH,amet[c]__Org2,biomass536__Org2,AH
AH,biomass536__Org2,apoACP[c]__Org2,AH
AH,arg_L[c]__Org2,biomass536__Org2,AH
AH,asn_L[c]__Org2,biomass536__Org2,AH
AH,asp_L[c]__Org2,biomass536__Org2,AH
AH,atp[c]__Org2,biomass536__Org2,AH
AH,biomass536__Org2,biomass[c]__Org2,AH
AH,ca2[c]__Org2,biomass536__Org2,AH
AH,cl[c]__Org2,biomass536__Org2,AH
AH,coa[c]__Org2,biomass536__Org2,AH
AH,cobalt2[c]__Org2,biomass536__Org2,AH
AH,ctp[c]__Org2,biomass536__Org2,AH
AH,cu2[c]__Org2,biomass536__Org2,AH
AH,cys_L[c]__Org2,biomass536__Org2,AH
AH,datp[c]__Org2,biomass536__Org2,AH
AH,dctp[c]__Org2,biomass536__Org2,AH
AH,dgtp[c]__Org2,biomass536__Org2,AH
AH,dnarep[c]__Org2,biomass536__Org2,AH
AH,dttp[c]__Org2,biomass536__Org2,AH
AH,fad[c]__Org2,biomass536__Org2,AH
AH,fe2[c]__Org2,biomass536__Org2,AH
AH,fe3[c]__Org2,biomass536__Org2,AH
AH,gln_L[c]__Org2,biomass536__Org2,AH
AH,glu_L[c]__Org2,biomass536__Org2,AH
AH,gly[c]__Org2,biomass536__Org2,AH
AH,glyc45tca[c]__Org2,biomass536__Org2,AH
AH,glyc45tcaala_D[c]__Org2,biomass536__Org2,AH
AH,glyc45tcaglc[c]__Org2,biomass536__Org2,AH
AH,gtp[c]__Org2,biomass536__Org2,AH
AH,h2o[c]__Org2,biomass536__Org2,AH
AH,biomass536__Org2,h[c]__Org2,AH
AH,his_L[c]__Org2,biomass536__Org2,AH
AH,ile_L[c]__Org2,biomass536__Org2,AH
AH,k[c]__Org2,biomass536__Org2,AH
AH,leu_L[c]__Org2,biomass536__Org2,AH
AH,lys_L[c]__Org2,biomass536__Org2,AH
AH,met_L[c]__Org2,biomass536__Org2,AH
AH,mg2[c]__Org2,biomass536__Org2,AH
AH,mn2[c]__Org2,biomass536__Org2,AH
AH,nad[c]__Org2,biomass536__Org2,AH
AH,nadp[c]__Org2,biomass536__Org2,AH
AH,phe_L[c]__Org2,biomass536__Org2,AH
AH,biomass536__Org2,pi[c]__Org2,AH
AH,biomass536__Org2,ppi[c]__Org2,AH
AH,pro_L[c]__Org2,biomass536__Org2,AH
AH,proteinsynth[c]__Org2,biomass536__Org2,AH
AH,pydx5p[c]__Org2,biomass536__Org2,AH
AH,ribflv[c]__Org2,biomass536__Org2,AH
AH,rnatrans[c]__Org2,biomass536__Org2,AH
AH,ser_L[c]__Org2,biomass536__Org2,AH
AH,so4[c]__Org2,biomass536__Org2,AH
AH,tcam[c]__Org2,biomass536__Org2,AH
AH,teich_45_BS[c]__Org2,biomass536__Org2,AH
AH,thr_L[c]__Org2,biomass536__Org2,AH
AH,trp_L[c]__Org2,biomass536__Org2,AH
AH,tyr_L[c]__Org2,biomass536__Org2,AH
AH,udcpdp[c]__Org2,biomass536__Org2,AH
AH,udpglcur[c]__Org2,biomass536__Org2,AH
AH,utp[c]__Org2,biomass536__Org2,AH
AH,val_L[c]__Org2,biomass536__Org2,AH
AH,zn2[c]__Org2,biomass536__Org2,AH
m,12dhchol_m,EX_12dhchol_m,m
m,7a_czp_m,EX_7a_czp_m,m
m,ala_L_m,EX_ala_L_m,m
m,anzp_m,EX_anzp_m,m
m,but_m,EX_but_m,m
m,chlphncl_m,EX_chlphncl_m,m
m,cro4_m,EX_cro4_m,m
m,czp_m,EX_czp_m,m
m,drib_m,EX_drib_m,m
m,gln_L_m,EX_gln_L_m,m
m,glu_L_m,EX_glu_L_m,m
m,h2_m,EX_h2_m,m
m,lac_D_m,EX_lac_D_m,m
m,lys_L_m,EX_lys_L_m,m
m,mobd_m,EX_mobd_m,m
m,nchlphncl_m,EX_nchlphncl_m,m
m,nmn_m,EX_nmn_m,m
m,nzp_m,EX_nzp_m,m
m,pcresol_m,EX_pcresol_m,m
m,ppa_m,EX_ppa_m,m
m,ptrc_m,EX_ptrc_m,m
m,rbflvrd_m,EX_rbflvrd_m,m
m,sbt_D_m,EX_sbt_D_m,m
m,ser_L_m,EX_ser_L_m,m
m,spmd_m,EX_spmd_m,m
