model,node_id,node_type,organism
BI,12PPDt__Org1,rxn,Org1
BI,12ppd_S[c]__Org1,met,Org1
BI,12ppd_S[e]__Org1,met,Org1
BI,23DHMPO__Org1,rxn,Org1
BI,23dhmp[c]__Org1,met,Org1
BI,3h3mop[c]__Org1,met,Org1
BI,h[c]__Org1,met,Org1
BI,nadp[c]__Org1,met,Org1
BI,nadph[c]__Org1,met,Org1
BI,23PDE2__Org1,rxn,Org1
BI,23cump[c]__Org1,met,Org1
BI,3ump[c]__Org1,met,Org1
BI,h2o[c]__Org1,met,Org1
BI,h[c]__Org1,met,Org1
BI,23PDE4__Org1,rxn,Org1
BI,23ccmp[c]__Org1,met,Org1
BI,3cmp[c]__Org1,met,Org1
BI,h2o[c]__Org1,met,Org1
BI,h[c]__Org1,met,Org1
BI,23PDE7__Org1,rxn,Org1
BI,23camp[c]__Org1,met,Org1
BI,3amp[c]__Org1,met,Org1
BI,h2o[c]__Org1,met,Org1
BI,h[c]__Org1,met,Org1
BI,23PDE9__Org1,rxn,Org1
BI,23cgmp[c]__Org1,met,Org1
BI,3gmp[c]__Org1,met,Org1
BI,h2o[c]__Org1,met,Org1
BI,h[c]__Org1,met,Org1
BI,2AHBUTI__Org1,rxn,Org1
BI,2ahbut[c]__Org1,met,Org1
BI,3h3mop[c]__Org1,met,Org1
BI,3CARLPDH__Org1,rxn,Org1
BI,HC00695[c]__Org1,met,Org1
BI,HC01435[c]__Org1,met,Org1
BI,lpam[c]__Org1,met,Org1
BI,thmpp[c]__Org1,met,Org1
BI,3MOBS__Org1,rxn,Org1
BI,3c3hmp[c]__Org1,met,Org1
BI,3mob[c]__Org1,met,Org1
BI,accoa[c]__Org1,met,Org1
BI,coa[c]__Org1,met,Org1
BI,h2o[c]__Org1,met,Org1
BI,h[c]__Org1,met,Org1
BI,3OAR100__Org1,rxn,Org1
BI,3hdecACP[c]__Org1,met,Org1
BI,3odecACP[c]__Org1,met,Org1
BI,h[c]__Org1,met,Org1
BI,nadp[c]__Org1,met,Org1
BI,nadph[c]__Org1,met,Org1
BI,3OAR10M11__Org1,rxn,Org1
BI,10m3hundecACP[c]__Org1,met,Org1
BI,10m3oundecACP[c]__Org1,met,Org1
BI,h[c]__Org1,met,Org1
BI,nadp[c]__Org1,met,Org1
BI,nadph[c]__Org1,met,Org1
BI,3OAR10M12__Org1,rxn,Org1
BI,10m3hddcaACP[c]__Org1,met,Org1
BI,10m3oddcaACP[c]__Org1,met,Org1
BI,h[c]__Org1,met,Org1
BI,nadp[c]__Org1,met,Org1
BI,nadph[c]__Org1,met,Org1
BI,3OAR11M12__Org1,rxn,Org1
BI,11m3hddcaACP[c]__Org1,met,Org1
BI,11m3oddcaACP[c]__Org1,met,Org1
BI,h[c]__Org1,met,Org1
BI,nadp[c]__Org1,met,Org1
BI,nadph[c]__Org1,met,Org1
BI,3OAR120__Org1,rxn,Org1
BI,3hddecACP[c]__Org1,met,Org1
BI,3oddecACP[c]__Org1,met,Org1
BI,h[c]__Org1,met,Org1
BI,nadp[c]__Org1,met,Org1
BI,nadph[c]__Org1,met,Org1
BI,3OAR12M13__Org1,rxn,Org1
BI,12m3htridecACP[c]__Org1,met,Org1
BI,12m3otridecACP[c]__Org1,met,Org1
BI,h[c]__Org1,met,Org1
BI,nadp[c]__Org1,met,Org1
BI,nadph[c]__Org1,met,Org1
BI,3OAR12M14__Org1,rxn,Org1
BI,12m3hmyrsACP[c]__Org1,met,Org1
BI,12m3omyrsACP[c]__Org1,met,Org1
BI,h[c]__Org1,met,Org1
BI,nadp[c]__Org1,met,Org1
BI,nadph[c]__Org1,met,Org1
BI,3OAR13M14__Org1,rxn,Org1
BI,13m3hmyrsACP[c]__Org1,met,Org1
BI,13m3omyrsACP[c]__Org1,met,Org1
BI,h[c]__Org1,met,Org1
BI,nadp[c]__Org1,met,Org1
BI,nadph[c]__Org1,met,Org1
BI,3OAR140__Org1,rxn,Org1
BI,3hmrsACP[c]__Org1,met,Org1
BI,3omrsACP[c]__Org1,met,Org1
BI,h[c]__Org1,met,Org1
BI,nadp[c]__Org1,met,Org1
BI,nadph[c]__Org1,met,Org1
BI,3OAR14M15__Org1,rxn,Org1
BI,14m3hpentdecACP[c]__Org1,met,Org1
BI,14m3opentdecACP[c]__Org1,met,Org1
BI,h[c]__Org1,met,Org1
BI,nadp[c]__Org1,met,Org1
BI,nadph[c]__Org1,met,Org1
BI,3OAR14M16__Org1,rxn,Org1
BI,14m3hpalmACP[c]__Org1,met,Org1
BI,14m3opalmACP[c]__Org1,met,Org1
BI,h[c]__Org1,met,Org1
BI,nadp[c]__Org1,met,Org1
BI,nadph[c]__Org1,met,Org1
BI,3OAR15M16__Org1,rxn,Org1
BI,15m3hpalmACP[c]__Org1,met,Org1
BI,15m3opalmACP[c]__Org1,met,Org1
BI,h[c]__Org1,met,Org1
BI,nadp[c]__Org1,met,Org1
BI,nadph[c]__Org1,met,Org1
BI,3OAR160__Org1,rxn,Org1
BI,3hpalmACP[c]__Org1,met,Org1
BI,3opalmACP[c]__Org1,met,Org1
BI,h[c]__Org1,met,Org1
BI,nadp[c]__Org1,met,Org1
BI,nadph[c]__Org1,met,Org1
BI,3OAR180__Org1,rxn,Org1
BI,3hoctaACP[c]__Org1,met,Org1
BI,3ooctdACP[c]__Org1,met,Org1
BI,h[c]__Org1,met,Org1
BI,nadp[c]__Org1,met,Org1
BI,nadph[c]__Org1,met,Org1
BI,3OAR40__Org1,rxn,Org1
BI,3haACP[c]__Org1,met,Org1
BI,actACP[c]__Org1,met,Org1
BI,h[c]__Org1,met,Org1
BI,nadp[c]__Org1,met,Org1
BI,nadph[c]__Org1,met,Org1
BI,3OAR4M5__Org1,rxn,Org1
BI,4m3hpentACP[c]__Org1,met,Org1
BI,4m3opentACP[c]__Org1,met,Org1
BI,h[c]__Org1,met,Org1
BI,nadp[c]__Org1,met,Org1
BI,nadph[c]__Org1,met,Org1
BI,3OAR4M6__Org1,rxn,Org1
BI,4m3hhexACP[c]__Org1,met,Org1
BI,4m3ohexACP[c]__Org1,met,Org1
BI,h[c]__Org1,met,Org1
BI,nadp[c]__Org1,met,Org1
BI,nadph[c]__Org1,met,Org1
BI,3OAR5M6__Org1,rxn,Org1
BI,5m3hhexACP[c]__Org1,met,Org1
BI,5m3ohexACP[c]__Org1,met,Org1
BI,h[c]__Org1,met,Org1
BI,nadp[c]__Org1,met,Org1
BI,nadph[c]__Org1,met,Org1
BI,3OAR60__Org1,rxn,Org1
BI,3hhexACP[c]__Org1,met,Org1
BI,3ohexACP[c]__Org1,met,Org1
BI,h[c]__Org1,met,Org1
BI,nadp[c]__Org1,met,Org1
BI,nadph[c]__Org1,met,Org1
BI,3OAR6M7__Org1,rxn,Org1
BI,6m3hheptACP[c]__Org1,met,Org1
BI,6m3oheptACP[c]__Org1,met,Org1
BI,h[c]__Org1,met,Org1
BI,nadp[c]__Org1,met,Org1
BI,nadph[c]__Org1,met,Org1
BI,3OAR6M8__Org1,rxn,Org1
BI,6m3hocACP[c]__Org1,met,Org1
BI,6m3oocACP[c]__Org1,met,Org1
BI,h[c]__Org1,met,Org1
BI,nadp[c]__Org1,met,Org1
BI,nadph[c]__Org1,met,Org1
BI,3OAR7M8__Org1,rxn,Org1
BI,7m3hocACP[c]__Org1,met,Org1
BI,7m3oocACP[c]__Org1,met,Org1
BI,h[c]__Org1,met,Org1
BI,nadp[c]__Org1,met,Org1
BI,nadph[c]__Org1,met,Org1
BI,3OAR80__Org1,rxn,Org1
BI,3hoctACP[c]__Org1,met,Org1
BI,3ooctACP[c]__Org1,met,Org1
BI,h[c]__Org1,met,Org1
BI,nadp[c]__Org1,met,Org1
BI,nadph[c]__Org1,met,Org1
BI,3OAR8M10__Org1,rxn,Org1
BI,8m3hdcaACP[c]__Org1,met,Org1
BI,8m3odcaACP[c]__Org1,met,Org1
BI,h[c]__Org1,met,Org1
BI,nadp[c]__Org1,met,Org1
BI,nadph[c]__Org1,met,Org1
BI,3OAR8M9__Org1,rxn,Org1
BI,8m3hnonACP[c]__Org1,met,Org1
BI,8m3ononACP[c]__Org1,met,Org1
BI,h[c]__Org1,met,Org1
BI,nadp[c]__Org1,met,Org1
BI,nadph[c]__Org1,met,Org1
BI,3OAR9M10__Org1,rxn,Org1
BI,9m3hdcaACP[c]__Org1,met,Org1
BI,9m3odcaACP[c]__Org1,met,Org1
BI,h[c]__Org1,met,Org1
BI,nadp[c]__Org1,met,Org1
BI,nadph[c]__Org1,met,Org1
BI,4ABZt2__Org1,rxn,Org1
BI,4abz[c]__Org1,met,Org1
BI,4abz[e]__Org1,met,Org1
BI,h[e]__Org1,met,Org1
BI,h[c]__Org1,met,Org1
BI,4HTHDR__Org1,rxn,Org1
BI,4hthdp[c]__Org1,met,Org1
BI,nad[c]__Org1,met,Org1
BI,nadh[c]__Org1,met,Org1
BI,thdp[c]__Org1,met,Org1
BI,h2o[c]__Org1,met,Org1
BI,h[c]__Org1,met,Org1
BI,4HTHDS__Org1,rxn,Org1
BI,aspsa[c]__Org1,met,Org1
BI,pyr[c]__Org1,met,Org1
BI,4hthdp[c]__Org1,met,Org1
BI,h2o[c]__Org1,met,Org1
BI,h[c]__Org1,met,Org1
BI,4HTHRS__Org1,rxn,Org1
BI,4hthr[c]__Org1,met,Org1
BI,phthr[c]__Org1,met,Org1
BI,pi[c]__Org1,met,Org1
BI,h2o[c]__Org1,met,Org1
BI,4NTPPH2__Org1,rxn,Org1
BI,HC01104[c]__Org1,met,Org1
BI,pnp[c]__Org1,met,Org1
BI,h2o[c]__Org1,met,Org1
BI,h[c]__Org1,met,Org1
BI,pi[c]__Org1,met,Org1
BI,5AIZCDC__Org1,rxn,Org1
BI,5aizc[c]__Org1,met,Org1
BI,air[c]__Org1,met,Org1
BI,co2[c]__Org1,met,Org1
BI,h[c]__Org1,met,Org1
BI,5MTHCYST__Org1,rxn,Org1
BI,5mthglu[c]__Org1,met,Org1
BI,ahcys[c]__Org1,met,Org1
BI,amet[c]__Org1,met,Org1
BI,thglu[c]__Org1,met,Org1
BI,h[c]__Org1,met,Org1
BI,AACGLYDH__Org1,rxn,Org1
BI,aacald[c]__Org1,met,Org1
BI,gly[c]__Org1,met,Org1
BI,h2o[c]__Org1,met,Org1
BI,h[c]__Org1,met,Org1
BI,nad[c]__Org1,met,Org1
BI,nadh[c]__Org1,met,Org1
BI,ABTOXy__Org1,rxn,Org1
BI,abt[c]__Org1,met,Org1
BI,arab_L[c]__Org1,met,Org1
BI,h[c]__Org1,met,Org1
BI,nadp[c]__Org1,met,Org1
BI,nadph[c]__Org1,met,Org1
BI,ABUTD__Org1,rxn,Org1
BI,4abut[c]__Org1,met,Org1
BI,4abutn[c]__Org1,met,Org1
BI,h2o[c]__Org1,met,Org1
BI,h[c]__Org1,met,Org1
BI,nad[c]__Org1,met,Org1
BI,nadh[c]__Org1,met,Org1
BI,ABUTR__Org1,rxn,Org1
BI,4abut[c]__Org1,met,Org1
BI,4abutn[c]__Org1,met,Org1
BI,h2o[c]__Org1,met,Org1
BI,h[c]__Org1,met,Org1
BI,nadp[c]__Org1,met,Org1
BI,nadph[c]__Org1,met,Org1
BI,ABUTt2r__Org1,rxn,Org1
BI,4abut[e]__Org1,met,Org1
BI,4abut[c]__Org1,met,Org1
BI,h[c]__Org1,met,Org1
BI,h[e]__Org1,met,Org1
BI,ACALD__Org1,rxn,Org1
BI,acald[c]__Org1,met,Org1
BI,accoa[c]__Org1,met,Org1
BI,coa[c]__Org1,met,Org1
BI,h[c]__Org1,met,Org1
BI,nad[c]__Org1,met,Org1
BI,nadh[c]__Org1,met,Org1
BI,ACALDt__Org1,rxn,Org1
BI,acald[e]__Org1,met,Org1
BI,acald[c]__Org1,met,Org1
BI,ACCOACL__Org1,rxn,Org1
BI,apoC_Lys_btn[c]__Org1,met,Org1
BI,btn_co2[c]__Org1,met,Org1
BI,malcoa[c]__Org1,met,Org1
BI,accoa[c]__Org1,met,Org1
BI,ACGALK3__Org1,rxn,Org1
BI,acgal6p[c]__Org1,met,Org1
BI,acgal[c]__Org1,met,Org1
BI,adp[c]__Org1,met,Org1
BI,atp[c]__Org1,met,Org1
BI,h[c]__Org1,met,Org1
BI,ACGALt2r__Org1,rxn,Org1
BI,acgal[e]__Org1,met,Org1
BI,acgal[c]__Org1,met,Org1
BI,h[c]__Org1,met,Org1
BI,h[e]__Org1,met,Org1
BI,ACGAM2E__Org1,rxn,Org1
BI,acgam[c]__Org1,met,Org1
BI,acmana[c]__Org1,met,Org1
BI,ACGAMK__Org1,rxn,Org1
BI,acgam6p[c]__Org1,met,Org1
BI,acgam[c]__Org1,met,Org1
BI,adp[c]__Org1,met,Org1
BI,atp[c]__Org1,met,Org1
BI,h[c]__Org1,met,Org1
BI,ACGAMT__Org1,rxn,Org1
BI,uacgam[c]__Org1,met,Org1
BI,udcpp[c]__Org1,met,Org1
BI,ump[c]__Org1,met,Org1
BI,unaga[c]__Org1,met,Org1
BI,ACGAMt2__Org1,rxn,Org1
BI,acgam[e]__Org1,met,Org1
BI,acgam[c]__Org1,met,Org1
BI,h[c]__Org1,met,Org1
BI,h[e]__Org1,met,Org1
BI,ACGApts__Org1,rxn,Org1
BI,pep[c]__Org1,met,Org1
BI,acgam6p[c]__Org1,met,Org1
BI,acgam[e]__Org1,met,Org1
BI,pyr[c]__Org1,met,Org1
BI,ACGK__Org1,rxn,Org1
BI,acg5p[c]__Org1,met,Org1
BI,acglu[c]__Org1,met,Org1
BI,adp[c]__Org1,met,Org1
BI,atp[c]__Org1,met,Org1
BI,ACGS__Org1,rxn,Org1
BI,glu_L[c]__Org1,met,Org1
BI,accoa[c]__Org1,met,Org1
BI,acglu[c]__Org1,met,Org1
BI,coa[c]__Org1,met,Org1
BI,h[c]__Org1,met,Org1
BI,ACHBPL__Org1,rxn,Org1
BI,2obut[c]__Org1,met,Org1
BI,hethmpp[c]__Org1,met,Org1
BI,2ahbut[c]__Org1,met,Org1
BI,thmpp[c]__Org1,met,Org1
BI,ACKr__Org1,rxn,Org1
BI,ac[c]__Org1,met,Org1
BI,actp[c]__Org1,met,Org1
BI,adp[c]__Org1,met,Org1
BI,atp[c]__Org1,met,Org1
BI,ACLDC__Org1,rxn,Org1
BI,actn_R[c]__Org1,met,Org1
BI,alac_S[c]__Org1,met,Org1
BI,co2[c]__Org1,met,Org1
BI,h[c]__Org1,met,Org1
BI,ACLS_a__Org1,rxn,Org1
BI,co2[c]__Org1,met,Org1
BI,h[c]__Org1,met,Org1
BI,hethmpp[c]__Org1,met,Org1
BI,pyr[c]__Org1,met,Org1
BI,thmpp[c]__Org1,met,Org1
BI,ACLS_b__Org1,rxn,Org1
BI,alac_S[c]__Org1,met,Org1
BI,hethmpp[c]__Org1,met,Org1
BI,pyr[c]__Org1,met,Org1
BI,thmpp[c]__Org1,met,Org1
BI,ACNAMabc__Org1,rxn,Org1
BI,acnam[c]__Org1,met,Org1
BI,acnam[e]__Org1,met,Org1
BI,adp[c]__Org1,met,Org1
BI,atp[c]__Org1,met,Org1
BI,h2o[c]__Org1,met,Org1
BI,h[c]__Org1,met,Org1
BI,pi[c]__Org1,met,Org1
BI,ACNML__Org1,rxn,Org1
BI,acmana[c]__Org1,met,Org1
BI,acnam[c]__Org1,met,Org1
BI,pyr[c]__Org1,met,Org1
BI,ACOAAGPAT140__Org1,rxn,Org1
BI,1tdecg3p[c]__Org1,met,Org1
BI,pa140[c]__Org1,met,Org1
BI,tdcoa[c]__Org1,met,Org1
BI,coa[c]__Org1,met,Org1
BI,ACOAAGPAT160__Org1,rxn,Org1
BI,1hdecg3p[c]__Org1,met,Org1
BI,pa160[c]__Org1,met,Org1
BI,pmtcoa[c]__Org1,met,Org1
BI,coa[c]__Org1,met,Org1
BI,ACOAAGPAT180__Org1,rxn,Org1
BI,1odecg3p[c]__Org1,met,Org1
BI,pa180[c]__Org1,met,Org1
BI,stcoa[c]__Org1,met,Org1
BI,coa[c]__Org1,met,Org1
BI,ACOAAGPATAI15__Org1,rxn,Org1
BI,1aipdecg3p[c]__Org1,met,Org1
BI,aipdcoa[c]__Org1,met,Org1
BI,paai15[c]__Org1,met,Org1
BI,coa[c]__Org1,met,Org1
BI,h[c]__Org1,met,Org1
BI,ACOAAGPATAI17__Org1,rxn,Org1
BI,1aihpdecg3p[c]__Org1,met,Org1
BI,aihpdcoa[c]__Org1,met,Org1
BI,paai17[c]__Org1,met,Org1
BI,coa[c]__Org1,met,Org1
BI,ACOAAGPATI14__Org1,rxn,Org1
BI,1itdecg3p[c]__Org1,met,Org1
BI,itdcoa[c]__Org1,met,Org1
BI,pai14[c]__Org1,met,Org1
BI,coa[c]__Org1,met,Org1
BI,h[c]__Org1,met,Org1
BI,ACOAAGPATI15__Org1,rxn,Org1
BI,1ipdecg3p[c]__Org1,met,Org1
BI,ipdcoa[c]__Org1,met,Org1
BI,pai15[c]__Org1,met,Org1
BI,coa[c]__Org1,met,Org1
BI,h[c]__Org1,met,Org1
BI,ACOAAGPATI16__Org1,rxn,Org1
BI,1ihdecg3p[c]__Org1,met,Org1
BI,ihdcoa[c]__Org1,met,Org1
BI,pai16[c]__Org1,met,Org1
BI,coa[c]__Org1,met,Org1
BI,h[c]__Org1,met,Org1
BI,ACOAAGPATI17__Org1,rxn,Org1
BI,1ihpdecg3p[c]__Org1,met,Org1
BI,ihpdcoa[c]__Org1,met,Org1
BI,pai17[c]__Org1,met,Org1
BI,coa[c]__Org1,met,Org1
BI,ACOCT__Org1,rxn,Org1
BI,Naccitr_L[c]__Org1,met,Org1
BI,acorn[c]__Org1,met,Org1
BI,cbp[c]__Org1,met,Org1
BI,pi[c]__Org1,met,Org1
BI,ACODAr__Org1,rxn,Org1
BI,orn[c]__Org1,met,Org1
BI,ac[c]__Org1,met,Org1
BI,acorn[c]__Org1,met,Org1
BI,h2o[c]__Org1,met,Org1
BI,ACONTa__Org1,rxn,Org1
BI,acon_C[c]__Org1,met,Org1
BI,cit[c]__Org1,met,Org1
BI,h2o[c]__Org1,met,Org1
BI,ACONTb__Org1,rxn,Org1
BI,icit[c]__Org1,met,Org1
BI,acon_C[c]__Org1,met,Org1
BI,h2o[c]__Org1,met,Org1
BI,ACOTA__Org1,rxn,Org1
BI,acg5sa[c]__Org1,met,Org1
BI,akg[c]__Org1,met,Org1
BI,acorn[c]__Org1,met,Org1
BI,glu_L[c]__Org1,met,Org1
BI,ACPS1__Org1,rxn,Org1
BI,ACP[c]__Org1,met,Org1
BI,apoACP[c]__Org1,met,Org1
BI,pap[c]__Org1,met,Org1
BI,coa[c]__Org1,met,Org1
BI,h[c]__Org1,met,Org1
BI,ACYP__Org1,rxn,Org1
BI,13dpg[c]__Org1,met,Org1
BI,3pg[c]__Org1,met,Org1
BI,h2o[c]__Org1,met,Org1
BI,h[c]__Org1,met,Org1
BI,pi[c]__Org1,met,Org1
BI,ACYP_2__Org1,rxn,Org1
BI,ac[c]__Org1,met,Org1
BI,actp[c]__Org1,met,Org1
BI,h2o[c]__Org1,met,Org1
BI,h[c]__Org1,met,Org1
BI,pi[c]__Org1,met,Org1
BI,ACtr__Org1,rxn,Org1
BI,ac[e]__Org1,met,Org1
BI,ac[c]__Org1,met,Org1
BI,ADCL__Org1,rxn,Org1
BI,4adcho[c]__Org1,met,Org1
BI,4abz[c]__Org1,met,Org1
BI,h[c]__Org1,met,Org1
BI,pyr[c]__Org1,met,Org1
BI,ADCS__Org1,rxn,Org1
BI,chor[c]__Org1,met,Org1
BI,gln_L[c]__Org1,met,Org1
BI,4adcho[c]__Org1,met,Org1
BI,glu_L[c]__Org1,met,Org1
BI,ADK1__Org1,rxn,Org1
BI,amp[c]__Org1,met,Org1
BI,adp[c]__Org1,met,Org1
BI,atp[c]__Org1,met,Org1
BI,ADK10__Org1,rxn,Org1
BI,dtdp[c]__Org1,met,Org1
BI,dttp[c]__Org1,met,Org1
BI,adp[c]__Org1,met,Org1
BI,amp[c]__Org1,met,Org1
BI,ADK11__Org1,rxn,Org1
BI,dudp[c]__Org1,met,Org1
BI,dutp[c]__Org1,met,Org1
BI,adp[c]__Org1,met,Org1
BI,amp[c]__Org1,met,Org1
BI,ADK2__Org1,rxn,Org1
BI,ppi[c]__Org1,met,Org1
BI,pppi[c]__Org1,met,Org1
BI,adp[c]__Org1,met,Org1
BI,amp[c]__Org1,met,Org1
BI,ADK3__Org1,rxn,Org1
BI,gdp[c]__Org1,met,Org1
BI,gtp[c]__Org1,met,Org1
BI,adp[c]__Org1,met,Org1
BI,amp[c]__Org1,met,Org1
BI,ADK5__Org1,rxn,Org1
BI,cdp[c]__Org1,met,Org1
BI,ctp[c]__Org1,met,Org1
BI,adp[c]__Org1,met,Org1
BI,amp[c]__Org1,met,Org1
BI,ADK7__Org1,rxn,Org1
BI,dadp[c]__Org1,met,Org1
BI,datp[c]__Org1,met,Org1
BI,adp[c]__Org1,met,Org1
BI,amp[c]__Org1,met,Org1
BI,ADK8__Org1,rxn,Org1
BI,dcdp[c]__Org1,met,Org1
BI,dctp[c]__Org1,met,Org1
BI,adp[c]__Org1,met,Org1
BI,amp[c]__Org1,met,Org1
BI,ADK9__Org1,rxn,Org1
BI,dgdp[c]__Org1,met,Org1
BI,dgtp[c]__Org1,met,Org1
BI,adp[c]__Org1,met,Org1
BI,amp[c]__Org1,met,Org1
BI,ADNCYC__Org1,rxn,Org1
BI,camp[c]__Org1,met,Org1
BI,atp[c]__Org1,met,Org1
BI,ppi[c]__Org1,met,Org1
BI,ADNUC__Org1,rxn,Org1
BI,ade[c]__Org1,met,Org1
BI,adn[c]__Org1,met,Org1
BI,rib_D[c]__Org1,met,Org1
BI,h2o[c]__Org1,met,Org1
BI,ADPT__Org1,rxn,Org1
BI,prpp[c]__Org1,met,Org1
BI,ade[c]__Org1,met,Org1
BI,amp[c]__Org1,met,Org1
BI,ppi[c]__Org1,met,Org1
BI,ADSL1r__Org1,rxn,Org1
BI,dcamp[c]__Org1,met,Org1
BI,fum[c]__Org1,met,Org1
BI,amp[c]__Org1,met,Org1
BI,ADSL2r__Org1,rxn,Org1
BI,25aics[c]__Org1,met,Org1
BI,aicar[c]__Org1,met,Org1
BI,fum[c]__Org1,met,Org1
BI,ADSS__Org1,rxn,Org1
BI,asp_L[c]__Org1,met,Org1
BI,imp[c]__Org1,met,Org1
BI,dcamp[c]__Org1,met,Org1
BI,gdp[c]__Org1,met,Org1
BI,gtp[c]__Org1,met,Org1
BI,h[c]__Org1,met,Org1
BI,pi[c]__Org1,met,Org1
BI,AGDC__Org1,rxn,Org1
BI,gam6p[c]__Org1,met,Org1
BI,ac[c]__Org1,met,Org1
BI,acgam6p[c]__Org1,met,Org1
BI,h2o[c]__Org1,met,Org1
BI,AGPAT120__Org1,rxn,Org1
BI,1ddecg3p[c]__Org1,met,Org1
BI,ddcaACP[c]__Org1,met,Org1
BI,pa120[c]__Org1,met,Org1
BI,ACP[c]__Org1,met,Org1
BI,AGPAT140__Org1,rxn,Org1
BI,myrsACP[c]__Org1,met,Org1
BI,1tdecg3p[c]__Org1,met,Org1
BI,ACP[c]__Org1,met,Org1
BI,pa140[c]__Org1,met,Org1
BI,AGPAT141__Org1,rxn,Org1
BI,1tdec7eg3p[c]__Org1,met,Org1
BI,pa141[c]__Org1,met,Org1
BI,tdeACP[c]__Org1,met,Org1
BI,ACP[c]__Org1,met,Org1
BI,AGPAT160__Org1,rxn,Org1
BI,palmACP[c]__Org1,met,Org1
BI,1hdecg3p[c]__Org1,met,Org1
BI,ACP[c]__Org1,met,Org1
BI,pa160[c]__Org1,met,Org1
BI,AGPAT161__Org1,rxn,Org1
BI,1hdec9eg3p[c]__Org1,met,Org1
BI,hdeACP[c]__Org1,met,Org1
BI,pa161[c]__Org1,met,Org1
BI,ACP[c]__Org1,met,Org1
BI,AGPAT180__Org1,rxn,Org1
BI,ocdcaACP[c]__Org1,met,Org1
BI,1odecg3p[c]__Org1,met,Org1
BI,ACP[c]__Org1,met,Org1
BI,pa180[c]__Org1,met,Org1
BI,AGPAT181__Org1,rxn,Org1
BI,1odec11eg3p[c]__Org1,met,Org1
BI,octeACP[c]__Org1,met,Org1
BI,pa181[c]__Org1,met,Org1
BI,ACP[c]__Org1,met,Org1
BI,AGPR__Org1,rxn,Org1
BI,acg5p[c]__Org1,met,Org1
BI,acg5sa[c]__Org1,met,Org1
BI,h[c]__Org1,met,Org1
BI,nadp[c]__Org1,met,Org1
BI,nadph[c]__Org1,met,Org1
BI,pi[c]__Org1,met,Org1
BI,AHC__Org1,rxn,Org1
BI,hcys_L[c]__Org1,met,Org1
BI,adn[c]__Org1,met,Org1
BI,ahcys[c]__Org1,met,Org1
BI,h2o[c]__Org1,met,Org1
BI,AHCYSNS_r__Org1,rxn,Org1
BI,rhcys[c]__Org1,met,Org1
BI,ade[c]__Org1,met,Org1
BI,ahcys[c]__Org1,met,Org1
BI,h2o[c]__Org1,met,Org1
BI,AHEXASE3__Org1,rxn,Org1
BI,chtbs[c]__Org1,met,Org1
BI,acgam[c]__Org1,met,Org1
BI,h2o[c]__Org1,met,Org1
BI,AHSERL2__Org1,rxn,Org1
BI,achms[c]__Org1,met,Org1
BI,h2s[c]__Org1,met,Org1
BI,ac[c]__Org1,met,Org1
BI,h[c]__Org1,met,Org1
BI,hcys_L[c]__Org1,met,Org1
BI,AHSERL3__Org1,rxn,Org1
BI,so3[c]__Org1,met,Org1
BI,trdox[c]__Org1,met,Org1
BI,trdrd[c]__Org1,met,Org1
BI,tsul[c]__Org1,met,Org1
BI,ac[c]__Org1,met,Org1
BI,achms[c]__Org1,met,Org1
BI,h[c]__Org1,met,Org1
BI,hcys_L[c]__Org1,met,Org1
BI,AICART__Org1,rxn,Org1
BI,10fthf[c]__Org1,met,Org1
BI,fprica[c]__Org1,met,Org1
BI,thf[c]__Org1,met,Org1
BI,aicar[c]__Org1,met,Org1
BI,AIRC4__Org1,rxn,Org1
BI,hco3[c]__Org1,met,Org1
BI,5aizc[c]__Org1,met,Org1
BI,adp[c]__Org1,met,Org1
BI,air[c]__Org1,met,Org1
BI,atp[c]__Org1,met,Org1
BI,h[c]__Org1,met,Org1
BI,pi[c]__Org1,met,Org1
BI,AKGS__Org1,rxn,Org1
BI,succoa[c]__Org1,met,Org1
BI,akg[c]__Org1,met,Org1
BI,co2[c]__Org1,met,Org1
BI,coa[c]__Org1,met,Org1
BI,nad[c]__Org1,met,Org1
BI,nadh[c]__Org1,met,Org1
BI,AKP1__Org1,rxn,Org1
BI,ahdt[c]__Org1,met,Org1
BI,dhnpt[c]__Org1,met,Org1
BI,h2o[c]__Org1,met,Org1
BI,h[c]__Org1,met,Org1
BI,pi[c]__Org1,met,Org1
BI,AKVALS__Org1,rxn,Org1
BI,akval[c]__Org1,met,Org1
BI,2obut[c]__Org1,met,Org1
BI,accoa[c]__Org1,met,Org1
BI,co2[c]__Org1,met,Org1
BI,coa[c]__Org1,met,Org1
BI,h2o[c]__Org1,met,Org1
BI,h[c]__Org1,met,Org1
BI,nad[c]__Org1,met,Org1
BI,nadh[c]__Org1,met,Org1
BI,ALAALA__Org1,rxn,Org1
BI,ala_D[c]__Org1,met,Org1
BI,alaala[c]__Org1,met,Org1
BI,adp[c]__Org1,met,Org1
BI,atp[c]__Org1,met,Org1
BI,h[c]__Org1,met,Org1
BI,pi[c]__Org1,met,Org1
BI,ALAASP1c__Org1,rxn,Org1
BI,ala_L[c]__Org1,met,Org1
BI,alaasp[c]__Org1,met,Org1
BI,asp_L[c]__Org1,met,Org1
BI,h2o[c]__Org1,met,Org1
BI,ALAASPabc__Org1,rxn,Org1
BI,alaasp[e]__Org1,met,Org1
BI,adp[c]__Org1,met,Org1
BI,alaasp[c]__Org1,met,Org1
BI,atp[c]__Org1,met,Org1
BI,h2o[c]__Org1,met,Org1
BI,h[c]__Org1,met,Org1
BI,pi[c]__Org1,met,Org1
BI,ALACI__Org1,rxn,Org1
BI,33hmeoxobut[c]__Org1,met,Org1
BI,alac_S[c]__Org1,met,Org1
BI,ALAGLN1c__Org1,rxn,Org1
BI,alagln[c]__Org1,met,Org1
BI,ala_L[c]__Org1,met,Org1
BI,gln_L[c]__Org1,met,Org1
BI,h2o[c]__Org1,met,Org1
BI,ALAGLNabc__Org1,rxn,Org1
BI,alagln[e]__Org1,met,Org1
BI,adp[c]__Org1,met,Org1
BI,alagln[c]__Org1,met,Org1
BI,atp[c]__Org1,met,Org1
BI,h2o[c]__Org1,met,Org1
BI,h[c]__Org1,met,Org1
BI,pi[c]__Org1,met,Org1
BI,ALAGLU1c__Org1,rxn,Org1
BI,alaglu[c]__Org1,met,Org1
BI,ala_L[c]__Org1,met,Org1
BI,glu_L[c]__Org1,met,Org1
BI,h2o[c]__Org1,met,Org1
BI,ALAGLUabc__Org1,rxn,Org1
BI,alaglu[e]__Org1,met,Org1
BI,adp[c]__Org1,met,Org1
BI,alaglu[c]__Org1,met,Org1
BI,atp[c]__Org1,met,Org1
BI,h2o[c]__Org1,met,Org1
BI,h[c]__Org1,met,Org1
BI,pi[c]__Org1,met,Org1
BI,ALAGLY1c__Org1,rxn,Org1
BI,alagly[c]__Org1,met,Org1
BI,ala_L[c]__Org1,met,Org1
BI,gly[c]__Org1,met,Org1
BI,h2o[c]__Org1,met,Org1
BI,ALAGLYabc__Org1,rxn,Org1
BI,alagly[e]__Org1,met,Org1
BI,adp[c]__Org1,met,Org1
BI,alagly[c]__Org1,met,Org1
BI,atp[c]__Org1,met,Org1
BI,h2o[c]__Org1,met,Org1
BI,h[c]__Org1,met,Org1
BI,pi[c]__Org1,met,Org1
BI,ALAHIS1c__Org1,rxn,Org1
BI,alahis[c]__Org1,met,Org1
BI,his_L[c]__Org1,met,Org1
BI,ala_L[c]__Org1,met,Org1
BI,h2o[c]__Org1,met,Org1
BI,ALAHISabc__Org1,rxn,Org1
BI,alahis[e]__Org1,met,Org1
BI,adp[c]__Org1,met,Org1
BI,alahis[c]__Org1,met,Org1
BI,atp[c]__Org1,met,Org1
BI,h2o[c]__Org1,met,Org1
BI,h[c]__Org1,met,Org1
BI,pi[c]__Org1,met,Org1
BI,ALALEU1c__Org1,rxn,Org1
BI,alaleu[c]__Org1,met,Org1
BI,leu_L[c]__Org1,met,Org1
BI,ala_L[c]__Org1,met,Org1
BI,h2o[c]__Org1,met,Org1
BI,ALALEUabc__Org1,rxn,Org1
BI,alaleu[e]__Org1,met,Org1
BI,adp[c]__Org1,met,Org1
BI,alaleu[c]__Org1,met,Org1
BI,atp[c]__Org1,met,Org1
BI,h2o[c]__Org1,met,Org1
BI,h[c]__Org1,met,Org1
BI,pi[c]__Org1,met,Org1
BI,ALAPGPL__Org1,rxn,Org1
BI,prl45tca[c]__Org1,met,Org1
BI,prl45tcaala[c]__Org1,met,Org1
BI,ala_D[c]__Org1,met,Org1
BI,amp[c]__Org1,met,Org1
BI,atp[c]__Org1,met,Org1
BI,h2o[c]__Org1,met,Org1
BI,ppi[c]__Org1,met,Org1
BI,ALAR__Org1,rxn,Org1
BI,ala_D[c]__Org1,met,Org1
BI,ala_L[c]__Org1,met,Org1
BI,ALATA_L__Org1,rxn,Org1
BI,akg[c]__Org1,met,Org1
BI,ala_L[c]__Org1,met,Org1
BI,glu_L[c]__Org1,met,Org1
BI,pyr[c]__Org1,met,Org1
BI,ALATHR1c__Org1,rxn,Org1
BI,alathr[c]__Org1,met,Org1
BI,thr_L[c]__Org1,met,Org1
BI,ala_L[c]__Org1,met,Org1
BI,h2o[c]__Org1,met,Org1
BI,ALATHRabc__Org1,rxn,Org1
BI,alathr[e]__Org1,met,Org1
BI,adp[c]__Org1,met,Org1
BI,alathr[c]__Org1,met,Org1
BI,atp[c]__Org1,met,Org1
BI,h2o[c]__Org1,met,Org1
BI,h[c]__Org1,met,Org1
BI,pi[c]__Org1,met,Org1
BI,ALCD19__Org1,rxn,Org1
BI,glyald[c]__Org1,met,Org1
BI,glyc[c]__Org1,met,Org1
BI,h[c]__Org1,met,Org1
BI,nad[c]__Org1,met,Org1
BI,nadh[c]__Org1,met,Org1
BI,ALCD2x__Org1,rxn,Org1
BI,etoh[c]__Org1,met,Org1
BI,acald[c]__Org1,met,Org1
BI,h[c]__Org1,met,Org1
BI,nad[c]__Org1,met,Org1
BI,nadh[c]__Org1,met,Org1
BI,ALDD2x__Org1,rxn,Org1
BI,ac[c]__Org1,met,Org1
BI,acald[c]__Org1,met,Org1
BI,h2o[c]__Org1,met,Org1
BI,h[c]__Org1,met,Org1
BI,nad[c]__Org1,met,Org1
BI,nadh[c]__Org1,met,Org1
BI,ALDD8x__Org1,rxn,Org1
BI,glyc_R[c]__Org1,met,Org1
BI,glyald[c]__Org1,met,Org1
BI,h2o[c]__Org1,met,Org1
BI,h[c]__Org1,met,Org1
BI,nad[c]__Org1,met,Org1
BI,nadh[c]__Org1,met,Org1
BI,ALKP__Org1,rxn,Org1
BI,dha[c]__Org1,met,Org1
BI,dhap[c]__Org1,met,Org1
BI,h2o[c]__Org1,met,Org1
BI,pi[c]__Org1,met,Org1
BI,ALKP_R788e__Org1,rxn,Org1
BI,co2[e]__Org1,met,Org1
BI,o2[e]__Org1,met,Org1
BI,r406[e]__Org1,met,Org1
BI,r788[e]__Org1,met,Org1
BI,h[c]__Org1,met,Org1
BI,pi[c]__Org1,met,Org1
BI,AMALT1__Org1,rxn,Org1
BI,glc_D[c]__Org1,met,Org1
BI,malt[c]__Org1,met,Org1
BI,malttr[c]__Org1,met,Org1
BI,maltttr[c]__Org1,met,Org1
BI,AMALT2__Org1,rxn,Org1
BI,maltpt[c]__Org1,met,Org1
BI,glc_D[c]__Org1,met,Org1
BI,malt[c]__Org1,met,Org1
BI,maltttr[c]__Org1,met,Org1
BI,AMALT3__Org1,rxn,Org1
BI,malthx[c]__Org1,met,Org1
BI,glc_D[c]__Org1,met,Org1
BI,malt[c]__Org1,met,Org1
BI,maltpt[c]__Org1,met,Org1
BI,AMALT4__Org1,rxn,Org1
BI,malthp[c]__Org1,met,Org1
BI,glc_D[c]__Org1,met,Org1
BI,malt[c]__Org1,met,Org1
BI,malthx[c]__Org1,met,Org1
BI,AMANAPEr__Org1,rxn,Org1
BI,acmanap[c]__Org1,met,Org1
BI,acgam6p[c]__Org1,met,Org1
BI,AMANK__Org1,rxn,Org1
BI,acmana[c]__Org1,met,Org1
BI,acmanap[c]__Org1,met,Org1
BI,adp[c]__Org1,met,Org1
BI,atp[c]__Org1,met,Org1
BI,h[c]__Org1,met,Org1
BI,AMPMS2__Org1,rxn,Org1
BI,4ampm[c]__Org1,met,Org1
BI,for[c]__Org1,met,Org1
BI,air[c]__Org1,met,Org1
BI,h2o[c]__Org1,met,Org1
BI,h[c]__Org1,met,Org1
BI,nad[c]__Org1,met,Org1
BI,nadh[c]__Org1,met,Org1
BI,AMPTASECG__Org1,rxn,Org1
BI,cgly[c]__Org1,met,Org1
BI,cys_L[c]__Org1,met,Org1
BI,gly[c]__Org1,met,Org1
BI,h2o[c]__Org1,met,Org1
BI,AMPTASEGC__Org1,rxn,Org1
BI,glycys[c]__Org1,met,Org1
BI,cys_L[c]__Org1,met,Org1
BI,gly[c]__Org1,met,Org1
BI,h2o[c]__Org1,met,Org1
BI,ANPRT__Org1,rxn,Org1
BI,anth[c]__Org1,met,Org1
BI,pran[c]__Org1,met,Org1
BI,ppi[c]__Org1,met,Org1
BI,prpp[c]__Org1,met,Org1
BI,ANS__Org1,rxn,Org1
BI,anth[c]__Org1,met,Org1
BI,chor[c]__Org1,met,Org1
BI,gln_L[c]__Org1,met,Org1
BI,glu_L[c]__Org1,met,Org1
BI,h[c]__Org1,met,Org1
BI,pyr[c]__Org1,met,Org1
BI,ANS2__Org1,rxn,Org1
BI,nh4[c]__Org1,met,Org1
BI,anth[c]__Org1,met,Org1
BI,chor[c]__Org1,met,Org1
BI,h2o[c]__Org1,met,Org1
BI,h[c]__Org1,met,Org1
BI,pyr[c]__Org1,met,Org1
BI,AOBUTDs__Org1,rxn,Org1
BI,2aobut[c]__Org1,met,Org1
BI,aact[c]__Org1,met,Org1
BI,co2[c]__Org1,met,Org1
BI,h[c]__Org1,met,Org1
BI,APRAUR__Org1,rxn,Org1
BI,5aprbu[c]__Org1,met,Org1
BI,5apru[c]__Org1,met,Org1
BI,h[c]__Org1,met,Org1
BI,nadp[c]__Org1,met,Org1
BI,nadph[c]__Org1,met,Org1
BI,ARABASE3e__Org1,rxn,Org1
BI,arab_L[e]__Org1,met,Org1
BI,arabttr[e]__Org1,met,Org1
BI,h2o[e]__Org1,met,Org1
BI,ARABINOGALASEe__Org1,rxn,Org1
BI,arabinogal[e]__Org1,met,Org1
BI,gal[e]__Org1,met,Org1
BI,glcur[e]__Org1,met,Org1
BI,arab_L[e]__Org1,met,Org1
BI,h2o[e]__Org1,met,Org1
BI,h[e]__Org1,met,Org1
BI,ARBTpts__Org1,rxn,Org1
BI,arbt6p[c]__Org1,met,Org1
BI,arbt[e]__Org1,met,Org1
BI,pep[c]__Org1,met,Org1
BI,pyr[c]__Org1,met,Org1
BI,ARBabc__Org1,rxn,Org1
BI,adp[c]__Org1,met,Org1
BI,arab_L[c]__Org1,met,Org1
BI,arab_L[e]__Org1,met,Org1
BI,atp[c]__Org1,met,Org1
BI,h2o[c]__Org1,met,Org1
BI,h[c]__Org1,met,Org1
BI,pi[c]__Org1,met,Org1
BI,ARBt2r__Org1,rxn,Org1
BI,arab_L[c]__Org1,met,Org1
BI,arab_L[e]__Org1,met,Org1
BI,h[c]__Org1,met,Org1
BI,h[e]__Org1,met,Org1
BI,ARGSL__Org1,rxn,Org1
BI,arg_L[c]__Org1,met,Org1
BI,argsuc[c]__Org1,met,Org1
BI,fum[c]__Org1,met,Org1
BI,ARGSS__Org1,rxn,Org1
BI,citr_L[c]__Org1,met,Org1
BI,amp[c]__Org1,met,Org1
BI,argsuc[c]__Org1,met,Org1
BI,asp_L[c]__Org1,met,Org1
BI,atp[c]__Org1,met,Org1
BI,h[c]__Org1,met,Org1
BI,ppi[c]__Org1,met,Org1
BI,ASAD__Org1,rxn,Org1
BI,4pasp[c]__Org1,met,Org1
BI,aspsa[c]__Org1,met,Org1
BI,h[c]__Org1,met,Org1
BI,nadp[c]__Org1,met,Org1
BI,nadph[c]__Org1,met,Org1
BI,pi[c]__Org1,met,Org1
BI,ASNt2r__Org1,rxn,Org1
BI,asn_L[c]__Org1,met,Org1
BI,asn_L[e]__Org1,met,Org1
BI,h[c]__Org1,met,Org1
BI,h[e]__Org1,met,Org1
BI,ASPCT__Org1,rxn,Org1
BI,cbasp[c]__Org1,met,Org1
BI,asp_L[c]__Org1,met,Org1
BI,cbp[c]__Org1,met,Org1
BI,h[c]__Org1,met,Org1
BI,pi[c]__Org1,met,Org1
BI,ASPKi__Org1,rxn,Org1
BI,4pasp[c]__Org1,met,Org1
BI,adp[c]__Org1,met,Org1
BI,asp_L[c]__Org1,met,Org1
BI,atp[c]__Org1,met,Org1
BI,ASPO1__Org1,rxn,Org1
BI,h2o2[c]__Org1,met,Org1
BI,o2[c]__Org1,met,Org1
BI,oaa[c]__Org1,met,Org1
BI,asp_L[c]__Org1,met,Org1
BI,h2o[c]__Org1,met,Org1
BI,nh4[c]__Org1,met,Org1
BI,ASPO6__Org1,rxn,Org1
BI,iasp[c]__Org1,met,Org1
BI,asp_L[c]__Org1,met,Org1
BI,h2o2[c]__Org1,met,Org1
BI,h[c]__Org1,met,Org1
BI,o2[c]__Org1,met,Org1
BI,ASPO7__Org1,rxn,Org1
BI,fmn[c]__Org1,met,Org1
BI,fmnh2[c]__Org1,met,Org1
BI,asp_L[c]__Org1,met,Org1
BI,h[c]__Org1,met,Org1
BI,iasp[c]__Org1,met,Org1
BI,ASPT__Org1,rxn,Org1
BI,asp_L[c]__Org1,met,Org1
BI,fum[c]__Org1,met,Org1
BI,nh4[c]__Org1,met,Org1
BI,ASPTA__Org1,rxn,Org1
BI,akg[c]__Org1,met,Org1
BI,asp_L[c]__Org1,met,Org1
BI,glu_L[c]__Org1,met,Org1
BI,oaa[c]__Org1,met,Org1
BI,ATPPRT__Org1,rxn,Org1
BI,prbatp[c]__Org1,met,Org1
BI,atp[c]__Org1,met,Org1
BI,ppi[c]__Org1,met,Org1
BI,prpp[c]__Org1,met,Org1
BI,ATPS4__Org1,rxn,Org1
BI,adp[c]__Org1,met,Org1
BI,atp[c]__Org1,met,Org1
BI,h2o[c]__Org1,met,Org1
BI,h[c]__Org1,met,Org1
BI,h[e]__Org1,met,Org1
BI,pi[c]__Org1,met,Org1
BI,BACCLi__Org1,rxn,Org1
BI,btamp[c]__Org1,met,Org1
BI,btn[c]__Org1,met,Org1
BI,atp[c]__Org1,met,Org1
BI,h[c]__Org1,met,Org1
BI,ppi[c]__Org1,met,Org1
BI,BGLA__Org1,rxn,Org1
BI,cellb[c]__Org1,met,Org1
BI,glc_D[c]__Org1,met,Org1
BI,h2o[c]__Org1,met,Org1
BI,BIACt1__Org1,rxn,Org1
BI,cholate[c]__Org1,met,Org1
BI,cholate[e]__Org1,met,Org1
BI,h[c]__Org1,met,Org1
BI,h[e]__Org1,met,Org1
BI,BIACt2__Org1,rxn,Org1
BI,C02528[c]__Org1,met,Org1
BI,C02528[e]__Org1,met,Org1
BI,h[c]__Org1,met,Org1
BI,h[e]__Org1,met,Org1
BI,BPNT__Org1,rxn,Org1
BI,amp[c]__Org1,met,Org1
BI,h2o[c]__Org1,met,Org1
BI,pap[c]__Org1,met,Org1
BI,pi[c]__Org1,met,Org1
BI,BTNCLi__Org1,rxn,Org1
BI,adp[c]__Org1,met,Org1
BI,apoC_Lys_btn[c]__Org1,met,Org1
BI,atp[c]__Org1,met,Org1
BI,btn_co2[c]__Org1,met,Org1
BI,h[c]__Org1,met,Org1
BI,hco3[c]__Org1,met,Org1
BI,pi[c]__Org1,met,Org1
BI,BTNT5r__Org1,rxn,Org1
BI,btn[e]__Org1,met,Org1
BI,btn[c]__Org1,met,Org1
BI,BTNabc__Org1,rxn,Org1
BI,adp[c]__Org1,met,Org1
BI,atp[c]__Org1,met,Org1
BI,btn[c]__Org1,met,Org1
BI,btn[e]__Org1,met,Org1
BI,h2o[c]__Org1,met,Org1
BI,h[c]__Org1,met,Org1
BI,pi[c]__Org1,met,Org1
BI,BUTAMt2r__Org1,rxn,Org1
BI,butam[c]__Org1,met,Org1
BI,butam[e]__Org1,met,Org1
BI,h[c]__Org1,met,Org1
BI,h[e]__Org1,met,Org1
BI,CA2abc__Org1,rxn,Org1
BI,ca2[c]__Org1,met,Org1
BI,ca2[e]__Org1,met,Org1
BI,adp[c]__Org1,met,Org1
BI,atp[c]__Org1,met,Org1
BI,h2o[c]__Org1,met,Org1
BI,h[c]__Org1,met,Org1
BI,pi[c]__Org1,met,Org1
BI,CBLAT__Org1,rxn,Org1
BI,adocbl[c]__Org1,met,Org1
BI,cbl1[c]__Org1,met,Org1
BI,atp[c]__Org1,met,Org1
BI,h[c]__Org1,met,Org1
BI,pppi[c]__Org1,met,Org1
BI,CBLTDe__Org1,rxn,Org1
BI,adocbl[e]__Org1,met,Org1
BI,adocbl[c]__Org1,met,Org1
BI,CBLtle__Org1,rxn,Org1
BI,adocbl[c]__Org1,met,Org1
BI,adocbl[e]__Org1,met,Org1
BI,CBPS__Org1,rxn,Org1
BI,adp[c]__Org1,met,Org1
BI,atp[c]__Org1,met,Org1
BI,cbp[c]__Org1,met,Org1
BI,gln_L[c]__Org1,met,Org1
BI,glu_L[c]__Org1,met,Org1
BI,h2o[c]__Org1,met,Org1
BI,h[c]__Org1,met,Org1
BI,hco3[c]__Org1,met,Org1
BI,pi[c]__Org1,met,Org1
BI,CBl1te__Org1,rxn,Org1
BI,cbl1[e]__Org1,met,Org1
BI,cbl1[c]__Org1,met,Org1
BI,CD2abc1__Org1,rxn,Org1
BI,cd2[c]__Org1,met,Org1
BI,cd2[e]__Org1,met,Org1
BI,adp[c]__Org1,met,Org1
BI,atp[c]__Org1,met,Org1
BI,h2o[c]__Org1,met,Org1
BI,h[c]__Org1,met,Org1
BI,pi[c]__Org1,met,Org1
BI,CDPGLYCGPT__Org1,rxn,Org1
BI,acbdma14gapuc[c]__Org1,met,Org1
BI,cdpglyc[c]__Org1,met,Org1
BI,cmp[c]__Org1,met,Org1
BI,h[c]__Org1,met,Org1
BI,prl45tca[c]__Org1,met,Org1
BI,CDPMEK__Org1,rxn,Org1
BI,2p4c2me[c]__Org1,met,Org1
BI,4c2me[c]__Org1,met,Org1
BI,adp[c]__Org1,met,Org1
BI,atp[c]__Org1,met,Org1
BI,h[c]__Org1,met,Org1
BI,CGLYabc__Org1,rxn,Org1
BI,cgly[e]__Org1,met,Org1
BI,adp[c]__Org1,met,Org1
BI,atp[c]__Org1,met,Org1
BI,cgly[c]__Org1,met,Org1
BI,h2o[c]__Org1,met,Org1
BI,h[c]__Org1,met,Org1
BI,pi[c]__Org1,met,Org1
BI,CHORM__Org1,rxn,Org1
BI,pphn[c]__Org1,met,Org1
BI,chor[c]__Org1,met,Org1
BI,CHORS__Org1,rxn,Org1
BI,3psme[c]__Org1,met,Org1
BI,chor[c]__Org1,met,Org1
BI,pi[c]__Org1,met,Org1
BI,CO2t__Org1,rxn,Org1
BI,co2[c]__Org1,met,Org1
BI,co2[e]__Org1,met,Org1
BI,COBALTt5__Org1,rxn,Org1
BI,cobalt2[c]__Org1,met,Org1
BI,cobalt2[e]__Org1,met,Org1
BI,CPC4MT__Org1,rxn,Org1
BI,copre4[c]__Org1,met,Org1
BI,copre5[c]__Org1,met,Org1
BI,ahcys[c]__Org1,met,Org1
BI,amet[c]__Org1,met,Org1
BI,h[c]__Org1,met,Org1
BI,CPC5MT__Org1,rxn,Org1
BI,copre6[c]__Org1,met,Org1
BI,acald[c]__Org1,met,Org1
BI,ahcys[c]__Org1,met,Org1
BI,amet[c]__Org1,met,Org1
BI,copre5[c]__Org1,met,Org1
BI,h2o[c]__Org1,met,Org1
BI,h[c]__Org1,met,Org1
BI,CPPPGO__Org1,rxn,Org1
BI,cpppg3[c]__Org1,met,Org1
BI,pppg9[c]__Org1,met,Org1
BI,co2[c]__Org1,met,Org1
BI,h2o[c]__Org1,met,Org1
BI,h[c]__Org1,met,Org1
BI,o2[c]__Org1,met,Org1
BI,CTPS1__Org1,rxn,Org1
BI,utp[c]__Org1,met,Org1
BI,adp[c]__Org1,met,Org1
BI,atp[c]__Org1,met,Org1
BI,ctp[c]__Org1,met,Org1
BI,h[c]__Org1,met,Org1
BI,nh4[c]__Org1,met,Org1
BI,pi[c]__Org1,met,Org1
BI,CTPS2__Org1,rxn,Org1
BI,adp[c]__Org1,met,Org1
BI,atp[c]__Org1,met,Org1
BI,ctp[c]__Org1,met,Org1
BI,gln_L[c]__Org1,met,Org1
BI,glu_L[c]__Org1,met,Org1
BI,h2o[c]__Org1,met,Org1
BI,h[c]__Org1,met,Org1
BI,pi[c]__Org1,met,Org1
BI,utp[c]__Org1,met,Org1
BI,CYRDAR__Org1,rxn,Org1
BI,co1dam[c]__Org1,met,Org1
BI,co2dam[c]__Org1,met,Org1
BI,h[c]__Org1,met,Org1
BI,nad[c]__Org1,met,Org1
BI,nadh[c]__Org1,met,Org1
BI,CYSDS__Org1,rxn,Org1
BI,cys_L[c]__Org1,met,Org1
BI,h2o[c]__Org1,met,Org1
BI,h2s[c]__Org1,met,Org1
BI,nh4[c]__Org1,met,Org1
BI,pyr[c]__Org1,met,Org1
BI,CYSS__Org1,rxn,Org1
BI,acser[c]__Org1,met,Org1
BI,ac[c]__Org1,met,Org1
BI,cys_L[c]__Org1,met,Org1
BI,h2s[c]__Org1,met,Org1
BI,h[c]__Org1,met,Org1
BI,CYSS3r__Org1,rxn,Org1
BI,ac[c]__Org1,met,Org1
BI,acser[c]__Org1,met,Org1
BI,cys_L[c]__Org1,met,Org1
BI,h[c]__Org1,met,Org1
BI,so3[c]__Org1,met,Org1
BI,trdox[c]__Org1,met,Org1
BI,trdrd[c]__Org1,met,Org1
BI,tsul[c]__Org1,met,Org1
BI,CYSTGL__Org1,rxn,Org1
BI,cyst_L[c]__Org1,met,Org1
BI,2obut[c]__Org1,met,Org1
BI,cys_L[c]__Org1,met,Org1
BI,h2o[c]__Org1,met,Org1
BI,nh4[c]__Org1,met,Org1
BI,CYSTS__Org1,rxn,Org1
BI,ser_L[c]__Org1,met,Org1
BI,cyst_L[c]__Org1,met,Org1
BI,h2o[c]__Org1,met,Org1
BI,hcys_L[c]__Org1,met,Org1
BI,CYTDK3__Org1,rxn,Org1
BI,cytd[c]__Org1,met,Org1
BI,idp[c]__Org1,met,Org1
BI,itp[c]__Org1,met,Org1
BI,cmp[c]__Org1,met,Org1
BI,h[c]__Org1,met,Org1
BI,CYTK1__Org1,rxn,Org1
BI,adp[c]__Org1,met,Org1
BI,atp[c]__Org1,met,Org1
BI,cdp[c]__Org1,met,Org1
BI,cmp[c]__Org1,met,Org1
BI,CYTK2__Org1,rxn,Org1
BI,dcmp[c]__Org1,met,Org1
BI,adp[c]__Org1,met,Org1
BI,atp[c]__Org1,met,Org1
BI,dcdp[c]__Org1,met,Org1
BI,Cuabc__Org1,rxn,Org1
BI,cu2[c]__Org1,met,Org1
BI,cu2[e]__Org1,met,Org1
BI,adp[c]__Org1,met,Org1
BI,atp[c]__Org1,met,Org1
BI,h2o[c]__Org1,met,Org1
BI,h[c]__Org1,met,Org1
BI,pi[c]__Org1,met,Org1
BI,Cut1__Org1,rxn,Org1
BI,adp[c]__Org1,met,Org1
BI,atp[c]__Org1,met,Org1
BI,cu2[c]__Org1,met,Org1
BI,cu2[e]__Org1,met,Org1
BI,h2o[c]__Org1,met,Org1
BI,h[c]__Org1,met,Org1
BI,pi[c]__Org1,met,Org1
BI,DAPDA__Org1,rxn,Org1
BI,26dap_LL[c]__Org1,met,Org1
BI,n6all26d[c]__Org1,met,Org1
BI,ac[c]__Org1,met,Org1
BI,h2o[c]__Org1,met,Org1
BI,DAPDC__Org1,rxn,Org1
BI,26dap_M[c]__Org1,met,Org1
BI,lys_L[c]__Org1,met,Org1
BI,co2[c]__Org1,met,Org1
BI,h[c]__Org1,met,Org1
BI,DAPE__Org1,rxn,Org1
BI,26dap_LL[c]__Org1,met,Org1
BI,26dap_M[c]__Org1,met,Org1
BI,DAPMDH__Org1,rxn,Org1
BI,l2a6o[c]__Org1,met,Org1
BI,26dap_M[c]__Org1,met,Org1
BI,h2o[c]__Org1,met,Org1
BI,h[c]__Org1,met,Org1
BI,nadp[c]__Org1,met,Org1
BI,nadph[c]__Org1,met,Org1
BI,nh4[c]__Org1,met,Org1
BI,DASYN120__Org1,rxn,Org1
BI,cdpdddecg[c]__Org1,met,Org1
BI,ctp[c]__Org1,met,Org1
BI,h[c]__Org1,met,Org1
BI,pa120[c]__Org1,met,Org1
BI,ppi[c]__Org1,met,Org1
BI,DASYN140__Org1,rxn,Org1
BI,cdpdtdecg[c]__Org1,met,Org1
BI,ctp[c]__Org1,met,Org1
BI,h[c]__Org1,met,Org1
BI,pa140[c]__Org1,met,Org1
BI,ppi[c]__Org1,met,Org1
BI,DASYN141__Org1,rxn,Org1
BI,cdpdtdec7eg[c]__Org1,met,Org1
BI,ctp[c]__Org1,met,Org1
BI,h[c]__Org1,met,Org1
BI,pa141[c]__Org1,met,Org1
BI,ppi[c]__Org1,met,Org1
BI,DASYN160__Org1,rxn,Org1
BI,cdpdhdecg[c]__Org1,met,Org1
BI,ctp[c]__Org1,met,Org1
BI,h[c]__Org1,met,Org1
BI,pa160[c]__Org1,met,Org1
BI,ppi[c]__Org1,met,Org1
BI,DASYN161__Org1,rxn,Org1
BI,cdpdhdec9eg[c]__Org1,met,Org1
BI,ctp[c]__Org1,met,Org1
BI,h[c]__Org1,met,Org1
BI,pa161[c]__Org1,met,Org1
BI,ppi[c]__Org1,met,Org1
BI,DASYN180__Org1,rxn,Org1
BI,cdpdodecg[c]__Org1,met,Org1
BI,ctp[c]__Org1,met,Org1
BI,h[c]__Org1,met,Org1
BI,pa180[c]__Org1,met,Org1
BI,ppi[c]__Org1,met,Org1
BI,DASYN181__Org1,rxn,Org1
BI,cdpdodec11eg[c]__Org1,met,Org1
BI,ctp[c]__Org1,met,Org1
BI,h[c]__Org1,met,Org1
BI,pa181[c]__Org1,met,Org1
BI,ppi[c]__Org1,met,Org1
BI,DASYNAI15__Org1,rxn,Org1
BI,cdpdaipdecg[c]__Org1,met,Org1
BI,ctp[c]__Org1,met,Org1
BI,h[c]__Org1,met,Org1
BI,paai15[c]__Org1,met,Org1
BI,ppi[c]__Org1,met,Org1
BI,DASYNAI17__Org1,rxn,Org1
BI,cdpdaihpdecg[c]__Org1,met,Org1
BI,ctp[c]__Org1,met,Org1
BI,h[c]__Org1,met,Org1
BI,paai17[c]__Org1,met,Org1
BI,ppi[c]__Org1,met,Org1
BI,DASYNI14__Org1,rxn,Org1
BI,cdpditdecg[c]__Org1,met,Org1
BI,ctp[c]__Org1,met,Org1
BI,h[c]__Org1,met,Org1
BI,pai14[c]__Org1,met,Org1
BI,ppi[c]__Org1,met,Org1
BI,DASYNI15__Org1,rxn,Org1
BI,cdpdipdecg[c]__Org1,met,Org1
BI,ctp[c]__Org1,met,Org1
BI,h[c]__Org1,met,Org1
BI,pai15[c]__Org1,met,Org1
BI,ppi[c]__Org1,met,Org1
BI,DASYNI16__Org1,rxn,Org1
BI,cdpdihdecg[c]__Org1,met,Org1
BI,ctp[c]__Org1,met,Org1
BI,h[c]__Org1,met,Org1
BI,pai16[c]__Org1,met,Org1
BI,ppi[c]__Org1,met,Org1
BI,DASYNI17__Org1,rxn,Org1
BI,cdpdihpdecg[c]__Org1,met,Org1
BI,ctp[c]__Org1,met,Org1
BI,h[c]__Org1,met,Org1
BI,pai17[c]__Org1,met,Org1
BI,ppi[c]__Org1,met,Org1
BI,DB4PS__Org1,rxn,Org1
BI,db4p[c]__Org1,met,Org1
BI,ru5p_D[c]__Org1,met,Org1
BI,for[c]__Org1,met,Org1
BI,h[c]__Org1,met,Org1
BI,DCAT__Org1,rxn,Org1
BI,dchac[c]__Org1,met,Org1
BI,dchac[e]__Org1,met,Org1
BI,h[c]__Org1,met,Org1
BI,h[e]__Org1,met,Org1
BI,DCTPD__Org1,rxn,Org1
BI,dctp[c]__Org1,met,Org1
BI,dutp[c]__Org1,met,Org1
BI,h2o[c]__Org1,met,Org1
BI,h[c]__Org1,met,Org1
BI,nh4[c]__Org1,met,Org1
BI,DCTPD2__Org1,rxn,Org1
BI,ctp[c]__Org1,met,Org1
BI,h2o[c]__Org1,met,Org1
BI,h[c]__Org1,met,Org1
BI,nh4[c]__Org1,met,Org1
BI,utp[c]__Org1,met,Org1
BI,DDGLK__Org1,rxn,Org1
BI,2ddg6p[c]__Org1,met,Org1
BI,2ddglcn[c]__Org1,met,Org1
BI,adp[c]__Org1,met,Org1
BI,atp[c]__Org1,met,Org1
BI,h[c]__Org1,met,Org1
BI,DDPA__Org1,rxn,Org1
BI,2dda7p[c]__Org1,met,Org1
BI,e4p[c]__Org1,met,Org1
BI,h2o[c]__Org1,met,Org1
BI,pep[c]__Org1,met,Org1
BI,pi[c]__Org1,met,Org1
BI,DEXTRINASE__Org1,rxn,Org1
BI,dextrin[c]__Org1,met,Org1
BI,glc_D[c]__Org1,met,Org1
BI,h2o[c]__Org1,met,Org1
BI,DEXTRINabc__Org1,rxn,Org1
BI,dextrin[e]__Org1,met,Org1
BI,adp[c]__Org1,met,Org1
BI,atp[c]__Org1,met,Org1
BI,dextrin[c]__Org1,met,Org1
BI,h2o[c]__Org1,met,Org1
BI,h[c]__Org1,met,Org1
BI,pi[c]__Org1,met,Org1
BI,DGK1__Org1,rxn,Org1
BI,dgmp[c]__Org1,met,Org1
BI,adp[c]__Org1,met,Org1
BI,atp[c]__Org1,met,Org1
BI,dgdp[c]__Org1,met,Org1
BI,DHAD1__Org1,rxn,Org1
BI,23dhmb[c]__Org1,met,Org1
BI,3mob[c]__Org1,met,Org1
BI,h2o[c]__Org1,met,Org1
BI,DHAD2__Org1,rxn,Org1
BI,3mop[c]__Org1,met,Org1
BI,23dhmp[c]__Org1,met,Org1
BI,h2o[c]__Org1,met,Org1
BI,DHDPRy__Org1,rxn,Org1
BI,23dhdp[c]__Org1,met,Org1
BI,h[c]__Org1,met,Org1
BI,nadp[c]__Org1,met,Org1
BI,nadph[c]__Org1,met,Org1
BI,thdp[c]__Org1,met,Org1
BI,DHDPS__Org1,rxn,Org1
BI,23dhdp[c]__Org1,met,Org1
BI,aspsa[c]__Org1,met,Org1
BI,h2o[c]__Org1,met,Org1
BI,h[c]__Org1,met,Org1
BI,pyr[c]__Org1,met,Org1
BI,DHFOR2__Org1,rxn,Org1
BI,dhf[c]__Org1,met,Org1
BI,fol[c]__Org1,met,Org1
BI,nadp[c]__Org1,met,Org1
BI,nadph[c]__Org1,met,Org1
BI,DHFR__Org1,rxn,Org1
BI,dhf[c]__Org1,met,Org1
BI,h[c]__Org1,met,Org1
BI,nadp[c]__Org1,met,Org1
BI,nadph[c]__Org1,met,Org1
BI,thf[c]__Org1,met,Org1
BI,DHFS__Org1,rxn,Org1
BI,dhpt[c]__Org1,met,Org1
BI,adp[c]__Org1,met,Org1
BI,atp[c]__Org1,met,Org1
BI,dhf[c]__Org1,met,Org1
BI,glu_L[c]__Org1,met,Org1
BI,h[c]__Org1,met,Org1
BI,pi[c]__Org1,met,Org1
BI,DHNAOPT__Org1,rxn,Org1
BI,dhna[c]__Org1,met,Org1
BI,dmphqno[c]__Org1,met,Org1
BI,phyldpp[c]__Org1,met,Org1
BI,co2[c]__Org1,met,Org1
BI,h[c]__Org1,met,Org1
BI,ppi[c]__Org1,met,Org1
BI,DHNAOT__Org1,rxn,Org1
BI,2dmmq8[c]__Org1,met,Org1
BI,octdp[c]__Org1,met,Org1
BI,co2[c]__Org1,met,Org1
BI,dhna[c]__Org1,met,Org1
BI,h[c]__Org1,met,Org1
BI,ppi[c]__Org1,met,Org1
BI,DHNAOT4__Org1,rxn,Org1
BI,2dmmql8[c]__Org1,met,Org1
BI,co2[c]__Org1,met,Org1
BI,dhna[c]__Org1,met,Org1
BI,h[c]__Org1,met,Org1
BI,octdp[c]__Org1,met,Org1
BI,ppi[c]__Org1,met,Org1
BI,DHNPA__Org1,rxn,Org1
BI,2ahhmp[c]__Org1,met,Org1
BI,gcald[c]__Org1,met,Org1
BI,dhnpt[c]__Org1,met,Org1
BI,DHNPA2__Org1,rxn,Org1
BI,6hmhpt[c]__Org1,met,Org1
BI,dhnpt[c]__Org1,met,Org1
BI,gcald[c]__Org1,met,Org1
BI,DHORD2__Org1,rxn,Org1
BI,dhor_S[c]__Org1,met,Org1
BI,orot[c]__Org1,met,Org1
BI,q8[c]__Org1,met,Org1
BI,q8h2[c]__Org1,met,Org1
BI,DHORD5__Org1,rxn,Org1
BI,mql8[c]__Org1,met,Org1
BI,mqn8[c]__Org1,met,Org1
BI,dhor_S[c]__Org1,met,Org1
BI,orot[c]__Org1,met,Org1
BI,DHORDi__Org1,rxn,Org1
BI,dhor_S[c]__Org1,met,Org1
BI,h2o2[c]__Org1,met,Org1
BI,o2[c]__Org1,met,Org1
BI,orot[c]__Org1,met,Org1
BI,DHORDnad__Org1,rxn,Org1
BI,dhor_S[c]__Org1,met,Org1
BI,h[c]__Org1,met,Org1
BI,nad[c]__Org1,met,Org1
BI,nadh[c]__Org1,met,Org1
BI,orot[c]__Org1,met,Org1
BI,DHORTS__Org1,rxn,Org1
BI,cbasp[c]__Org1,met,Org1
BI,dhor_S[c]__Org1,met,Org1
BI,h2o[c]__Org1,met,Org1
BI,h[c]__Org1,met,Org1
BI,DHPPDA__Org1,rxn,Org1
BI,25dhpp[c]__Org1,met,Org1
BI,5apru[c]__Org1,met,Org1
BI,h2o[c]__Org1,met,Org1
BI,h[c]__Org1,met,Org1
BI,nh4[c]__Org1,met,Org1
BI,DHPPDA2__Org1,rxn,Org1
BI,25drapp[c]__Org1,met,Org1
BI,5apru[c]__Org1,met,Org1
BI,h2o[c]__Org1,met,Org1
BI,h[c]__Org1,met,Org1
BI,nh4[c]__Org1,met,Org1
BI,DHPS__Org1,rxn,Org1
BI,2ahhmp[c]__Org1,met,Org1
BI,4abz[c]__Org1,met,Org1
BI,dhpt[c]__Org1,met,Org1
BI,h2o[c]__Org1,met,Org1
BI,DHPS2__Org1,rxn,Org1
BI,6hmhptpp[c]__Org1,met,Org1
BI,4abz[c]__Org1,met,Org1
BI,dhpt[c]__Org1,met,Org1
BI,ppi[c]__Org1,met,Org1
BI,DHQS__Org1,rxn,Org1
BI,3dhq[c]__Org1,met,Org1
BI,2dda7p[c]__Org1,met,Org1
BI,pi[c]__Org1,met,Org1
BI,DHQTi__Org1,rxn,Org1
BI,3dhsk[c]__Org1,met,Org1
BI,3dhq[c]__Org1,met,Org1
BI,h2o[c]__Org1,met,Org1
BI,DMATT__Org1,rxn,Org1
BI,dmpp[c]__Org1,met,Org1
BI,grdp[c]__Org1,met,Org1
BI,ipdp[c]__Org1,met,Org1
BI,ppi[c]__Org1,met,Org1
BI,DMAt2r__Org1,rxn,Org1
BI,dma[c]__Org1,met,Org1
BI,dma[e]__Org1,met,Org1
BI,h[c]__Org1,met,Org1
BI,h[e]__Org1,met,Org1
BI,DMPPS__Org1,rxn,Org1
BI,h2mb4p[c]__Org1,met,Org1
BI,dmpp[c]__Org1,met,Org1
BI,h2o[c]__Org1,met,Org1
BI,h[c]__Org1,met,Org1
BI,nad[c]__Org1,met,Org1
BI,nadh[c]__Org1,met,Org1
BI,DMPPS2r__Org1,rxn,Org1
BI,dmpp[c]__Org1,met,Org1
BI,h2mb4p[c]__Org1,met,Org1
BI,h2o[c]__Org1,met,Org1
BI,h[c]__Org1,met,Org1
BI,nadp[c]__Org1,met,Org1
BI,nadph[c]__Org1,met,Org1
BI,DM_4HBA__Org1,rxn,Org1
BI,4hba[c]__Org1,met,Org1
BI,DM_GCALD__Org1,rxn,Org1
BI,gcald[c]__Org1,met,Org1
BI,DM_NA1__Org1,rxn,Org1
BI,na1[c]__Org1,met,Org1
BI,DM_atp_c___Org1,rxn,Org1
BI,adp[c]__Org1,met,Org1
BI,atp[c]__Org1,met,Org1
BI,h2o[c]__Org1,met,Org1
BI,h[c]__Org1,met,Org1
BI,pi[c]__Org1,met,Org1
BI,DM_dhptd(c)__Org1,rxn,Org1
BI,dhptd[c]__Org1,met,Org1
BI,DM_mql7(c)__Org1,rxn,Org1
BI,mql7[c]__Org1,met,Org1
BI,DM_mql8(c)__Org1,rxn,Org1
BI,mql8[c]__Org1,met,Org1
BI,DM_teich_45_BS(c)__Org1,rxn,Org1
BI,teich_45_BS[c]__Org1,met,Org1
BI,DM_this[c]__Org1,rxn,Org1
BI,this[c]__Org1,met,Org1
BI,DNMPPA__Org1,rxn,Org1
BI,dhpmp[c]__Org1,met,Org1
BI,dhnpt[c]__Org1,met,Org1
BI,h2o[c]__Org1,met,Org1
BI,pi[c]__Org1,met,Org1
BI,DNTPPA__Org1,rxn,Org1
BI,ahdt[c]__Org1,met,Org1
BI,dhpmp[c]__Org1,met,Org1
BI,h2o[c]__Org1,met,Org1
BI,h[c]__Org1,met,Org1
BI,ppi[c]__Org1,met,Org1
BI,DPCOAK__Org1,rxn,Org1
BI,dpcoa[c]__Org1,met,Org1
BI,adp[c]__Org1,met,Org1
BI,atp[c]__Org1,met,Org1
BI,coa[c]__Org1,met,Org1
BI,h[c]__Org1,met,Org1
BI,DPRr__Org1,rxn,Org1
BI,2dhp[c]__Org1,met,Org1
BI,pant_R[c]__Org1,met,Org1
BI,h[c]__Org1,met,Org1
BI,nadp[c]__Org1,met,Org1
BI,nadph[c]__Org1,met,Org1
BI,DRBK__Org1,rxn,Org1
BI,2dr5p[c]__Org1,met,Org1
BI,drib[c]__Org1,met,Org1
BI,adp[c]__Org1,met,Org1
BI,atp[c]__Org1,met,Org1
BI,h[c]__Org1,met,Org1
BI,DTMPK__Org1,rxn,Org1
BI,dtmp[c]__Org1,met,Org1
BI,adp[c]__Org1,met,Org1
BI,atp[c]__Org1,met,Org1
BI,dtdp[c]__Org1,met,Org1
BI,DUTPDP__Org1,rxn,Org1
BI,dump[c]__Org1,met,Org1
BI,dutp[c]__Org1,met,Org1
BI,h2o[c]__Org1,met,Org1
BI,h[c]__Org1,met,Org1
BI,ppi[c]__Org1,met,Org1
BI,DXPRIr__Org1,rxn,Org1
BI,2me4p[c]__Org1,met,Org1
BI,dxyl5p[c]__Org1,met,Org1
BI,h[c]__Org1,met,Org1
BI,nadp[c]__Org1,met,Org1
BI,nadph[c]__Org1,met,Org1
BI,DXPS__Org1,rxn,Org1
BI,g3p[c]__Org1,met,Org1
BI,co2[c]__Org1,met,Org1
BI,dxyl5p[c]__Org1,met,Org1
BI,h[c]__Org1,met,Org1
BI,pyr[c]__Org1,met,Org1
BI,DXYTST__Org1,rxn,Org1
BI,2c4mthzep[c]__Org1,met,Org1
BI,imogly[c]__Org1,met,Org1
BI,thissh[c]__Org1,met,Org1
BI,dxyl5p[c]__Org1,met,Org1
BI,h2o[c]__Org1,met,Org1
BI,h[c]__Org1,met,Org1
BI,this[c]__Org1,met,Org1
BI,EDA__Org1,rxn,Org1
BI,2ddg6p[c]__Org1,met,Org1
BI,g3p[c]__Org1,met,Org1
BI,pyr[c]__Org1,met,Org1
BI,EHGLAT__Org1,rxn,Org1
BI,4h2oglt[c]__Org1,met,Org1
BI,e4hglu[c]__Org1,met,Org1
BI,akg[c]__Org1,met,Org1
BI,glu_L[c]__Org1,met,Org1
BI,ENO__Org1,rxn,Org1
BI,2pg[c]__Org1,met,Org1
BI,h2o[c]__Org1,met,Org1
BI,pep[c]__Org1,met,Org1
BI,ETOHt2r__Org1,rxn,Org1
BI,etoh[e]__Org1,met,Org1
BI,etoh[c]__Org1,met,Org1
BI,h[c]__Org1,met,Org1
BI,h[e]__Org1,met,Org1
BI,EX_12ppd_S(e)__Org1,rxn,Org1
BI,12ppd_S[e]__Org1,met,Org1
BI,12ppd_S_m,met,Org1
BI,EX_4abut(e)__Org1,rxn,Org1
BI,4abut[e]__Org1,met,Org1
BI,4abut_m,met,Org1
BI,EX_4abz(e)__Org1,rxn,Org1
BI,4abz[e]__Org1,met,Org1
BI,4abz_m,met,Org1
BI,EX_4ahmmp(e)__Org1,rxn,Org1
BI,4ahmmp[e]__Org1,met,Org1
BI,4ahmmp_m,met,Org1
BI,EX_5mthf(e)__Org1,rxn,Org1
BI,5mthf[e]__Org1,met,Org1
BI,5mthf_m,met,Org1
BI,EX_C02528(e)__Org1,rxn,Org1
BI,C02528[e]__Org1,met,Org1
BI,C02528_m,met,Org1
BI,EX_HC02191(e)__Org1,rxn,Org1
BI,HC02191[e]__Org1,met,Org1
BI,HC02191_m,met,Org1
BI,EX_HC02192(e)__Org1,rxn,Org1
BI,HC02192[e]__Org1,met,Org1
BI,HC02192_m,met,Org1
BI,EX_HC02193(e)__Org1,rxn,Org1
BI,HC02193[e]__Org1,met,Org1
BI,HC02193_m,met,Org1
BI,EX_M01989(e)__Org1,rxn,Org1
BI,M01989[e]__Org1,met,Org1
BI,M01989_m,met,Org1
BI,EX_M03134(e)__Org1,rxn,Org1
BI,M03134[e]__Org1,met,Org1
BI,M03134_m,met,Org1
BI,EX_Ser_Thr(e)__Org1,rxn,Org1
BI,Ser_Thr[e]__Org1,met,Org1
BI,Ser_Thr_m,met,Org1
BI,EX_T_antigen(e)__Org1,rxn,Org1
BI,T_antigen[e]__Org1,met,Org1
BI,T_antigen_m,met,Org1
BI,EX_Tn_antigen(e)__Org1,rxn,Org1
BI,Tn_antigen[e]__Org1,met,Org1
BI,Tn_antigen_m,met,Org1
BI,EX_ac(e)__Org1,rxn,Org1
BI,ac[e]__Org1,met,Org1
BI,ac_m,met,Org1
BI,EX_acald(e)__Org1,rxn,Org1
BI,acald[e]__Org1,met,Org1
BI,acald_m,met,Org1
BI,EX_acgal(e)__Org1,rxn,Org1
BI,acgal[e]__Org1,met,Org1
BI,acgal_m,met,Org1
BI,EX_acgam(e)__Org1,rxn,Org1
BI,acgam[e]__Org1,met,Org1
BI,acgam_m,met,Org1
BI,EX_acnam(e)__Org1,rxn,Org1
BI,acnam[e]__Org1,met,Org1
BI,acnam_m,met,Org1
BI,EX_adocbl(e)__Org1,rxn,Org1
BI,adocbl[e]__Org1,met,Org1
BI,adocbl_m,met,Org1
BI,EX_alaasp(e)__Org1,rxn,Org1
BI,alaasp[e]__Org1,met,Org1
BI,alaasp_m,met,Org1
BI,EX_alagln(e)__Org1,rxn,Org1
BI,alagln[e]__Org1,met,Org1
BI,alagln_m,met,Org1
BI,EX_alaglu(e)__Org1,rxn,Org1
BI,alaglu[e]__Org1,met,Org1
BI,alaglu_m,met,Org1
BI,EX_alagly(e)__Org1,rxn,Org1
BI,alagly[e]__Org1,met,Org1
BI,alagly_m,met,Org1
BI,EX_alahis(e)__Org1,rxn,Org1
BI,alahis[e]__Org1,met,Org1
BI,alahis_m,met,Org1
BI,EX_alaleu(e)__Org1,rxn,Org1
BI,alaleu[e]__Org1,met,Org1
BI,alaleu_m,met,Org1
BI,EX_alathr(e)__Org1,rxn,Org1
BI,alathr[e]__Org1,met,Org1
BI,alathr_m,met,Org1
BI,EX_arab_L(e)__Org1,rxn,Org1
BI,arab_L[e]__Org1,met,Org1
BI,arab_L_m,met,Org1
BI,EX_arabinogal(e)__Org1,rxn,Org1
BI,arabinogal[e]__Org1,met,Org1
BI,arabinogal_m,met,Org1
BI,EX_arabttr(e)__Org1,rxn,Org1
BI,arabttr[e]__Org1,met,Org1
BI,arabttr_m,met,Org1
BI,EX_arbt(e)__Org1,rxn,Org1
BI,arbt[e]__Org1,met,Org1
BI,arbt_m,met,Org1
BI,EX_asn_L(e)__Org1,rxn,Org1
BI,asn_L[e]__Org1,met,Org1
BI,asn_L_m,met,Org1
BI,DM_biomass(e)__Org1,rxn,Org1
BI,biomass[c]__Org1,met,Org1
BI,EX_btn(e)__Org1,rxn,Org1
BI,btn[e]__Org1,met,Org1
BI,btn_m,met,Org1
BI,EX_butam(e)__Org1,rxn,Org1
BI,butam[e]__Org1,met,Org1
BI,butam_m,met,Org1
BI,EX_ca2(e)__Org1,rxn,Org1
BI,ca2[e]__Org1,met,Org1
BI,ca2_m,met,Org1
BI,EX_cbl1(e)__Org1,rxn,Org1
BI,cbl1[e]__Org1,met,Org1
BI,cbl1_m,met,Org1
BI,EX_cd2(e)__Org1,rxn,Org1
BI,cd2[e]__Org1,met,Org1
BI,cd2_m,met,Org1
BI,EX_cgly(e)__Org1,rxn,Org1
BI,cgly[e]__Org1,met,Org1
BI,cgly_m,met,Org1
BI,EX_cholate(e)__Org1,rxn,Org1
BI,cholate[e]__Org1,met,Org1
BI,cholate_m,met,Org1
BI,EX_cl(e)__Org1,rxn,Org1
BI,cl[e]__Org1,met,Org1
BI,cl_m,met,Org1
BI,EX_co2(e)__Org1,rxn,Org1
BI,co2[e]__Org1,met,Org1
BI,co2_m,met,Org1
BI,EX_cobalt2(e)__Org1,rxn,Org1
BI,cobalt2[e]__Org1,met,Org1
BI,cobalt2_m,met,Org1
BI,EX_core2(e)__Org1,rxn,Org1
BI,core2[e]__Org1,met,Org1
BI,core2_m,met,Org1
BI,EX_core3(e)__Org1,rxn,Org1
BI,core3[e]__Org1,met,Org1
BI,core3_m,met,Org1
BI,EX_core4(e)__Org1,rxn,Org1
BI,core4[e]__Org1,met,Org1
BI,core4_m,met,Org1
BI,EX_core5(e)__Org1,rxn,Org1
BI,core5[e]__Org1,met,Org1
BI,core5_m,met,Org1
BI,EX_core6(e)__Org1,rxn,Org1
BI,core6[e]__Org1,met,Org1
BI,core6_m,met,Org1
BI,EX_core7(e)__Org1,rxn,Org1
BI,core7[e]__Org1,met,Org1
BI,core7_m,met,Org1
BI,EX_core8(e)__Org1,rxn,Org1
BI,core8[e]__Org1,met,Org1
BI,core8_m,met,Org1
BI,EX_cu2(e)__Org1,rxn,Org1
BI,cu2[e]__Org1,met,Org1
BI,cu2_m,met,Org1
BI,EX_dchac(e)__Org1,rxn,Org1
BI,dchac[e]__Org1,met,Org1
BI,dchac_m,met,Org1
BI,EX_dextrin(e)__Org1,rxn,Org1
BI,dextrin[e]__Org1,met,Org1
BI,dextrin_m,met,Org1
BI,EX_dgchol(e)__Org1,rxn,Org1
BI,dgchol[e]__Org1,met,Org1
BI,dgchol_m,met,Org1
BI,EX_dhna(e)__Org1,rxn,Org1
BI,dhna[e]__Org1,met,Org1
BI,dhna_m,met,Org1
BI,EX_dma(e)__Org1,rxn,Org1
BI,dma[e]__Org1,met,Org1
BI,dma_m,met,Org1
BI,EX_dsT_antigen(e)__Org1,rxn,Org1
BI,dsT_antigen[e]__Org1,met,Org1
BI,dsT_antigen_m,met,Org1
BI,EX_etoh(e)__Org1,rxn,Org1
BI,etoh[e]__Org1,met,Org1
BI,etoh_m,met,Org1
BI,EX_f1a(e)__Org1,rxn,Org1
BI,f1a[e]__Org1,met,Org1
BI,f1a_m,met,Org1
BI,EX_fe2(e)__Org1,rxn,Org1
BI,fe2[e]__Org1,met,Org1
BI,fe2_m,met,Org1
BI,EX_fe3(e)__Org1,rxn,Org1
BI,fe3[e]__Org1,met,Org1
BI,fe3_m,met,Org1
BI,EX_fol(e)__Org1,rxn,Org1
BI,fol[e]__Org1,met,Org1
BI,fol_m,met,Org1
BI,EX_for(e)__Org1,rxn,Org1
BI,for[e]__Org1,met,Org1
BI,for_m,met,Org1
BI,EX_fru(e)__Org1,rxn,Org1
BI,fru[e]__Org1,met,Org1
BI,fru_m,met,Org1
BI,EX_fuc_L(e)__Org1,rxn,Org1
BI,fuc_L[e]__Org1,met,Org1
BI,fuc_L_m,met,Org1
BI,EX_fum(e)__Org1,rxn,Org1
BI,fum[e]__Org1,met,Org1
BI,fum_m,met,Org1
BI,EX_gal(e)__Org1,rxn,Org1
BI,gal[e]__Org1,met,Org1
BI,gal_m,met,Org1
BI,EX_galam(e)__Org1,rxn,Org1
BI,galam[e]__Org1,met,Org1
BI,galam_m,met,Org1
BI,EX_gchola(e)__Org1,rxn,Org1
BI,gchola[e]__Org1,met,Org1
BI,gchola_m,met,Org1
BI,EX_glc_D(e)__Org1,rxn,Org1
BI,glc_D[e]__Org1,met,Org1
BI,glc_D_m,met,Org1
BI,EX_glcur(e)__Org1,rxn,Org1
BI,glcur[e]__Org1,met,Org1
BI,glcur_m,met,Org1
BI,EX_gly(e)__Org1,rxn,Org1
BI,gly[e]__Org1,met,Org1
BI,gly_m,met,Org1
BI,EX_glyasn(e)__Org1,rxn,Org1
BI,glyasn[e]__Org1,met,Org1
BI,glyasn_m,met,Org1
BI,EX_glyasp(e)__Org1,rxn,Org1
BI,glyasp[e]__Org1,met,Org1
BI,glyasp_m,met,Org1
BI,EX_glyc(e)__Org1,rxn,Org1
BI,glyc[e]__Org1,met,Org1
BI,glyc_m,met,Org1
BI,EX_glyc3p(e)__Org1,rxn,Org1
BI,glyc3p[e]__Org1,met,Org1
BI,glyc3p_m,met,Org1
BI,EX_glycys(e)__Org1,rxn,Org1
BI,glycys[e]__Org1,met,Org1
BI,glycys_m,met,Org1
BI,EX_glygln(e)__Org1,rxn,Org1
BI,glygln[e]__Org1,met,Org1
BI,glygln_m,met,Org1
BI,EX_glyglu(e)__Org1,rxn,Org1
BI,glyglu[e]__Org1,met,Org1
BI,glyglu_m,met,Org1
BI,EX_glyleu(e)__Org1,rxn,Org1
BI,glyleu[e]__Org1,met,Org1
BI,glyleu_m,met,Org1
BI,EX_glymet(e)__Org1,rxn,Org1
BI,glymet[e]__Org1,met,Org1
BI,glymet_m,met,Org1
BI,EX_glyphe(e)__Org1,rxn,Org1
BI,glyphe[e]__Org1,met,Org1
BI,glyphe_m,met,Org1
BI,EX_glypro(e)__Org1,rxn,Org1
BI,glypro[e]__Org1,met,Org1
BI,glypro_m,met,Org1
BI,EX_glytyr(e)__Org1,rxn,Org1
BI,glytyr[e]__Org1,met,Org1
BI,glytyr_m,met,Org1
BI,EX_gncore1(e)__Org1,rxn,Org1
BI,gncore1[e]__Org1,met,Org1
BI,gncore1_m,met,Org1
BI,EX_gncore2(e)__Org1,rxn,Org1
BI,gncore2[e]__Org1,met,Org1
BI,gncore2_m,met,Org1
BI,EX_h(e)__Org1,rxn,Org1
BI,h[e]__Org1,met,Org1
BI,h_m,met,Org1
BI,EX_h2o(e)__Org1,rxn,Org1
BI,h2o[e]__Org1,met,Org1
BI,h2o_m,met,Org1
BI,EX_hg2(e)__Org1,rxn,Org1
BI,hg2[e]__Org1,met,Org1
BI,hg2_m,met,Org1
BI,EX_his_L(e)__Org1,rxn,Org1
BI,his_L[e]__Org1,met,Org1
BI,his_L_m,met,Org1
BI,EX_hxan(e)__Org1,rxn,Org1
BI,hxan[e]__Org1,met,Org1
BI,hxan_m,met,Org1
BI,EX_ile_L(e)__Org1,rxn,Org1
BI,ile_L[e]__Org1,met,Org1
BI,ile_L_m,met,Org1
BI,EX_inulin(e)__Org1,rxn,Org1
BI,inulin[e]__Org1,met,Org1
BI,inulin_m,met,Org1
BI,EX_isomal(e)__Org1,rxn,Org1
BI,isomal[e]__Org1,met,Org1
BI,isomal_m,met,Org1
BI,EX_k(e)__Org1,rxn,Org1
BI,k[e]__Org1,met,Org1
BI,k_m,met,Org1
BI,EX_kesto(e)__Org1,rxn,Org1
BI,kesto[e]__Org1,met,Org1
BI,kesto_m,met,Org1
BI,EX_kestopt(e)__Org1,rxn,Org1
BI,kestopt[e]__Org1,met,Org1
BI,kestopt_m,met,Org1
BI,EX_kestottr(e)__Org1,rxn,Org1
BI,kestottr[e]__Org1,met,Org1
BI,kestottr_m,met,Org1
BI,EX_lac_L(e)__Org1,rxn,Org1
BI,lac_L[e]__Org1,met,Org1
BI,lac_L_m,met,Org1
BI,EX_lactl(e)__Org1,rxn,Org1
BI,lactl[e]__Org1,met,Org1
BI,lactl_m,met,Org1
BI,EX_lcts(e)__Org1,rxn,Org1
BI,lcts[e]__Org1,met,Org1
BI,lcts_m,met,Org1
BI,EX_leu_L(e)__Org1,rxn,Org1
BI,leu_L[e]__Org1,met,Org1
BI,leu_L_m,met,Org1
BI,EX_malt(e)__Org1,rxn,Org1
BI,malt[e]__Org1,met,Org1
BI,malt_m,met,Org1
BI,EX_malthx(e)__Org1,rxn,Org1
BI,malthx[e]__Org1,met,Org1
BI,malthx_m,met,Org1
BI,EX_malttr(e)__Org1,rxn,Org1
BI,malttr[e]__Org1,met,Org1
BI,malttr_m,met,Org1
BI,EX_man(e)__Org1,rxn,Org1
BI,man[e]__Org1,met,Org1
BI,man_m,met,Org1
BI,EX_mantr(e)__Org1,rxn,Org1
BI,mantr[e]__Org1,met,Org1
BI,mantr_m,met,Org1
BI,EX_melib(e)__Org1,rxn,Org1
BI,melib[e]__Org1,met,Org1
BI,melib_m,met,Org1
BI,EX_met_D(e)__Org1,rxn,Org1
BI,met_D[e]__Org1,met,Org1
BI,met_D_m,met,Org1
BI,EX_met_L(e)__Org1,rxn,Org1
BI,met_L[e]__Org1,met,Org1
BI,met_L_m,met,Org1
BI,EX_metala(e)__Org1,rxn,Org1
BI,metala[e]__Org1,met,Org1
BI,metala_m,met,Org1
BI,EX_metsox_S_L(e)__Org1,rxn,Org1
BI,metsox_S_L[e]__Org1,met,Org1
BI,metsox_S_L_m,met,Org1
BI,EX_mg2(e)__Org1,rxn,Org1
BI,mg2[e]__Org1,met,Org1
BI,mg2_m,met,Org1
BI,EX_mn2(e)__Org1,rxn,Org1
BI,mn2[e]__Org1,met,Org1
BI,mn2_m,met,Org1
BI,EX_mnl(e)__Org1,rxn,Org1
BI,mnl[e]__Org1,met,Org1
BI,mnl_m,met,Org1
BI,EX_mqn7(e)__Org1,rxn,Org1
BI,mqn7[e]__Org1,met,Org1
BI,mqn7_m,met,Org1
BI,EX_mqn8(e)__Org1,rxn,Org1
BI,mqn8[e]__Org1,met,Org1
BI,mqn8_m,met,Org1
BI,EX_na1(e)__Org1,rxn,Org1
BI,na1[e]__Org1,met,Org1
BI,na1_m,met,Org1
BI,EX_nac(e)__Org1,rxn,Org1
BI,nac[e]__Org1,met,Org1
BI,nac_m,met,Org1
BI,EX_nh4(e)__Org1,rxn,Org1
BI,nh4[e]__Org1,met,Org1
BI,nh4_m,met,Org1
BI,EX_ni2(e)__Org1,rxn,Org1
BI,ni2[e]__Org1,met,Org1
BI,ni2_m,met,Org1
BI,EX_norval_L(e)__Org1,rxn,Org1
BI,norval_L[e]__Org1,met,Org1
BI,norval_L_m,met,Org1
BI,EX_o2(e)__Org1,rxn,Org1
BI,o2[e]__Org1,met,Org1
BI,o2_m,met,Org1
BI,EX_oxa(e)__Org1,rxn,Org1
BI,oxa[e]__Org1,met,Org1
BI,oxa_m,met,Org1
BI,EX_pb(e)__Org1,rxn,Org1
BI,pb[e]__Org1,met,Org1
BI,pb_m,met,Org1
BI,EX_peamn(e)__Org1,rxn,Org1
BI,peamn[e]__Org1,met,Org1
BI,peamn_m,met,Org1
BI,EX_phe_L(e)__Org1,rxn,Org1
BI,phe_L[e]__Org1,met,Org1
BI,phe_L_m,met,Org1
BI,EX_pi(e)__Org1,rxn,Org1
BI,pi[e]__Org1,met,Org1
BI,pi_m,met,Org1
BI,EX_pnto_R(e)__Org1,rxn,Org1
BI,pnto_R[e]__Org1,met,Org1
BI,pnto_R_m,met,Org1
BI,EX_ppi(e)__Org1,rxn,Org1
BI,ppi[e]__Org1,met,Org1
BI,ppi_m,met,Org1
BI,EX_pro_L(e)__Org1,rxn,Org1
BI,pro_L[e]__Org1,met,Org1
BI,pro_L_m,met,Org1
BI,EX_pydam(e)__Org1,rxn,Org1
BI,pydam[e]__Org1,met,Org1
BI,pydam_m,met,Org1
BI,EX_pydx(e)__Org1,rxn,Org1
BI,pydx[e]__Org1,met,Org1
BI,pydx_m,met,Org1
BI,EX_pydxn(e)__Org1,rxn,Org1
BI,pydxn[e]__Org1,met,Org1
BI,pydxn_m,met,Org1
BI,EX_r406(e)__Org1,rxn,Org1
BI,r406[e]__Org1,met,Org1
BI,r406_m,met,Org1
BI,EX_r788(e)__Org1,rxn,Org1
BI,r788[e]__Org1,met,Org1
BI,r788_m,met,Org1
BI,EX_raffin(e)__Org1,rxn,Org1
BI,raffin[e]__Org1,met,Org1
BI,raffin_m,met,Org1
BI,EX_rib_D(e)__Org1,rxn,Org1
BI,rib_D[e]__Org1,met,Org1
BI,rib_D_m,met,Org1
BI,EX_ribflv(e)__Org1,rxn,Org1
BI,ribflv[e]__Org1,met,Org1
BI,ribflv_m,met,Org1
BI,EX_rmn(e)__Org1,rxn,Org1
BI,rmn[e]__Org1,met,Org1
BI,rmn_m,met,Org1
BI,EX_sT_antigen(e)__Org1,rxn,Org1
BI,sT_antigen[e]__Org1,met,Org1
BI,sT_antigen_m,met,Org1
BI,EX_sTn_antigen(e)__Org1,rxn,Org1
BI,sTn_antigen[e]__Org1,met,Org1
BI,sTn_antigen_m,met,Org1
BI,EX_salcn(e)__Org1,rxn,Org1
BI,salcn[e]__Org1,met,Org1
BI,salcn_m,met,Org1
BI,EX_so4(e)__Org1,rxn,Org1
BI,so4[e]__Org1,met,Org1
BI,so4_m,met,Org1
BI,EX_stys(e)__Org1,rxn,Org1
BI,stys[e]__Org1,met,Org1
BI,stys_m,met,Org1
BI,EX_succ(e)__Org1,rxn,Org1
BI,succ[e]__Org1,met,Org1
BI,succ_m,met,Org1
BI,EX_sucr(e)__Org1,rxn,Org1
BI,sucr[e]__Org1,met,Org1
BI,sucr_m,met,Org1
BI,EX_taur(e)__Org1,rxn,Org1
BI,taur[e]__Org1,met,Org1
BI,taur_m,met,Org1
BI,EX_tchola(e)__Org1,rxn,Org1
BI,tchola[e]__Org1,met,Org1
BI,tchola_m,met,Org1
BI,EX_tdchola(e)__Org1,rxn,Org1
BI,tdchola[e]__Org1,met,Org1
BI,tdchola_m,met,Org1
BI,EX_tdechola(e)__Org1,rxn,Org1
BI,tdechola[e]__Org1,met,Org1
BI,tdechola_m,met,Org1
BI,EX_thf(e)__Org1,rxn,Org1
BI,thf[e]__Org1,met,Org1
BI,thf_m,met,Org1
BI,EX_thm(e)__Org1,rxn,Org1
BI,thm[e]__Org1,met,Org1
BI,thm_m,met,Org1
BI,EX_tre(e)__Org1,rxn,Org1
BI,tre[e]__Org1,met,Org1
BI,tre_m,met,Org1
BI,EX_trp_L(e)__Org1,rxn,Org1
BI,trp_L[e]__Org1,met,Org1
BI,trp_L_m,met,Org1
BI,EX_tyr_L(e)__Org1,rxn,Org1
BI,tyr_L[e]__Org1,met,Org1
BI,tyr_L_m,met,Org1
BI,EX_ura(e)__Org1,rxn,Org1
BI,ura[e]__Org1,met,Org1
BI,ura_m,met,Org1
BI,EX_urea(e)__Org1,rxn,Org1
BI,urea[e]__Org1,met,Org1
BI,urea_m,met,Org1
BI,EX_val_L(e)__Org1,rxn,Org1
BI,val_L[e]__Org1,met,Org1
BI,val_L_m,met,Org1
BI,EX_xan(e)__Org1,rxn,Org1
BI,xan[e]__Org1,met,Org1
BI,xan_m,met,Org1
BI,EX_xyl_D(e)__Org1,rxn,Org1
BI,xyl_D[e]__Org1,met,Org1
BI,xyl_D_m,met,Org1
BI,EX_xylottr(e)__Org1,rxn,Org1
BI,xylottr[e]__Org1,met,Org1
BI,xylottr_m,met,Org1
BI,EX_zn2(e)__Org1,rxn,Org1
BI,zn2[e]__Org1,met,Org1
BI,zn2_m,met,Org1
BI,F6PE4PL__Org1,rxn,Org1
BI,f6p[c]__Org1,met,Org1
BI,actp[c]__Org1,met,Org1
BI,e4p[c]__Org1,met,Org1
BI,h2o[c]__Org1,met,Org1
BI,pi[c]__Org1,met,Org1
BI,FACOAL140__Org1,rxn,Org1
BI,ttdca[c]__Org1,met,Org1
BI,amp[c]__Org1,met,Org1
BI,atp[c]__Org1,met,Org1
BI,coa[c]__Org1,met,Org1
BI,ppi[c]__Org1,met,Org1
BI,tdcoa[c]__Org1,met,Org1
BI,FACOAL160i__Org1,rxn,Org1
BI,hdca[c]__Org1,met,Org1
BI,amp[c]__Org1,met,Org1
BI,atp[c]__Org1,met,Org1
BI,coa[c]__Org1,met,Org1
BI,pmtcoa[c]__Org1,met,Org1
BI,ppi[c]__Org1,met,Org1
BI,FACOAL161__Org1,rxn,Org1
BI,hdcea[c]__Org1,met,Org1
BI,hdcoa[c]__Org1,met,Org1
BI,amp[c]__Org1,met,Org1
BI,atp[c]__Org1,met,Org1
BI,coa[c]__Org1,met,Org1
BI,ppi[c]__Org1,met,Org1
BI,FACOAL180i__Org1,rxn,Org1
BI,ocdca[c]__Org1,met,Org1
BI,amp[c]__Org1,met,Org1
BI,atp[c]__Org1,met,Org1
BI,coa[c]__Org1,met,Org1
BI,ppi[c]__Org1,met,Org1
BI,stcoa[c]__Org1,met,Org1
BI,FACOAL181i__Org1,rxn,Org1
BI,ocdcea[c]__Org1,met,Org1
BI,odecoa[c]__Org1,met,Org1
BI,amp[c]__Org1,met,Org1
BI,atp[c]__Org1,met,Org1
BI,coa[c]__Org1,met,Org1
BI,ppi[c]__Org1,met,Org1
BI,FACOALAI15__Org1,rxn,Org1
BI,fa4[c]__Org1,met,Org1
BI,aipdcoa[c]__Org1,met,Org1
BI,amp[c]__Org1,met,Org1
BI,atp[c]__Org1,met,Org1
BI,coa[c]__Org1,met,Org1
BI,ppi[c]__Org1,met,Org1
BI,FACOALAI17__Org1,rxn,Org1
BI,fa12[c]__Org1,met,Org1
BI,aihpdcoa[c]__Org1,met,Org1
BI,amp[c]__Org1,met,Org1
BI,atp[c]__Org1,met,Org1
BI,coa[c]__Org1,met,Org1
BI,ppi[c]__Org1,met,Org1
BI,FACOALI14__Org1,rxn,Org1
BI,fa1[c]__Org1,met,Org1
BI,amp[c]__Org1,met,Org1
BI,atp[c]__Org1,met,Org1
BI,coa[c]__Org1,met,Org1
BI,itdcoa[c]__Org1,met,Org1
BI,ppi[c]__Org1,met,Org1
BI,FACOALI15__Org1,rxn,Org1
BI,fa3[c]__Org1,met,Org1
BI,amp[c]__Org1,met,Org1
BI,atp[c]__Org1,met,Org1
BI,coa[c]__Org1,met,Org1
BI,ipdcoa[c]__Org1,met,Org1
BI,ppi[c]__Org1,met,Org1
BI,FACOALI16__Org1,rxn,Org1
BI,fa6[c]__Org1,met,Org1
BI,amp[c]__Org1,met,Org1
BI,atp[c]__Org1,met,Org1
BI,coa[c]__Org1,met,Org1
BI,ihdcoa[c]__Org1,met,Org1
BI,ppi[c]__Org1,met,Org1
BI,FACOALI17__Org1,rxn,Org1
BI,fa11[c]__Org1,met,Org1
BI,amp[c]__Org1,met,Org1
BI,atp[c]__Org1,met,Org1
BI,coa[c]__Org1,met,Org1
BI,ihpdcoa[c]__Org1,met,Org1
BI,ppi[c]__Org1,met,Org1
BI,FBA__Org1,rxn,Org1
BI,fdp[c]__Org1,met,Org1
BI,dhap[c]__Org1,met,Org1
BI,g3p[c]__Org1,met,Org1
BI,FBA2__Org1,rxn,Org1
BI,f1p[c]__Org1,met,Org1
BI,dhap[c]__Org1,met,Org1
BI,glyald[c]__Org1,met,Org1
BI,FBA3__Org1,rxn,Org1
BI,s17bp[c]__Org1,met,Org1
BI,dhap[c]__Org1,met,Org1
BI,e4p[c]__Org1,met,Org1
BI,FCI__Org1,rxn,Org1
BI,fcl_L[c]__Org1,met,Org1
BI,fuc_L[c]__Org1,met,Org1
BI,FCLK__Org1,rxn,Org1
BI,fc1p[c]__Org1,met,Org1
BI,adp[c]__Org1,met,Org1
BI,atp[c]__Org1,met,Org1
BI,fcl_L[c]__Org1,met,Org1
BI,h[c]__Org1,met,Org1
BI,FCLPA__Org1,rxn,Org1
BI,lald_L[c]__Org1,met,Org1
BI,dhap[c]__Org1,met,Org1
BI,fc1p[c]__Org1,met,Org1
BI,FE2abc__Org1,rxn,Org1
BI,fe2[c]__Org1,met,Org1
BI,adp[c]__Org1,met,Org1
BI,atp[c]__Org1,met,Org1
BI,fe2[e]__Org1,met,Org1
BI,h2o[c]__Org1,met,Org1
BI,h[c]__Org1,met,Org1
BI,pi[c]__Org1,met,Org1
BI,FE3abc__Org1,rxn,Org1
BI,fe3[c]__Org1,met,Org1
BI,adp[c]__Org1,met,Org1
BI,atp[c]__Org1,met,Org1
BI,fe3[e]__Org1,met,Org1
BI,h2o[c]__Org1,met,Org1
BI,h[c]__Org1,met,Org1
BI,pi[c]__Org1,met,Org1
BI,FERO__Org1,rxn,Org1
BI,fe2[c]__Org1,met,Org1
BI,fe3[c]__Org1,met,Org1
BI,h2o[c]__Org1,met,Org1
BI,h[c]__Org1,met,Org1
BI,o2[c]__Org1,met,Org1
BI,FFSD__Org1,rxn,Org1
BI,fru[c]__Org1,met,Org1
BI,g6p[c]__Org1,met,Org1
BI,suc6p[c]__Org1,met,Org1
BI,h2o[c]__Org1,met,Org1
BI,FMNAT__Org1,rxn,Org1
BI,fad[c]__Org1,met,Org1
BI,atp[c]__Org1,met,Org1
BI,fmn[c]__Org1,met,Org1
BI,h[c]__Org1,met,Org1
BI,ppi[c]__Org1,met,Org1
BI,FMNRx2__Org1,rxn,Org1
BI,fmn[c]__Org1,met,Org1
BI,fmnh2[c]__Org1,met,Org1
BI,h[c]__Org1,met,Org1
BI,nadp[c]__Org1,met,Org1
BI,nadph[c]__Org1,met,Org1
BI,FOLABCCte__Org1,rxn,Org1
BI,adp[c]__Org1,met,Org1
BI,atp[c]__Org1,met,Org1
BI,fol[c]__Org1,met,Org1
BI,fol[e]__Org1,met,Org1
BI,h2o[c]__Org1,met,Org1
BI,h[c]__Org1,met,Org1
BI,pi[c]__Org1,met,Org1
BI,FOLD3__Org1,rxn,Org1
BI,2ahhmd[c]__Org1,met,Org1
BI,4abz[c]__Org1,met,Org1
BI,dhpt[c]__Org1,met,Org1
BI,ppi[c]__Org1,met,Org1
BI,FOLte__Org1,rxn,Org1
BI,fol[c]__Org1,met,Org1
BI,fol[e]__Org1,met,Org1
BI,FORt__Org1,rxn,Org1
BI,for[c]__Org1,met,Org1
BI,for[e]__Org1,met,Org1
BI,FPGS__Org1,rxn,Org1
BI,5thf[c]__Org1,met,Org1
BI,adp[c]__Org1,met,Org1
BI,atp[c]__Org1,met,Org1
BI,glu_L[c]__Org1,met,Org1
BI,h2o[c]__Org1,met,Org1
BI,h[c]__Org1,met,Org1
BI,pi[c]__Org1,met,Org1
BI,thf[c]__Org1,met,Org1
BI,FPGS7__Org1,rxn,Org1
BI,10fthf5glu[c]__Org1,met,Org1
BI,10fthf[c]__Org1,met,Org1
BI,adp[c]__Org1,met,Org1
BI,atp[c]__Org1,met,Org1
BI,glu_L[c]__Org1,met,Org1
BI,h2o[c]__Org1,met,Org1
BI,h[c]__Org1,met,Org1
BI,pi[c]__Org1,met,Org1
BI,FPGS_tm__Org1,rxn,Org1
BI,thfglu[c]__Org1,met,Org1
BI,adp[c]__Org1,met,Org1
BI,atp[c]__Org1,met,Org1
BI,glu_L[c]__Org1,met,Org1
BI,h[c]__Org1,met,Org1
BI,pi[c]__Org1,met,Org1
BI,thf[c]__Org1,met,Org1
BI,FRD2__Org1,rxn,Org1
BI,succ[c]__Org1,met,Org1
BI,fum[c]__Org1,met,Org1
BI,mql8[c]__Org1,met,Org1
BI,mqn8[c]__Org1,met,Org1
BI,FRD3__Org1,rxn,Org1
BI,2dmmq8[c]__Org1,met,Org1
BI,2dmmql8[c]__Org1,met,Org1
BI,fum[c]__Org1,met,Org1
BI,succ[c]__Org1,met,Org1
BI,FRD7__Org1,rxn,Org1
BI,fum[c]__Org1,met,Org1
BI,q8[c]__Org1,met,Org1
BI,q8h2[c]__Org1,met,Org1
BI,succ[c]__Org1,met,Org1
BI,FRDOr__Org1,rxn,Org1
BI,fdxox[c]__Org1,met,Org1
BI,fdxrd[c]__Org1,met,Org1
BI,h[c]__Org1,met,Org1
BI,nadp[c]__Org1,met,Org1
BI,nadph[c]__Org1,met,Org1
BI,FRUt2r__Org1,rxn,Org1
BI,fru[c]__Org1,met,Org1
BI,fru[e]__Org1,met,Org1
BI,h[c]__Org1,met,Org1
BI,h[e]__Org1,met,Org1
BI,FT__Org1,rxn,Org1
BI,frdp[c]__Org1,met,Org1
BI,ttc_ggdp[c]__Org1,met,Org1
BI,ipdp[c]__Org1,met,Org1
BI,ppi[c]__Org1,met,Org1
BI,FTHFCL__Org1,rxn,Org1
BI,5fthf[c]__Org1,met,Org1
BI,methf[c]__Org1,met,Org1
BI,adp[c]__Org1,met,Org1
BI,atp[c]__Org1,met,Org1
BI,pi[c]__Org1,met,Org1
BI,FTHFL__Org1,rxn,Org1
BI,10fthf[c]__Org1,met,Org1
BI,adp[c]__Org1,met,Org1
BI,atp[c]__Org1,met,Org1
BI,for[c]__Org1,met,Org1
BI,pi[c]__Org1,met,Org1
BI,thf[c]__Org1,met,Org1
BI,FUCt2_1__Org1,rxn,Org1
BI,fuc_L[c]__Org1,met,Org1
BI,fuc_L[e]__Org1,met,Org1
BI,h[c]__Org1,met,Org1
BI,h[e]__Org1,met,Org1
BI,FUM__Org1,rxn,Org1
BI,mal_L[c]__Org1,met,Org1
BI,fum[c]__Org1,met,Org1
BI,h2o[c]__Org1,met,Org1
BI,FUMt2__Org1,rxn,Org1
BI,fum[c]__Org1,met,Org1
BI,fum[e]__Org1,met,Org1
BI,h[c]__Org1,met,Org1
BI,h[e]__Org1,met,Org1
BI,G1PACT__Org1,rxn,Org1
BI,acgam1p[c]__Org1,met,Org1
BI,gam1p[c]__Org1,met,Org1
BI,accoa[c]__Org1,met,Org1
BI,coa[c]__Org1,met,Org1
BI,h[c]__Org1,met,Org1
BI,G3PCT__Org1,rxn,Org1
BI,glyc3p[c]__Org1,met,Org1
BI,cdpglyc[c]__Org1,met,Org1
BI,ctp[c]__Org1,met,Org1
BI,h[c]__Org1,met,Org1
BI,ppi[c]__Org1,met,Org1
BI,G3PD1__Org1,rxn,Org1
BI,dhap[c]__Org1,met,Org1
BI,glyc3p[c]__Org1,met,Org1
BI,h[c]__Org1,met,Org1
BI,nad[c]__Org1,met,Org1
BI,nadh[c]__Org1,met,Org1
BI,G3PD2__Org1,rxn,Org1
BI,dhap[c]__Org1,met,Org1
BI,glyc3p[c]__Org1,met,Org1
BI,h[c]__Org1,met,Org1
BI,nadp[c]__Org1,met,Org1
BI,nadph[c]__Org1,met,Org1
BI,G5SADs__Org1,rxn,Org1
BI,1pyr5c[c]__Org1,met,Org1
BI,glu5sa[c]__Org1,met,Org1
BI,h2o[c]__Org1,met,Org1
BI,h[c]__Org1,met,Org1
BI,G5SDr__Org1,rxn,Org1
BI,glu5p[c]__Org1,met,Org1
BI,glu5sa[c]__Org1,met,Org1
BI,h[c]__Org1,met,Org1
BI,nadp[c]__Org1,met,Org1
BI,nadph[c]__Org1,met,Org1
BI,pi[c]__Org1,met,Org1
BI,G6PDA__Org1,rxn,Org1
BI,f6p[c]__Org1,met,Org1
BI,gam6p[c]__Org1,met,Org1
BI,h2o[c]__Org1,met,Org1
BI,nh4[c]__Org1,met,Org1
BI,G6PDH2__Org1,rxn,Org1
BI,6pgl[c]__Org1,met,Org1
BI,g6p[c]__Org1,met,Org1
BI,h[c]__Org1,met,Org1
BI,nadp[c]__Org1,met,Org1
BI,nadph[c]__Org1,met,Org1
BI,G6PI__Org1,rxn,Org1
BI,g6p_B[c]__Org1,met,Org1
BI,g6p[c]__Org1,met,Org1
BI,G6PI3__Org1,rxn,Org1
BI,f6p[c]__Org1,met,Org1
BI,g6p_B[c]__Org1,met,Org1
BI,GALAM6PDA__Org1,rxn,Org1
BI,galam6p[c]__Org1,met,Org1
BI,tag6p_D[c]__Org1,met,Org1
BI,h2o[c]__Org1,met,Org1
BI,nh4[c]__Org1,met,Org1
BI,GALAMt2r__Org1,rxn,Org1
BI,galam[c]__Org1,met,Org1
BI,galam[e]__Org1,met,Org1
BI,h[c]__Org1,met,Org1
BI,h[e]__Org1,met,Org1
BI,GALASE_LACTL__Org1,rxn,Org1
BI,gal[c]__Org1,met,Org1
BI,lactl[c]__Org1,met,Org1
BI,fru[c]__Org1,met,Org1
BI,h2o[c]__Org1,met,Org1
BI,GALASE_OGLYCAN1e__Org1,rxn,Org1
BI,core6[e]__Org1,met,Org1
BI,f1a[e]__Org1,met,Org1
BI,gal[e]__Org1,met,Org1
BI,h2o[e]__Org1,met,Org1
BI,GALASE_OGLYCAN2e__Org1,rxn,Org1
BI,T_antigen[e]__Org1,met,Org1
BI,Tn_antigen[e]__Org1,met,Org1
BI,gal[e]__Org1,met,Org1
BI,h2o[e]__Org1,met,Org1
BI,GALASE_OGLYCAN3e__Org1,rxn,Org1
BI,Tn_antigen[e]__Org1,met,Org1
BI,core8[e]__Org1,met,Org1
BI,gal[e]__Org1,met,Org1
BI,h2o[e]__Org1,met,Org1
BI,GALK__Org1,rxn,Org1
BI,gal1p[c]__Org1,met,Org1
BI,adp[c]__Org1,met,Org1
BI,atp[c]__Org1,met,Org1
BI,gal[c]__Org1,met,Org1
BI,h[c]__Org1,met,Org1
BI,GALNACASE_OGLYCAN1e__Org1,rxn,Org1
BI,Ser_Thr[e]__Org1,met,Org1
BI,Tn_antigen[e]__Org1,met,Org1
BI,acgal[e]__Org1,met,Org1
BI,h2o[e]__Org1,met,Org1
BI,GALNACASE_OGLYCAN2e__Org1,rxn,Org1
BI,Tn_antigen[e]__Org1,met,Org1
BI,acgal[e]__Org1,met,Org1
BI,core5[e]__Org1,met,Org1
BI,h2o[e]__Org1,met,Org1
BI,GALNACASE_OGLYCAN3e__Org1,rxn,Org1
BI,Tn_antigen[e]__Org1,met,Org1
BI,acgal[e]__Org1,met,Org1
BI,core7[e]__Org1,met,Org1
BI,h2o[e]__Org1,met,Org1
BI,GALS3__Org1,rxn,Org1
BI,melib[c]__Org1,met,Org1
BI,gal[c]__Org1,met,Org1
BI,glc_D[c]__Org1,met,Org1
BI,h2o[c]__Org1,met,Org1
BI,GALT__Org1,rxn,Org1
BI,udpgal[c]__Org1,met,Org1
BI,gal1p[c]__Org1,met,Org1
BI,h[c]__Org1,met,Org1
BI,ppi[c]__Org1,met,Org1
BI,utp[c]__Org1,met,Org1
BI,GALU__Org1,rxn,Org1
BI,g1p[c]__Org1,met,Org1
BI,udpg[c]__Org1,met,Org1
BI,h[c]__Org1,met,Org1
BI,ppi[c]__Org1,met,Org1
BI,utp[c]__Org1,met,Org1
BI,GALabc__Org1,rxn,Org1
BI,adp[c]__Org1,met,Org1
BI,atp[c]__Org1,met,Org1
BI,gal[c]__Org1,met,Org1
BI,gal[e]__Org1,met,Org1
BI,h2o[c]__Org1,met,Org1
BI,h[c]__Org1,met,Org1
BI,pi[c]__Org1,met,Org1
BI,GALt1r__Org1,rxn,Org1
BI,gal[c]__Org1,met,Org1
BI,gal[e]__Org1,met,Org1
BI,GALt2_2i__Org1,rxn,Org1
BI,gal[c]__Org1,met,Org1
BI,gal[e]__Org1,met,Org1
BI,h[c]__Org1,met,Org1
BI,h[e]__Org1,met,Org1
BI,GAPD__Org1,rxn,Org1
BI,13dpg[c]__Org1,met,Org1
BI,g3p[c]__Org1,met,Org1
BI,h[c]__Org1,met,Org1
BI,nad[c]__Org1,met,Org1
BI,nadh[c]__Org1,met,Org1
BI,pi[c]__Org1,met,Org1
BI,GART__Org1,rxn,Org1
BI,fgam[c]__Org1,met,Org1
BI,gar[c]__Org1,met,Org1
BI,adp[c]__Org1,met,Org1
BI,atp[c]__Org1,met,Org1
BI,for[c]__Org1,met,Org1
BI,h[c]__Org1,met,Org1
BI,pi[c]__Org1,met,Org1
BI,GCALDD__Org1,rxn,Org1
BI,glyclt[c]__Org1,met,Org1
BI,gcald[c]__Org1,met,Org1
BI,h2o[c]__Org1,met,Org1
BI,h[c]__Org1,met,Org1
BI,nad[c]__Org1,met,Org1
BI,nadh[c]__Org1,met,Org1
BI,GCCb__Org1,rxn,Org1
BI,alpro[c]__Org1,met,Org1
BI,dhlpro[c]__Org1,met,Org1
BI,mlthf[c]__Org1,met,Org1
BI,nh4[c]__Org1,met,Org1
BI,thf[c]__Org1,met,Org1
BI,GCCc__Org1,rxn,Org1
BI,lpro[c]__Org1,met,Org1
BI,dhlpro[c]__Org1,met,Org1
BI,h[c]__Org1,met,Org1
BI,nad[c]__Org1,met,Org1
BI,nadh[c]__Org1,met,Org1
BI,GCDCHOLBHSe__Org1,rxn,Org1
BI,C02528[e]__Org1,met,Org1
BI,dgchol[e]__Org1,met,Org1
BI,gly[e]__Org1,met,Org1
BI,h2o[e]__Org1,met,Org1
BI,h[e]__Org1,met,Org1
BI,GCHOLBHSe__Org1,rxn,Org1
BI,cholate[e]__Org1,met,Org1
BI,gchola[e]__Org1,met,Org1
BI,gly[e]__Org1,met,Org1
BI,h2o[e]__Org1,met,Org1
BI,h[e]__Org1,met,Org1
BI,GDCABSHe__Org1,rxn,Org1
BI,M01989[e]__Org1,met,Org1
BI,dchac[e]__Org1,met,Org1
BI,gly[e]__Org1,met,Org1
BI,h2o[e]__Org1,met,Org1
BI,h[e]__Org1,met,Org1
BI,GF6PTA__Org1,rxn,Org1
BI,f6p[c]__Org1,met,Org1
BI,gam6p[c]__Org1,met,Org1
BI,gln_L[c]__Org1,met,Org1
BI,glu_L[c]__Org1,met,Org1
BI,GHMT2r__Org1,rxn,Org1
BI,gly[c]__Org1,met,Org1
BI,h2o[c]__Org1,met,Org1
BI,mlthf[c]__Org1,met,Org1
BI,ser_L[c]__Org1,met,Org1
BI,thf[c]__Org1,met,Org1
BI,GK1__Org1,rxn,Org1
BI,gmp[c]__Org1,met,Org1
BI,adp[c]__Org1,met,Org1
BI,atp[c]__Org1,met,Org1
BI,gdp[c]__Org1,met,Org1
BI,GK2__Org1,rxn,Org1
BI,dadp[c]__Org1,met,Org1
BI,datp[c]__Org1,met,Org1
BI,gdp[c]__Org1,met,Org1
BI,gmp[c]__Org1,met,Org1
BI,GLCABSHe__Org1,rxn,Org1
BI,HC02191[e]__Org1,met,Org1
BI,HC02193[e]__Org1,met,Org1
BI,gly[e]__Org1,met,Org1
BI,h2o[e]__Org1,met,Org1
BI,GLCNACASE_OGLYCAN1e__Org1,rxn,Org1
BI,Tn_antigen[e]__Org1,met,Org1
BI,acgam[e]__Org1,met,Org1
BI,core6[e]__Org1,met,Org1
BI,h2o[e]__Org1,met,Org1
BI,GLCNACASE_OGLYCAN2e__Org1,rxn,Org1
BI,acgam[e]__Org1,met,Org1
BI,core2[e]__Org1,met,Org1
BI,gncore2[e]__Org1,met,Org1
BI,h2o[e]__Org1,met,Org1
BI,GLCNACASE_OGLYCAN3e__Org1,rxn,Org1
BI,T_antigen[e]__Org1,met,Org1
BI,acgam[e]__Org1,met,Org1
BI,core2[e]__Org1,met,Org1
BI,h2o[e]__Org1,met,Org1
BI,GLCNACASE_OGLYCAN4e__Org1,rxn,Org1
BI,T_antigen[e]__Org1,met,Org1
BI,acgam[e]__Org1,met,Org1
BI,gncore1[e]__Org1,met,Org1
BI,h2o[e]__Org1,met,Org1
BI,GLCNACASE_OGLYCAN5e__Org1,rxn,Org1
BI,acgam[e]__Org1,met,Org1
BI,core3[e]__Org1,met,Org1
BI,core4[e]__Org1,met,Org1
BI,h2o[e]__Org1,met,Org1
BI,GLCNACASE_OGLYCAN6e__Org1,rxn,Org1
BI,Tn_antigen[e]__Org1,met,Org1
BI,acgam[e]__Org1,met,Org1
BI,core3[e]__Org1,met,Org1
BI,h2o[e]__Org1,met,Org1
BI,GLCP3__Org1,rxn,Org1
BI,glycogen[c]__Org1,met,Org1
BI,glycogenb[c]__Org1,met,Org1
BI,g1p[c]__Org1,met,Org1
BI,h[c]__Org1,met,Org1
BI,pi[c]__Org1,met,Org1
BI,GLCTR4r__Org1,rxn,Org1
BI,sucr[c]__Org1,met,Org1
BI,fru[c]__Org1,met,Org1
BI,g1p[c]__Org1,met,Org1
BI,pi[c]__Org1,met,Org1
BI,GLCURt2r__Org1,rxn,Org1
BI,glcur[c]__Org1,met,Org1
BI,glcur[e]__Org1,met,Org1
BI,h[c]__Org1,met,Org1
BI,h[e]__Org1,met,Org1
BI,GLCabc__Org1,rxn,Org1
BI,adp[c]__Org1,met,Org1
BI,atp[c]__Org1,met,Org1
BI,glc_D[c]__Org1,met,Org1
BI,glc_D[e]__Org1,met,Org1
BI,h2o[c]__Org1,met,Org1
BI,h[c]__Org1,met,Org1
BI,pi[c]__Org1,met,Org1
BI,GLGC__Org1,rxn,Org1
BI,adpglc[c]__Org1,met,Org1
BI,atp[c]__Org1,met,Org1
BI,g1p[c]__Org1,met,Org1
BI,h[c]__Org1,met,Org1
BI,ppi[c]__Org1,met,Org1
BI,GLKKpppi__Org1,rxn,Org1
BI,g6p[c]__Org1,met,Org1
BI,glc_D[c]__Org1,met,Org1
BI,h[c]__Org1,met,Org1
BI,ppi[c]__Org1,met,Org1
BI,pppi[c]__Org1,met,Org1
BI,GLNS__Org1,rxn,Org1
BI,adp[c]__Org1,met,Org1
BI,atp[c]__Org1,met,Org1
BI,gln_L[c]__Org1,met,Org1
BI,glu_L[c]__Org1,met,Org1
BI,h[c]__Org1,met,Org1
BI,nh4[c]__Org1,met,Org1
BI,pi[c]__Org1,met,Org1
BI,GLNSP1__Org1,rxn,Org1
BI,uaaAgla[c]__Org1,met,Org1
BI,uaaAgtla[c]__Org1,met,Org1
BI,adp[c]__Org1,met,Org1
BI,atp[c]__Org1,met,Org1
BI,h[c]__Org1,met,Org1
BI,nh4[c]__Org1,met,Org1
BI,pi[c]__Org1,met,Org1
BI,GLNSP2__Org1,rxn,Org1
BI,uaaGgla[c]__Org1,met,Org1
BI,uaaGgtla[c]__Org1,met,Org1
BI,adp[c]__Org1,met,Org1
BI,atp[c]__Org1,met,Org1
BI,h[c]__Org1,met,Org1
BI,nh4[c]__Org1,met,Org1
BI,pi[c]__Org1,met,Org1
BI,GLNSP3__Org1,rxn,Org1
BI,uaagmda[c]__Org1,met,Org1
BI,uaagtmda[c]__Org1,met,Org1
BI,adp[c]__Org1,met,Org1
BI,atp[c]__Org1,met,Org1
BI,h[c]__Org1,met,Org1
BI,nh4[c]__Org1,met,Org1
BI,pi[c]__Org1,met,Org1
BI,GLU5K__Org1,rxn,Org1
BI,adp[c]__Org1,met,Org1
BI,atp[c]__Org1,met,Org1
BI,glu5p[c]__Org1,met,Org1
BI,glu_L[c]__Org1,met,Org1
BI,GLUDC__Org1,rxn,Org1
BI,4abut[c]__Org1,met,Org1
BI,co2[c]__Org1,met,Org1
BI,glu_L[c]__Org1,met,Org1
BI,h[c]__Org1,met,Org1
BI,GLUOX__Org1,rxn,Org1
BI,akg[c]__Org1,met,Org1
BI,gln_L[c]__Org1,met,Org1
BI,glu_L[c]__Org1,met,Org1
BI,h[c]__Org1,met,Org1
BI,nadp[c]__Org1,met,Org1
BI,nadph[c]__Org1,met,Org1
BI,GLUPRT__Org1,rxn,Org1
BI,pram[c]__Org1,met,Org1
BI,gln_L[c]__Org1,met,Org1
BI,glu_L[c]__Org1,met,Org1
BI,h2o[c]__Org1,met,Org1
BI,ppi[c]__Org1,met,Org1
BI,prpp[c]__Org1,met,Org1
BI,GLUR__Org1,rxn,Org1
BI,glu_D[c]__Org1,met,Org1
BI,glu_L[c]__Org1,met,Org1
BI,GLUSx__Org1,rxn,Org1
BI,akg[c]__Org1,met,Org1
BI,gln_L[c]__Org1,met,Org1
BI,glu_L[c]__Org1,met,Org1
BI,h[c]__Org1,met,Org1
BI,nad[c]__Org1,met,Org1
BI,nadh[c]__Org1,met,Org1
BI,GLUSy__Org1,rxn,Org1
BI,akg[c]__Org1,met,Org1
BI,gln_L[c]__Org1,met,Org1
BI,glu_L[c]__Org1,met,Org1
BI,h[c]__Org1,met,Org1
BI,nadp[c]__Org1,met,Org1
BI,nadph[c]__Org1,met,Org1
BI,GLUTRS__Org1,rxn,Org1
BI,glutrna[c]__Org1,met,Org1
BI,trnaglu[c]__Org1,met,Org1
BI,amp[c]__Org1,met,Org1
BI,atp[c]__Org1,met,Org1
BI,glu_L[c]__Org1,met,Org1
BI,ppi[c]__Org1,met,Org1
BI,GLXO1__Org1,rxn,Org1
BI,glx[c]__Org1,met,Org1
BI,oxa[c]__Org1,met,Org1
BI,h2o[c]__Org1,met,Org1
BI,h[c]__Org1,met,Org1
BI,nad[c]__Org1,met,Org1
BI,nadh[c]__Org1,met,Org1
BI,GLYASN1c__Org1,rxn,Org1
BI,glyasn[c]__Org1,met,Org1
BI,asn_L[c]__Org1,met,Org1
BI,gly[c]__Org1,met,Org1
BI,h2o[c]__Org1,met,Org1
BI,GLYASNabc__Org1,rxn,Org1
BI,adp[c]__Org1,met,Org1
BI,atp[c]__Org1,met,Org1
BI,glyasn[c]__Org1,met,Org1
BI,glyasn[e]__Org1,met,Org1
BI,h2o[c]__Org1,met,Org1
BI,h[c]__Org1,met,Org1
BI,pi[c]__Org1,met,Org1
BI,GLYASP1c__Org1,rxn,Org1
BI,glyasp[c]__Org1,met,Org1
BI,asp_L[c]__Org1,met,Org1
BI,gly[c]__Org1,met,Org1
BI,h2o[c]__Org1,met,Org1
BI,GLYASPabc__Org1,rxn,Org1
BI,adp[c]__Org1,met,Org1
BI,atp[c]__Org1,met,Org1
BI,glyasp[c]__Org1,met,Org1
BI,glyasp[e]__Org1,met,Org1
BI,h2o[c]__Org1,met,Org1
BI,h[c]__Org1,met,Org1
BI,pi[c]__Org1,met,Org1
BI,GLYC3Pabc__Org1,rxn,Org1
BI,adp[c]__Org1,met,Org1
BI,atp[c]__Org1,met,Org1
BI,glyc3p[c]__Org1,met,Org1
BI,glyc3p[e]__Org1,met,Org1
BI,h2o[c]__Org1,met,Org1
BI,h[c]__Org1,met,Org1
BI,pi[c]__Org1,met,Org1
BI,GLYCLTDxr__Org1,rxn,Org1
BI,glx[c]__Org1,met,Org1
BI,glyclt[c]__Org1,met,Org1
BI,h[c]__Org1,met,Org1
BI,nad[c]__Org1,met,Org1
BI,nadh[c]__Org1,met,Org1
BI,GLYCYSabc__Org1,rxn,Org1
BI,adp[c]__Org1,met,Org1
BI,atp[c]__Org1,met,Org1
BI,glycys[c]__Org1,met,Org1
BI,glycys[e]__Org1,met,Org1
BI,h2o[c]__Org1,met,Org1
BI,h[c]__Org1,met,Org1
BI,pi[c]__Org1,met,Org1
BI,GLYCt__Org1,rxn,Org1
BI,glyc[c]__Org1,met,Org1
BI,glyc[e]__Org1,met,Org1
BI,GLYGLN1c__Org1,rxn,Org1
BI,glygln[c]__Org1,met,Org1
BI,gln_L[c]__Org1,met,Org1
BI,gly[c]__Org1,met,Org1
BI,h2o[c]__Org1,met,Org1
BI,GLYGLNabc__Org1,rxn,Org1
BI,adp[c]__Org1,met,Org1
BI,atp[c]__Org1,met,Org1
BI,glygln[c]__Org1,met,Org1
BI,glygln[e]__Org1,met,Org1
BI,h2o[c]__Org1,met,Org1
BI,h[c]__Org1,met,Org1
BI,pi[c]__Org1,met,Org1
BI,GLYGLU1c__Org1,rxn,Org1
BI,glyglu[c]__Org1,met,Org1
BI,glu_L[c]__Org1,met,Org1
BI,gly[c]__Org1,met,Org1
BI,h2o[c]__Org1,met,Org1
BI,GLYGLUabc__Org1,rxn,Org1
BI,adp[c]__Org1,met,Org1
BI,atp[c]__Org1,met,Org1
BI,glyglu[c]__Org1,met,Org1
BI,glyglu[e]__Org1,met,Org1
BI,h2o[c]__Org1,met,Org1
BI,h[c]__Org1,met,Org1
BI,pi[c]__Org1,met,Org1
BI,GLYK__Org1,rxn,Org1
BI,adp[c]__Org1,met,Org1
BI,atp[c]__Org1,met,Org1
BI,glyc3p[c]__Org1,met,Org1
BI,glyc[c]__Org1,met,Org1
BI,h[c]__Org1,met,Org1
BI,GLYLEUHYDROc__Org1,rxn,Org1
BI,glyleu[c]__Org1,met,Org1
BI,gly[c]__Org1,met,Org1
BI,h2o[c]__Org1,met,Org1
BI,leu_L[c]__Org1,met,Org1
BI,GLYLEUPEPT1tc__Org1,rxn,Org1
BI,glyleu[c]__Org1,met,Org1
BI,glyleu[e]__Org1,met,Org1
BI,h[c]__Org1,met,Org1
BI,h[e]__Org1,met,Org1
BI,GLYMET1c__Org1,rxn,Org1
BI,glymet[c]__Org1,met,Org1
BI,met_L[c]__Org1,met,Org1
BI,gly[c]__Org1,met,Org1
BI,h2o[c]__Org1,met,Org1
BI,GLYMETabc__Org1,rxn,Org1
BI,adp[c]__Org1,met,Org1
BI,atp[c]__Org1,met,Org1
BI,glymet[c]__Org1,met,Org1
BI,glymet[e]__Org1,met,Org1
BI,h2o[c]__Org1,met,Org1
BI,h[c]__Org1,met,Org1
BI,pi[c]__Org1,met,Org1
BI,GLYPHEHYc__Org1,rxn,Org1
BI,glyphe[c]__Org1,met,Org1
BI,phe_L[c]__Org1,met,Org1
BI,gly[c]__Org1,met,Org1
BI,h2o[c]__Org1,met,Org1
BI,GLYPHEabc__Org1,rxn,Org1
BI,adp[c]__Org1,met,Org1
BI,atp[c]__Org1,met,Org1
BI,glyphe[c]__Org1,met,Org1
BI,glyphe[e]__Org1,met,Org1
BI,h2o[c]__Org1,met,Org1
BI,h[c]__Org1,met,Org1
BI,pi[c]__Org1,met,Org1
BI,GLYPROPRO1c__Org1,rxn,Org1
BI,glypro[c]__Org1,met,Org1
BI,pro_L[c]__Org1,met,Org1
BI,gly[c]__Org1,met,Org1
BI,h2o[c]__Org1,met,Org1
BI,GLYPROabc__Org1,rxn,Org1
BI,adp[c]__Org1,met,Org1
BI,atp[c]__Org1,met,Org1
BI,glypro[c]__Org1,met,Org1
BI,glypro[e]__Org1,met,Org1
BI,h2o[c]__Org1,met,Org1
BI,h[c]__Org1,met,Org1
BI,pi[c]__Org1,met,Org1
BI,GLYTYR1c__Org1,rxn,Org1
BI,glytyr[c]__Org1,met,Org1
BI,tyr_L[c]__Org1,met,Org1
BI,gly[c]__Org1,met,Org1
BI,h2o[c]__Org1,met,Org1
BI,GLYTYRabc__Org1,rxn,Org1
BI,adp[c]__Org1,met,Org1
BI,atp[c]__Org1,met,Org1
BI,glytyr[c]__Org1,met,Org1
BI,glytyr[e]__Org1,met,Org1
BI,h2o[c]__Org1,met,Org1
BI,h[c]__Org1,met,Org1
BI,pi[c]__Org1,met,Org1
BI,GMPS2__Org1,rxn,Org1
BI,xmp[c]__Org1,met,Org1
BI,amp[c]__Org1,met,Org1
BI,atp[c]__Org1,met,Org1
BI,gln_L[c]__Org1,met,Org1
BI,glu_L[c]__Org1,met,Org1
BI,gmp[c]__Org1,met,Org1
BI,h2o[c]__Org1,met,Org1
BI,h[c]__Org1,met,Org1
BI,ppi[c]__Org1,met,Org1
BI,GND__Org1,rxn,Org1
BI,6pgc[c]__Org1,met,Org1
BI,co2[c]__Org1,met,Org1
BI,nadp[c]__Org1,met,Org1
BI,nadph[c]__Org1,met,Org1
BI,ru5p_D[c]__Org1,met,Org1
BI,GNK__Org1,rxn,Org1
BI,glcn[c]__Org1,met,Org1
BI,6pgc[c]__Org1,met,Org1
BI,adp[c]__Org1,met,Org1
BI,atp[c]__Org1,met,Org1
BI,h[c]__Org1,met,Org1
BI,GNNUC__Org1,rxn,Org1
BI,gsn[c]__Org1,met,Org1
BI,gua[c]__Org1,met,Org1
BI,h2o[c]__Org1,met,Org1
BI,rib_D[c]__Org1,met,Org1
BI,GPDDA1__Org1,rxn,Org1
BI,chol[c]__Org1,met,Org1
BI,g3pc[c]__Org1,met,Org1
BI,glyc3p[c]__Org1,met,Org1
BI,h2o[c]__Org1,met,Org1
BI,h[c]__Org1,met,Org1
BI,GPDDA2__Org1,rxn,Org1
BI,etha[c]__Org1,met,Org1
BI,g3pe[c]__Org1,met,Org1
BI,glyc3p[c]__Org1,met,Org1
BI,h2o[c]__Org1,met,Org1
BI,h[c]__Org1,met,Org1
BI,GPDDA4__Org1,rxn,Org1
BI,g3pg[c]__Org1,met,Org1
BI,glyc3p[c]__Org1,met,Org1
BI,glyc[c]__Org1,met,Org1
BI,h2o[c]__Org1,met,Org1
BI,h[c]__Org1,met,Org1
BI,GRTT__Org1,rxn,Org1
BI,frdp[c]__Org1,met,Org1
BI,grdp[c]__Org1,met,Org1
BI,ipdp[c]__Org1,met,Org1
BI,ppi[c]__Org1,met,Org1
BI,GTPCI__Org1,rxn,Org1
BI,ahdt[c]__Org1,met,Org1
BI,for[c]__Org1,met,Org1
BI,gtp[c]__Org1,met,Org1
BI,h2o[c]__Org1,met,Org1
BI,h[c]__Org1,met,Org1
BI,GTPCII__Org1,rxn,Org1
BI,25dhpp[c]__Org1,met,Org1
BI,for[c]__Org1,met,Org1
BI,gtp[c]__Org1,met,Org1
BI,h2o[c]__Org1,met,Org1
BI,h[c]__Org1,met,Org1
BI,ppi[c]__Org1,met,Org1
BI,GTPDPK__Org1,rxn,Org1
BI,gdptp[c]__Org1,met,Org1
BI,amp[c]__Org1,met,Org1
BI,atp[c]__Org1,met,Org1
BI,gtp[c]__Org1,met,Org1
BI,h[c]__Org1,met,Org1
BI,GUAPRT__Org1,rxn,Org1
BI,gmp[c]__Org1,met,Org1
BI,gua[c]__Org1,met,Org1
BI,ppi[c]__Org1,met,Org1
BI,prpp[c]__Org1,met,Org1
BI,GUI1__Org1,rxn,Org1
BI,fruur[c]__Org1,met,Org1
BI,glcur[c]__Org1,met,Org1
BI,GUI2__Org1,rxn,Org1
BI,galur[c]__Org1,met,Org1
BI,tagur[c]__Org1,met,Org1
BI,H2CO3D__Org1,rxn,Org1
BI,co2[c]__Org1,met,Org1
BI,h2o[c]__Org1,met,Org1
BI,h[c]__Org1,met,Org1
BI,hco3[c]__Org1,met,Org1
BI,H2Ot__Org1,rxn,Org1
BI,h2o[c]__Org1,met,Org1
BI,h2o[e]__Org1,met,Org1
BI,HETZK__Org1,rxn,Org1
BI,4mhetz[c]__Org1,met,Org1
BI,4mpetz[c]__Org1,met,Org1
BI,adp[c]__Org1,met,Org1
BI,atp[c]__Org1,met,Org1
BI,h[c]__Org1,met,Org1
BI,HEX1__Org1,rxn,Org1
BI,adp[c]__Org1,met,Org1
BI,atp[c]__Org1,met,Org1
BI,g6p[c]__Org1,met,Org1
BI,glc_D[c]__Org1,met,Org1
BI,h[c]__Org1,met,Org1
BI,HEX11__Org1,rxn,Org1
BI,adp[c]__Org1,met,Org1
BI,atp[c]__Org1,met,Org1
BI,galam6p[c]__Org1,met,Org1
BI,galam[c]__Org1,met,Org1
BI,HEX4__Org1,rxn,Org1
BI,man6p[c]__Org1,met,Org1
BI,man[c]__Org1,met,Org1
BI,adp[c]__Org1,met,Org1
BI,atp[c]__Org1,met,Org1
BI,h[c]__Org1,met,Org1
BI,HEX7__Org1,rxn,Org1
BI,adp[c]__Org1,met,Org1
BI,atp[c]__Org1,met,Org1
BI,f6p[c]__Org1,met,Org1
BI,fru[c]__Org1,met,Org1
BI,h[c]__Org1,met,Org1
BI,HG2abc__Org1,rxn,Org1
BI,hg2[c]__Org1,met,Org1
BI,adp[c]__Org1,met,Org1
BI,atp[c]__Org1,met,Org1
BI,h2o[c]__Org1,met,Org1
BI,h[c]__Org1,met,Org1
BI,hg2[e]__Org1,met,Org1
BI,pi[c]__Org1,met,Org1
BI,HISCAT1__Org1,rxn,Org1
BI,his_L[c]__Org1,met,Org1
BI,his_L[e]__Org1,met,Org1
BI,HISTD__Org1,rxn,Org1
BI,histd[c]__Org1,met,Org1
BI,h2o[c]__Org1,met,Org1
BI,h[c]__Org1,met,Org1
BI,his_L[c]__Org1,met,Org1
BI,nad[c]__Org1,met,Org1
BI,nadh[c]__Org1,met,Org1
BI,HISTDOX__Org1,rxn,Org1
BI,histl_L[c]__Org1,met,Org1
BI,h[c]__Org1,met,Org1
BI,histd[c]__Org1,met,Org1
BI,nad[c]__Org1,met,Org1
BI,nadh[c]__Org1,met,Org1
BI,HISTLOX__Org1,rxn,Org1
BI,h2o[c]__Org1,met,Org1
BI,h[c]__Org1,met,Org1
BI,his_L[c]__Org1,met,Org1
BI,histl_L[c]__Org1,met,Org1
BI,nad[c]__Org1,met,Org1
BI,nadh[c]__Org1,met,Org1
BI,HISt2__Org1,rxn,Org1
BI,h[c]__Org1,met,Org1
BI,h[e]__Org1,met,Org1
BI,his_L[c]__Org1,met,Org1
BI,his_L[e]__Org1,met,Org1
BI,HMPK1__Org1,rxn,Org1
BI,4ahmmp[c]__Org1,met,Org1
BI,4ampm[c]__Org1,met,Org1
BI,adp[c]__Org1,met,Org1
BI,atp[c]__Org1,met,Org1
BI,h[c]__Org1,met,Org1
BI,HMPyrABC__Org1,rxn,Org1
BI,4ahmmp[c]__Org1,met,Org1
BI,4ahmmp[e]__Org1,met,Org1
BI,adp[c]__Org1,met,Org1
BI,atp[c]__Org1,met,Org1
BI,h2o[c]__Org1,met,Org1
BI,h[c]__Org1,met,Org1
BI,pi[c]__Org1,met,Org1
BI,HMR_7137__Org1,rxn,Org1
BI,M02469[c]__Org1,met,Org1
BI,selmeth[c]__Org1,met,Org1
BI,2obut[c]__Org1,met,Org1
BI,h2o[c]__Org1,met,Org1
BI,nh4[c]__Org1,met,Org1
BI,HPPK__Org1,rxn,Org1
BI,2ahhmd[c]__Org1,met,Org1
BI,2ahhmp[c]__Org1,met,Org1
BI,amp[c]__Org1,met,Org1
BI,atp[c]__Org1,met,Org1
BI,h[c]__Org1,met,Org1
BI,HPPK2__Org1,rxn,Org1
BI,6hmhpt[c]__Org1,met,Org1
BI,6hmhptpp[c]__Org1,met,Org1
BI,amp[c]__Org1,met,Org1
BI,atp[c]__Org1,met,Org1
BI,h[c]__Org1,met,Org1
BI,HSDx__Org1,rxn,Org1
BI,hom_L[c]__Org1,met,Org1
BI,aspsa[c]__Org1,met,Org1
BI,h[c]__Org1,met,Org1
BI,nad[c]__Org1,met,Org1
BI,nadh[c]__Org1,met,Org1
BI,HSDy__Org1,rxn,Org1
BI,aspsa[c]__Org1,met,Org1
BI,h[c]__Org1,met,Org1
BI,hom_L[c]__Org1,met,Org1
BI,nadp[c]__Org1,met,Org1
BI,nadph[c]__Org1,met,Org1
BI,HSERTA__Org1,rxn,Org1
BI,accoa[c]__Org1,met,Org1
BI,achms[c]__Org1,met,Org1
BI,coa[c]__Org1,met,Org1
BI,hom_L[c]__Org1,met,Org1
BI,HSK__Org1,rxn,Org1
BI,phom[c]__Org1,met,Org1
BI,adp[c]__Org1,met,Org1
BI,atp[c]__Org1,met,Org1
BI,h[c]__Org1,met,Org1
BI,hom_L[c]__Org1,met,Org1
BI,HSTPTr__Org1,rxn,Org1
BI,hisp[c]__Org1,met,Org1
BI,imacp[c]__Org1,met,Org1
BI,akg[c]__Org1,met,Org1
BI,glu_L[c]__Org1,met,Org1
BI,HXPRT__Org1,rxn,Org1
BI,hxan[c]__Org1,met,Org1
BI,imp[c]__Org1,met,Org1
BI,ppi[c]__Org1,met,Org1
BI,prpp[c]__Org1,met,Org1
BI,HYXNt__Org1,rxn,Org1
BI,hxan[c]__Org1,met,Org1
BI,hxan[e]__Org1,met,Org1
BI,ICDHy__Org1,rxn,Org1
BI,akg[c]__Org1,met,Org1
BI,co2[c]__Org1,met,Org1
BI,icit[c]__Org1,met,Org1
BI,nadp[c]__Org1,met,Org1
BI,nadph[c]__Org1,met,Org1
BI,IG3PS__Org1,rxn,Org1
BI,eig3p[c]__Org1,met,Org1
BI,prlp[c]__Org1,met,Org1
BI,aicar[c]__Org1,met,Org1
BI,gln_L[c]__Org1,met,Org1
BI,glu_L[c]__Org1,met,Org1
BI,h[c]__Org1,met,Org1
BI,IGPDH__Org1,rxn,Org1
BI,eig3p[c]__Org1,met,Org1
BI,h2o[c]__Org1,met,Org1
BI,imacp[c]__Org1,met,Org1
BI,IGPS__Org1,rxn,Org1
BI,2cpr5p[c]__Org1,met,Org1
BI,3ig3p[c]__Org1,met,Org1
BI,co2[c]__Org1,met,Org1
BI,h2o[c]__Org1,met,Org1
BI,h[c]__Org1,met,Org1
BI,ILETA__Org1,rxn,Org1
BI,ile_L[c]__Org1,met,Org1
BI,3mop[c]__Org1,met,Org1
BI,akg[c]__Org1,met,Org1
BI,glu_L[c]__Org1,met,Org1
BI,ILEabc__Org1,rxn,Org1
BI,adp[c]__Org1,met,Org1
BI,atp[c]__Org1,met,Org1
BI,h2o[c]__Org1,met,Org1
BI,h[c]__Org1,met,Org1
BI,ile_L[c]__Org1,met,Org1
BI,ile_L[e]__Org1,met,Org1
BI,pi[c]__Org1,met,Org1
BI,ILEt2r__Org1,rxn,Org1
BI,h[c]__Org1,met,Org1
BI,h[e]__Org1,met,Org1
BI,ile_L[c]__Org1,met,Org1
BI,ile_L[e]__Org1,met,Org1
BI,IMACTD__Org1,rxn,Org1
BI,im4ac[c]__Org1,met,Org1
BI,im4act[c]__Org1,met,Org1
BI,h2o[c]__Org1,met,Org1
BI,h[c]__Org1,met,Org1
BI,nad[c]__Org1,met,Org1
BI,nadh[c]__Org1,met,Org1
BI,IMPC__Org1,rxn,Org1
BI,fprica[c]__Org1,met,Org1
BI,h2o[c]__Org1,met,Org1
BI,imp[c]__Org1,met,Org1
BI,IMPD__Org1,rxn,Org1
BI,h2o[c]__Org1,met,Org1
BI,h[c]__Org1,met,Org1
BI,imp[c]__Org1,met,Org1
BI,nad[c]__Org1,met,Org1
BI,nadh[c]__Org1,met,Org1
BI,xmp[c]__Org1,met,Org1
BI,INSH__Org1,rxn,Org1
BI,ins[c]__Org1,met,Org1
BI,h2o[c]__Org1,met,Org1
BI,hxan[c]__Org1,met,Org1
BI,rib_D[c]__Org1,met,Org1
BI,INULINASE__Org1,rxn,Org1
BI,inulin[c]__Org1,met,Org1
BI,fru[c]__Org1,met,Org1
BI,glc_D[c]__Org1,met,Org1
BI,h2o[c]__Org1,met,Org1
BI,INULINabc__Org1,rxn,Org1
BI,adp[c]__Org1,met,Org1
BI,atp[c]__Org1,met,Org1
BI,h2o[c]__Org1,met,Org1
BI,h[c]__Org1,met,Org1
BI,inulin[c]__Org1,met,Org1
BI,inulin[e]__Org1,met,Org1
BI,pi[c]__Org1,met,Org1
BI,IPDPS__Org1,rxn,Org1
BI,h2mb4p[c]__Org1,met,Org1
BI,h2o[c]__Org1,met,Org1
BI,h[c]__Org1,met,Org1
BI,ipdp[c]__Org1,met,Org1
BI,nad[c]__Org1,met,Org1
BI,nadh[c]__Org1,met,Org1
BI,IPDPS2__Org1,rxn,Org1
BI,h2mb4p[c]__Org1,met,Org1
BI,h2o[c]__Org1,met,Org1
BI,h[c]__Org1,met,Org1
BI,ipdp[c]__Org1,met,Org1
BI,nadp[c]__Org1,met,Org1
BI,nadph[c]__Org1,met,Org1
BI,IPDPUPT__Org1,rxn,Org1
BI,udcpdp[c]__Org1,met,Org1
BI,ipdp[c]__Org1,met,Org1
BI,ppi[c]__Org1,met,Org1
BI,ttc_ggdp[c]__Org1,met,Org1
BI,IPMD2__Org1,rxn,Org1
BI,e3mmal[c]__Org1,met,Org1
BI,2obut[c]__Org1,met,Org1
BI,co2[c]__Org1,met,Org1
BI,nad[c]__Org1,met,Org1
BI,nadh[c]__Org1,met,Org1
BI,IPMDr__Org1,rxn,Org1
BI,3c2hmp[c]__Org1,met,Org1
BI,3c4mop[c]__Org1,met,Org1
BI,h[c]__Org1,met,Org1
BI,nad[c]__Org1,met,Org1
BI,nadh[c]__Org1,met,Org1
BI,IPPMIa__Org1,rxn,Org1
BI,2ippm[c]__Org1,met,Org1
BI,3c2hmp[c]__Org1,met,Org1
BI,h2o[c]__Org1,met,Org1
BI,IPPMIb__Org1,rxn,Org1
BI,2ippm[c]__Org1,met,Org1
BI,3c3hmp[c]__Org1,met,Org1
BI,h2o[c]__Org1,met,Org1
BI,ISOMALT__Org1,rxn,Org1
BI,isomal[c]__Org1,met,Org1
BI,glc_D[c]__Org1,met,Org1
BI,h2o[c]__Org1,met,Org1
BI,ISOMALabc__Org1,rxn,Org1
BI,adp[c]__Org1,met,Org1
BI,atp[c]__Org1,met,Org1
BI,h2o[c]__Org1,met,Org1
BI,h[c]__Org1,met,Org1
BI,isomal[c]__Org1,met,Org1
BI,isomal[e]__Org1,met,Org1
BI,pi[c]__Org1,met,Org1
BI,KARA1__Org1,rxn,Org1
BI,23dhmb[c]__Org1,met,Org1
BI,alac_S[c]__Org1,met,Org1
BI,h[c]__Org1,met,Org1
BI,nadp[c]__Org1,met,Org1
BI,nadph[c]__Org1,met,Org1
BI,KARA2__Org1,rxn,Org1
BI,23dhmp[c]__Org1,met,Org1
BI,2ahbut[c]__Org1,met,Org1
BI,h[c]__Org1,met,Org1
BI,nadp[c]__Org1,met,Org1
BI,nadph[c]__Org1,met,Org1
BI,KARA3__Org1,rxn,Org1
BI,23dhmb[c]__Org1,met,Org1
BI,33hmeoxobut[c]__Org1,met,Org1
BI,h[c]__Org1,met,Org1
BI,nadp[c]__Org1,met,Org1
BI,nadph[c]__Org1,met,Org1
BI,KESTOASEe__Org1,rxn,Org1
BI,fru[e]__Org1,met,Org1
BI,glc_D[e]__Org1,met,Org1
BI,h2o[e]__Org1,met,Org1
BI,kesto[e]__Org1,met,Org1
BI,KESTOPTASEe__Org1,rxn,Org1
BI,fru[e]__Org1,met,Org1
BI,glc_D[e]__Org1,met,Org1
BI,h2o[e]__Org1,met,Org1
BI,kestopt[e]__Org1,met,Org1
BI,KESTOTTRASEe__Org1,rxn,Org1
BI,fru[e]__Org1,met,Org1
BI,glc_D[e]__Org1,met,Org1
BI,h2o[e]__Org1,met,Org1
BI,kestottr[e]__Org1,met,Org1
BI,Kt1r__Org1,rxn,Org1
BI,k[c]__Org1,met,Org1
BI,k[e]__Org1,met,Org1
BI,LACTLt__Org1,rxn,Org1
BI,h[c]__Org1,met,Org1
BI,h[e]__Org1,met,Org1
BI,lactl[c]__Org1,met,Org1
BI,lactl[e]__Org1,met,Org1
BI,LACZ__Org1,rxn,Org1
BI,lcts[c]__Org1,met,Org1
BI,gal[c]__Org1,met,Org1
BI,glc_D[c]__Org1,met,Org1
BI,h2o[c]__Org1,met,Org1
BI,LARGNAT__Org1,rxn,Org1
BI,Largn[c]__Org1,met,Org1
BI,asp_L[c]__Org1,met,Org1
BI,oaa[c]__Org1,met,Org1
BI,pphn[c]__Org1,met,Org1
BI,LCARS__Org1,rxn,Org1
BI,12ppd_S[c]__Org1,met,Org1
BI,h[c]__Org1,met,Org1
BI,lald_L[c]__Org1,met,Org1
BI,nad[c]__Org1,met,Org1
BI,nadh[c]__Org1,met,Org1
BI,LCAT__Org1,rxn,Org1
BI,HC02191[c]__Org1,met,Org1
BI,HC02191[e]__Org1,met,Org1
BI,h[c]__Org1,met,Org1
BI,h[e]__Org1,met,Org1
BI,LCTSabc__Org1,rxn,Org1
BI,adp[c]__Org1,met,Org1
BI,atp[c]__Org1,met,Org1
BI,h2o[c]__Org1,met,Org1
BI,h[c]__Org1,met,Org1
BI,lcts[c]__Org1,met,Org1
BI,lcts[e]__Org1,met,Org1
BI,pi[c]__Org1,met,Org1
BI,LDH_L__Org1,rxn,Org1
BI,lac_L[c]__Org1,met,Org1
BI,h[c]__Org1,met,Org1
BI,nad[c]__Org1,met,Org1
BI,nadh[c]__Org1,met,Org1
BI,pyr[c]__Org1,met,Org1
BI,LEUTA__Org1,rxn,Org1
BI,4mop[c]__Org1,met,Org1
BI,akg[c]__Org1,met,Org1
BI,glu_L[c]__Org1,met,Org1
BI,leu_L[c]__Org1,met,Org1
BI,LEUabc__Org1,rxn,Org1
BI,adp[c]__Org1,met,Org1
BI,atp[c]__Org1,met,Org1
BI,h2o[c]__Org1,met,Org1
BI,h[c]__Org1,met,Org1
BI,leu_L[c]__Org1,met,Org1
BI,leu_L[e]__Org1,met,Org1
BI,pi[c]__Org1,met,Org1
BI,LEUt2r__Org1,rxn,Org1
BI,h[c]__Org1,met,Org1
BI,h[e]__Org1,met,Org1
BI,leu_L[c]__Org1,met,Org1
BI,leu_L[e]__Org1,met,Org1
BI,LPLIPAL1A120__Org1,rxn,Org1
BI,ddca[c]__Org1,met,Org1
BI,1ddecg3p[c]__Org1,met,Org1
BI,glyc3p[c]__Org1,met,Org1
BI,h2o[c]__Org1,met,Org1
BI,h[c]__Org1,met,Org1
BI,LPLIPAL1A140__Org1,rxn,Org1
BI,1tdecg3p[c]__Org1,met,Org1
BI,glyc3p[c]__Org1,met,Org1
BI,h2o[c]__Org1,met,Org1
BI,h[c]__Org1,met,Org1
BI,ttdca[c]__Org1,met,Org1
BI,LPLIPAL1A141__Org1,rxn,Org1
BI,ttdcea[c]__Org1,met,Org1
BI,1tdec7eg3p[c]__Org1,met,Org1
BI,glyc3p[c]__Org1,met,Org1
BI,h2o[c]__Org1,met,Org1
BI,h[c]__Org1,met,Org1
BI,LPLIPAL1A160__Org1,rxn,Org1
BI,1hdecg3p[c]__Org1,met,Org1
BI,glyc3p[c]__Org1,met,Org1
BI,h2o[c]__Org1,met,Org1
BI,h[c]__Org1,met,Org1
BI,hdca[c]__Org1,met,Org1
BI,LPLIPAL1A161__Org1,rxn,Org1
BI,1hdec9eg3p[c]__Org1,met,Org1
BI,glyc3p[c]__Org1,met,Org1
BI,h2o[c]__Org1,met,Org1
BI,h[c]__Org1,met,Org1
BI,hdcea[c]__Org1,met,Org1
BI,LPLIPAL1A180__Org1,rxn,Org1
BI,1odecg3p[c]__Org1,met,Org1
BI,glyc3p[c]__Org1,met,Org1
BI,h2o[c]__Org1,met,Org1
BI,h[c]__Org1,met,Org1
BI,ocdca[c]__Org1,met,Org1
BI,LPLIPAL1A181__Org1,rxn,Org1
BI,1odec11eg3p[c]__Org1,met,Org1
BI,glyc3p[c]__Org1,met,Org1
BI,h2o[c]__Org1,met,Org1
BI,h[c]__Org1,met,Org1
BI,ocdcea[c]__Org1,met,Org1
BI,LPLIPAL1E120__Org1,rxn,Org1
BI,1agpe120[c]__Org1,met,Org1
BI,ddca[c]__Org1,met,Org1
BI,g3pe[c]__Org1,met,Org1
BI,h2o[c]__Org1,met,Org1
BI,h[c]__Org1,met,Org1
BI,LPLIPAL1E140__Org1,rxn,Org1
BI,1agpe140[c]__Org1,met,Org1
BI,g3pe[c]__Org1,met,Org1
BI,h2o[c]__Org1,met,Org1
BI,h[c]__Org1,met,Org1
BI,ttdca[c]__Org1,met,Org1
BI,LPLIPAL1E141__Org1,rxn,Org1
BI,1agpe141[c]__Org1,met,Org1
BI,g3pe[c]__Org1,met,Org1
BI,h2o[c]__Org1,met,Org1
BI,h[c]__Org1,met,Org1
BI,ttdcea[c]__Org1,met,Org1
BI,LPLIPAL1E160__Org1,rxn,Org1
BI,1agpe160[c]__Org1,met,Org1
BI,g3pe[c]__Org1,met,Org1
BI,h2o[c]__Org1,met,Org1
BI,h[c]__Org1,met,Org1
BI,hdca[c]__Org1,met,Org1
BI,LPLIPAL1E161__Org1,rxn,Org1
BI,1agpe161[c]__Org1,met,Org1
BI,g3pe[c]__Org1,met,Org1
BI,h2o[c]__Org1,met,Org1
BI,h[c]__Org1,met,Org1
BI,hdcea[c]__Org1,met,Org1
BI,LPLIPAL1E180__Org1,rxn,Org1
BI,1agpe180[c]__Org1,met,Org1
BI,g3pe[c]__Org1,met,Org1
BI,h2o[c]__Org1,met,Org1
BI,h[c]__Org1,met,Org1
BI,ocdca[c]__Org1,met,Org1
BI,LPLIPAL1E181__Org1,rxn,Org1
BI,1agpe181[c]__Org1,met,Org1
BI,g3pe[c]__Org1,met,Org1
BI,h2o[c]__Org1,met,Org1
BI,h[c]__Org1,met,Org1
BI,ocdcea[c]__Org1,met,Org1
BI,LPLIPAL1G120__Org1,rxn,Org1
BI,1agpg120[c]__Org1,met,Org1
BI,ddca[c]__Org1,met,Org1
BI,g3pg[c]__Org1,met,Org1
BI,h2o[c]__Org1,met,Org1
BI,h[c]__Org1,met,Org1
BI,LPLIPAL1G140__Org1,rxn,Org1
BI,1agpg140[c]__Org1,met,Org1
BI,g3pg[c]__Org1,met,Org1
BI,h2o[c]__Org1,met,Org1
BI,h[c]__Org1,met,Org1
BI,ttdca[c]__Org1,met,Org1
BI,LPLIPAL1G141__Org1,rxn,Org1
BI,1agpg141[c]__Org1,met,Org1
BI,g3pg[c]__Org1,met,Org1
BI,h2o[c]__Org1,met,Org1
BI,h[c]__Org1,met,Org1
BI,ttdcea[c]__Org1,met,Org1
BI,LPLIPAL1G160__Org1,rxn,Org1
BI,1agpg160[c]__Org1,met,Org1
BI,g3pg[c]__Org1,met,Org1
BI,h2o[c]__Org1,met,Org1
BI,h[c]__Org1,met,Org1
BI,hdca[c]__Org1,met,Org1
BI,LPLIPAL1G161__Org1,rxn,Org1
BI,1agpg161[c]__Org1,met,Org1
BI,g3pg[c]__Org1,met,Org1
BI,h2o[c]__Org1,met,Org1
BI,h[c]__Org1,met,Org1
BI,hdcea[c]__Org1,met,Org1
BI,LPLIPAL1G180__Org1,rxn,Org1
BI,1agpg180[c]__Org1,met,Org1
BI,g3pg[c]__Org1,met,Org1
BI,h2o[c]__Org1,met,Org1
BI,h[c]__Org1,met,Org1
BI,ocdca[c]__Org1,met,Org1
BI,LPLIPAL1G181__Org1,rxn,Org1
BI,1agpg181[c]__Org1,met,Org1
BI,g3pg[c]__Org1,met,Org1
BI,h2o[c]__Org1,met,Org1
BI,h[c]__Org1,met,Org1
BI,ocdcea[c]__Org1,met,Org1
BI,LPLIPAL2A120__Org1,rxn,Org1
BI,2ddecg3p[c]__Org1,met,Org1
BI,ddca[c]__Org1,met,Org1
BI,glyc3p[c]__Org1,met,Org1
BI,h2o[c]__Org1,met,Org1
BI,h[c]__Org1,met,Org1
BI,LPLIPAL2A140__Org1,rxn,Org1
BI,2tdecg3p[c]__Org1,met,Org1
BI,glyc3p[c]__Org1,met,Org1
BI,h2o[c]__Org1,met,Org1
BI,h[c]__Org1,met,Org1
BI,ttdca[c]__Org1,met,Org1
BI,LPLIPAL2A141__Org1,rxn,Org1
BI,2tdec7eg3p[c]__Org1,met,Org1
BI,glyc3p[c]__Org1,met,Org1
BI,h2o[c]__Org1,met,Org1
BI,h[c]__Org1,met,Org1
BI,ttdcea[c]__Org1,met,Org1
BI,LPLIPAL2A160__Org1,rxn,Org1
BI,2hdecg3p[c]__Org1,met,Org1
BI,glyc3p[c]__Org1,met,Org1
BI,h2o[c]__Org1,met,Org1
BI,h[c]__Org1,met,Org1
BI,hdca[c]__Org1,met,Org1
BI,LPLIPAL2A161__Org1,rxn,Org1
BI,2hdec9eg3p[c]__Org1,met,Org1
BI,glyc3p[c]__Org1,met,Org1
BI,h2o[c]__Org1,met,Org1
BI,h[c]__Org1,met,Org1
BI,hdcea[c]__Org1,met,Org1
BI,LPLIPAL2A180__Org1,rxn,Org1
BI,2odecg3p[c]__Org1,met,Org1
BI,glyc3p[c]__Org1,met,Org1
BI,h2o[c]__Org1,met,Org1
BI,h[c]__Org1,met,Org1
BI,ocdca[c]__Org1,met,Org1
BI,LPLIPAL2A181__Org1,rxn,Org1
BI,2odec11eg3p[c]__Org1,met,Org1
BI,glyc3p[c]__Org1,met,Org1
BI,h2o[c]__Org1,met,Org1
BI,h[c]__Org1,met,Org1
BI,ocdcea[c]__Org1,met,Org1
BI,LPLIPAL2E120__Org1,rxn,Org1
BI,2agpe120[c]__Org1,met,Org1
BI,ddca[c]__Org1,met,Org1
BI,g3pe[c]__Org1,met,Org1
BI,h2o[c]__Org1,met,Org1
BI,h[c]__Org1,met,Org1
BI,LPLIPAL2E140__Org1,rxn,Org1
BI,2agpe140[c]__Org1,met,Org1
BI,g3pe[c]__Org1,met,Org1
BI,h2o[c]__Org1,met,Org1
BI,h[c]__Org1,met,Org1
BI,ttdca[c]__Org1,met,Org1
BI,LPLIPAL2E141__Org1,rxn,Org1
BI,2agpe141[c]__Org1,met,Org1
BI,g3pe[c]__Org1,met,Org1
BI,h2o[c]__Org1,met,Org1
BI,h[c]__Org1,met,Org1
BI,ttdcea[c]__Org1,met,Org1
BI,LPLIPAL2E160__Org1,rxn,Org1
BI,2agpe160[c]__Org1,met,Org1
BI,g3pe[c]__Org1,met,Org1
BI,h2o[c]__Org1,met,Org1
BI,h[c]__Org1,met,Org1
BI,hdca[c]__Org1,met,Org1
BI,LPLIPAL2E161__Org1,rxn,Org1
BI,2agpe161[c]__Org1,met,Org1
BI,g3pe[c]__Org1,met,Org1
BI,h2o[c]__Org1,met,Org1
BI,h[c]__Org1,met,Org1
BI,hdcea[c]__Org1,met,Org1
BI,LPLIPAL2E180__Org1,rxn,Org1
BI,2agpe180[c]__Org1,met,Org1
BI,g3pe[c]__Org1,met,Org1
BI,h2o[c]__Org1,met,Org1
BI,h[c]__Org1,met,Org1
BI,ocdca[c]__Org1,met,Org1
BI,LPLIPAL2E181__Org1,rxn,Org1
BI,2agpe181[c]__Org1,met,Org1
BI,g3pe[c]__Org1,met,Org1
BI,h2o[c]__Org1,met,Org1
BI,h[c]__Org1,met,Org1
BI,ocdcea[c]__Org1,met,Org1
BI,LPLIPAL2G120__Org1,rxn,Org1
BI,2agpg120[c]__Org1,met,Org1
BI,ddca[c]__Org1,met,Org1
BI,g3pg[c]__Org1,met,Org1
BI,h2o[c]__Org1,met,Org1
BI,h[c]__Org1,met,Org1
BI,LPLIPAL2G140__Org1,rxn,Org1
BI,2agpg140[c]__Org1,met,Org1
BI,g3pg[c]__Org1,met,Org1
BI,h2o[c]__Org1,met,Org1
BI,h[c]__Org1,met,Org1
BI,ttdca[c]__Org1,met,Org1
BI,LPLIPAL2G141__Org1,rxn,Org1
BI,2agpg141[c]__Org1,met,Org1
BI,g3pg[c]__Org1,met,Org1
BI,h2o[c]__Org1,met,Org1
BI,h[c]__Org1,met,Org1
BI,ttdcea[c]__Org1,met,Org1
BI,LPLIPAL2G160__Org1,rxn,Org1
BI,2agpg160[c]__Org1,met,Org1
BI,g3pg[c]__Org1,met,Org1
BI,h2o[c]__Org1,met,Org1
BI,h[c]__Org1,met,Org1
BI,hdca[c]__Org1,met,Org1
BI,LPLIPAL2G161__Org1,rxn,Org1
BI,2agpg161[c]__Org1,met,Org1
BI,g3pg[c]__Org1,met,Org1
BI,h2o[c]__Org1,met,Org1
BI,h[c]__Org1,met,Org1
BI,hdcea[c]__Org1,met,Org1
BI,LPLIPAL2G180__Org1,rxn,Org1
BI,2agpg180[c]__Org1,met,Org1
BI,g3pg[c]__Org1,met,Org1
BI,h2o[c]__Org1,met,Org1
BI,h[c]__Org1,met,Org1
BI,ocdca[c]__Org1,met,Org1
BI,LPLIPAL2G181__Org1,rxn,Org1
BI,2agpg181[c]__Org1,met,Org1
BI,g3pg[c]__Org1,met,Org1
BI,h2o[c]__Org1,met,Org1
BI,h[c]__Org1,met,Org1
BI,ocdcea[c]__Org1,met,Org1
BI,LTHRK__Org1,rxn,Org1
BI,thrp[c]__Org1,met,Org1
BI,adp[c]__Org1,met,Org1
BI,atp[c]__Org1,met,Org1
BI,h[c]__Org1,met,Org1
BI,thr_L[c]__Org1,met,Org1
BI,L_AROND__Org1,rxn,Org1
BI,Largn[c]__Org1,met,Org1
BI,co2[c]__Org1,met,Org1
BI,nad[c]__Org1,met,Org1
BI,nadh[c]__Org1,met,Org1
BI,tyr_L[c]__Org1,met,Org1
BI,L_ARONR__Org1,rxn,Org1
BI,Largn[c]__Org1,met,Org1
BI,co2[c]__Org1,met,Org1
BI,nadp[c]__Org1,met,Org1
BI,nadph[c]__Org1,met,Org1
BI,tyr_L[c]__Org1,met,Org1
BI,L_LACD__Org1,rxn,Org1
BI,ficytC[c]__Org1,met,Org1
BI,focytC[c]__Org1,met,Org1
BI,h[c]__Org1,met,Org1
BI,lac_L[c]__Org1,met,Org1
BI,pyr[c]__Org1,met,Org1
BI,L_LACD2__Org1,rxn,Org1
BI,lac_L[c]__Org1,met,Org1
BI,pyr[c]__Org1,met,Org1
BI,q8[c]__Org1,met,Org1
BI,q8h2[c]__Org1,met,Org1
BI,L_LACD3__Org1,rxn,Org1
BI,lac_L[c]__Org1,met,Org1
BI,mql8[c]__Org1,met,Org1
BI,mqn8[c]__Org1,met,Org1
BI,pyr[c]__Org1,met,Org1
BI,L_LACt2r__Org1,rxn,Org1
BI,h[c]__Org1,met,Org1
BI,h[e]__Org1,met,Org1
BI,lac_L[c]__Org1,met,Org1
BI,lac_L[e]__Org1,met,Org1
BI,M03134t2r__Org1,rxn,Org1
BI,M03134[c]__Org1,met,Org1
BI,M03134[e]__Org1,met,Org1
BI,h[c]__Org1,met,Org1
BI,h[e]__Org1,met,Org1
BI,MADGBG__Org1,rxn,Org1
BI,madg[c]__Org1,met,Org1
BI,meoh[c]__Org1,met,Org1
BI,glc_D[c]__Org1,met,Org1
BI,h2o[c]__Org1,met,Org1
BI,MALT__Org1,rxn,Org1
BI,glc_D[c]__Org1,met,Org1
BI,h2o[c]__Org1,met,Org1
BI,malt[c]__Org1,met,Org1
BI,MALTHXabc__Org1,rxn,Org1
BI,adp[c]__Org1,met,Org1
BI,atp[c]__Org1,met,Org1
BI,h2o[c]__Org1,met,Org1
BI,h[c]__Org1,met,Org1
BI,malthx[c]__Org1,met,Org1
BI,malthx[e]__Org1,met,Org1
BI,pi[c]__Org1,met,Org1
BI,MALTTRabc__Org1,rxn,Org1
BI,adp[c]__Org1,met,Org1
BI,atp[c]__Org1,met,Org1
BI,h2o[c]__Org1,met,Org1
BI,h[c]__Org1,met,Org1
BI,malttr[c]__Org1,met,Org1
BI,malttr[e]__Org1,met,Org1
BI,pi[c]__Org1,met,Org1
BI,MALTabc__Org1,rxn,Org1
BI,adp[c]__Org1,met,Org1
BI,atp[c]__Org1,met,Org1
BI,h2o[c]__Org1,met,Org1
BI,h[c]__Org1,met,Org1
BI,malt[c]__Org1,met,Org1
BI,malt[e]__Org1,met,Org1
BI,pi[c]__Org1,met,Org1
BI,MAN6PI__Org1,rxn,Org1
BI,f6p[c]__Org1,met,Org1
BI,man6p[c]__Org1,met,Org1
BI,MANA4__Org1,rxn,Org1
BI,mantr[c]__Org1,met,Org1
BI,gal[c]__Org1,met,Org1
BI,h2o[c]__Org1,met,Org1
BI,melib[c]__Org1,met,Org1
BI,MANAD_D__Org1,rxn,Org1
BI,mnl[c]__Org1,met,Org1
BI,fru[c]__Org1,met,Org1
BI,h[c]__Org1,met,Org1
BI,nad[c]__Org1,met,Org1
BI,nadh[c]__Org1,met,Org1
BI,MANAO__Org1,rxn,Org1
BI,mana[c]__Org1,met,Org1
BI,fruur[c]__Org1,met,Org1
BI,h[c]__Org1,met,Org1
BI,nad[c]__Org1,met,Org1
BI,nadh[c]__Org1,met,Org1
BI,MANTRabc__Org1,rxn,Org1
BI,adp[c]__Org1,met,Org1
BI,atp[c]__Org1,met,Org1
BI,h2o[c]__Org1,met,Org1
BI,h[c]__Org1,met,Org1
BI,mantr[c]__Org1,met,Org1
BI,mantr[e]__Org1,met,Org1
BI,pi[c]__Org1,met,Org1
BI,MANabc__Org1,rxn,Org1
BI,adp[c]__Org1,met,Org1
BI,atp[c]__Org1,met,Org1
BI,h2o[c]__Org1,met,Org1
BI,h[c]__Org1,met,Org1
BI,man[c]__Org1,met,Org1
BI,man[e]__Org1,met,Org1
BI,pi[c]__Org1,met,Org1
BI,MBDGBG__Org1,rxn,Org1
BI,mbdg[c]__Org1,met,Org1
BI,glc_D[c]__Org1,met,Org1
BI,h2o[c]__Org1,met,Org1
BI,meoh[c]__Org1,met,Org1
BI,MDH__Org1,rxn,Org1
BI,h[c]__Org1,met,Org1
BI,mal_L[c]__Org1,met,Org1
BI,nad[c]__Org1,met,Org1
BI,nadh[c]__Org1,met,Org1
BI,oaa[c]__Org1,met,Org1
BI,MECDPDH2__Org1,rxn,Org1
BI,2mecdp[c]__Org1,met,Org1
BI,h2mb4p[c]__Org1,met,Org1
BI,h2o[c]__Org1,met,Org1
BI,nad[c]__Org1,met,Org1
BI,nadh[c]__Org1,met,Org1
BI,MECDPS__Org1,rxn,Org1
BI,2mecdp[c]__Org1,met,Org1
BI,2p4c2me[c]__Org1,met,Org1
BI,cmp[c]__Org1,met,Org1
BI,MELIBabc__Org1,rxn,Org1
BI,adp[c]__Org1,met,Org1
BI,atp[c]__Org1,met,Org1
BI,h2o[c]__Org1,met,Org1
BI,h[c]__Org1,met,Org1
BI,melib[c]__Org1,met,Org1
BI,melib[e]__Org1,met,Org1
BI,pi[c]__Org1,met,Org1
BI,MEPCT__Org1,rxn,Org1
BI,2me4p[c]__Org1,met,Org1
BI,4c2me[c]__Org1,met,Org1
BI,ctp[c]__Org1,met,Org1
BI,h[c]__Org1,met,Org1
BI,ppi[c]__Org1,met,Org1
BI,METALA1c__Org1,rxn,Org1
BI,metala[c]__Org1,met,Org1
BI,ala_L[c]__Org1,met,Org1
BI,h2o[c]__Org1,met,Org1
BI,met_L[c]__Org1,met,Org1
BI,METALAabc__Org1,rxn,Org1
BI,adp[c]__Org1,met,Org1
BI,atp[c]__Org1,met,Org1
BI,h2o[c]__Org1,met,Org1
BI,h[c]__Org1,met,Org1
BI,metala[c]__Org1,met,Org1
BI,metala[e]__Org1,met,Org1
BI,pi[c]__Org1,met,Org1
BI,METAT__Org1,rxn,Org1
BI,amet[c]__Org1,met,Org1
BI,atp[c]__Org1,met,Org1
BI,h2o[c]__Org1,met,Org1
BI,met_L[c]__Org1,met,Org1
BI,pi[c]__Org1,met,Org1
BI,ppi[c]__Org1,met,Org1
BI,METB1__Org1,rxn,Org1
BI,ac[c]__Org1,met,Org1
BI,achms[c]__Org1,met,Org1
BI,cys_L[c]__Org1,met,Org1
BI,cyst_L[c]__Org1,met,Org1
BI,h[c]__Org1,met,Org1
BI,METDabc__Org1,rxn,Org1
BI,met_D[c]__Org1,met,Org1
BI,adp[c]__Org1,met,Org1
BI,atp[c]__Org1,met,Org1
BI,h2o[c]__Org1,met,Org1
BI,h[c]__Org1,met,Org1
BI,met_D[e]__Org1,met,Org1
BI,pi[c]__Org1,met,Org1
BI,METFR__Org1,rxn,Org1
BI,5mthf[c]__Org1,met,Org1
BI,h[c]__Org1,met,Org1
BI,mlthf[c]__Org1,met,Org1
BI,nadp[c]__Org1,met,Org1
BI,nadph[c]__Org1,met,Org1
BI,METS__Org1,rxn,Org1
BI,5mthf[c]__Org1,met,Org1
BI,h[c]__Org1,met,Org1
BI,hcys_L[c]__Org1,met,Org1
BI,met_L[c]__Org1,met,Org1
BI,thf[c]__Org1,met,Org1
BI,METSOX1abc__Org1,rxn,Org1
BI,metsox_S_L[c]__Org1,met,Org1
BI,adp[c]__Org1,met,Org1
BI,atp[c]__Org1,met,Org1
BI,h2o[c]__Org1,met,Org1
BI,h[c]__Org1,met,Org1
BI,metsox_S_L[e]__Org1,met,Org1
BI,pi[c]__Org1,met,Org1
BI,METSOX2abc__Org1,rxn,Org1
BI,metsox_R_L[c]__Org1,met,Org1
BI,metsox_R_L[e]__Org1,met,Org1
BI,adp[c]__Org1,met,Org1
BI,atp[c]__Org1,met,Org1
BI,h2o[c]__Org1,met,Org1
BI,h[c]__Org1,met,Org1
BI,pi[c]__Org1,met,Org1
BI,METSOXR1r__Org1,rxn,Org1
BI,h2o[c]__Org1,met,Org1
BI,met_L[c]__Org1,met,Org1
BI,metsox_S_L[c]__Org1,met,Org1
BI,trdox[c]__Org1,met,Org1
BI,trdrd[c]__Org1,met,Org1
BI,MG2abc__Org1,rxn,Org1
BI,mg2[c]__Org1,met,Org1
BI,adp[c]__Org1,met,Org1
BI,atp[c]__Org1,met,Org1
BI,h2o[c]__Org1,met,Org1
BI,h[c]__Org1,met,Org1
BI,mg2[e]__Org1,met,Org1
BI,pi[c]__Org1,met,Org1
BI,MGt5__Org1,rxn,Org1
BI,mg2[c]__Org1,met,Org1
BI,mg2[e]__Org1,met,Org1
BI,MI1PP__Org1,rxn,Org1
BI,inost[c]__Org1,met,Org1
BI,mi1p_D[c]__Org1,met,Org1
BI,h2o[c]__Org1,met,Org1
BI,pi[c]__Org1,met,Org1
BI,MI3PP__Org1,rxn,Org1
BI,mi3p_D[c]__Org1,met,Org1
BI,h2o[c]__Org1,met,Org1
BI,inost[c]__Org1,met,Org1
BI,pi[c]__Org1,met,Org1
BI,MI4PP__Org1,rxn,Org1
BI,mi4p_D[c]__Org1,met,Org1
BI,h2o[c]__Org1,met,Org1
BI,inost[c]__Org1,met,Org1
BI,pi[c]__Org1,met,Org1
BI,MICITDr__Org1,rxn,Org1
BI,2mcacn[c]__Org1,met,Org1
BI,micit[c]__Org1,met,Org1
BI,h2o[c]__Org1,met,Org1
BI,MK7te__Org1,rxn,Org1
BI,mqn7[c]__Org1,met,Org1
BI,mqn7[e]__Org1,met,Org1
BI,MK8t__Org1,rxn,Org1
BI,mqn8[c]__Org1,met,Org1
BI,mqn8[e]__Org1,met,Org1
BI,MLTG1__Org1,rxn,Org1
BI,glc_D[c]__Org1,met,Org1
BI,h2o[c]__Org1,met,Org1
BI,malt[c]__Org1,met,Org1
BI,malttr[c]__Org1,met,Org1
BI,MLTG2__Org1,rxn,Org1
BI,glc_D[c]__Org1,met,Org1
BI,h2o[c]__Org1,met,Org1
BI,malttr[c]__Org1,met,Org1
BI,maltttr[c]__Org1,met,Org1
BI,MLTG3__Org1,rxn,Org1
BI,glc_D[c]__Org1,met,Org1
BI,h2o[c]__Org1,met,Org1
BI,maltpt[c]__Org1,met,Org1
BI,maltttr[c]__Org1,met,Org1
BI,MLTG4__Org1,rxn,Org1
BI,glc_D[c]__Org1,met,Org1
BI,h2o[c]__Org1,met,Org1
BI,malthx[c]__Org1,met,Org1
BI,maltpt[c]__Org1,met,Org1
BI,MLTG5__Org1,rxn,Org1
BI,glc_D[c]__Org1,met,Org1
BI,h2o[c]__Org1,met,Org1
BI,malthp[c]__Org1,met,Org1
BI,malthx[c]__Org1,met,Org1
BI,MNLt6__Org1,rxn,Org1
BI,h[c]__Org1,met,Org1
BI,h[e]__Org1,met,Org1
BI,mnl[c]__Org1,met,Org1
BI,mnl[e]__Org1,met,Org1
BI,MNNH__Org1,rxn,Org1
BI,2ddglcn[c]__Org1,met,Org1
BI,h2o[c]__Org1,met,Org1
BI,mana[c]__Org1,met,Org1
BI,MNt2__Org1,rxn,Org1
BI,mn2[c]__Org1,met,Org1
BI,h[c]__Org1,met,Org1
BI,h[e]__Org1,met,Org1
BI,mn2[e]__Org1,met,Org1
BI,MTAN__Org1,rxn,Org1
BI,5mta[c]__Org1,met,Org1
BI,5mtr[c]__Org1,met,Org1
BI,ade[c]__Org1,met,Org1
BI,h2o[c]__Org1,met,Org1
BI,MTHFC__Org1,rxn,Org1
BI,10fthf[c]__Org1,met,Org1
BI,h2o[c]__Org1,met,Org1
BI,h[c]__Org1,met,Org1
BI,methf[c]__Org1,met,Org1
BI,MTHFD__Org1,rxn,Org1
BI,methf[c]__Org1,met,Org1
BI,mlthf[c]__Org1,met,Org1
BI,nadp[c]__Org1,met,Org1
BI,nadph[c]__Org1,met,Org1
BI,MTHFTe__Org1,rxn,Org1
BI,5mthf[c]__Org1,met,Org1
BI,5mthf[e]__Org1,met,Org1
BI,MTHPTGHM__Org1,rxn,Org1
BI,5mthglu[c]__Org1,met,Org1
BI,hcys_L[c]__Org1,met,Org1
BI,met_L[c]__Org1,met,Org1
BI,thglu[c]__Org1,met,Org1
BI,NACt2r__Org1,rxn,Org1
BI,nac[c]__Org1,met,Org1
BI,h[c]__Org1,met,Org1
BI,h[e]__Org1,met,Org1
BI,nac[e]__Org1,met,Org1
BI,NADK__Org1,rxn,Org1
BI,adp[c]__Org1,met,Org1
BI,atp[c]__Org1,met,Org1
BI,h[c]__Org1,met,Org1
BI,nad[c]__Org1,met,Org1
BI,nadp[c]__Org1,met,Org1
BI,NADK2__Org1,rxn,Org1
BI,dtdp[c]__Org1,met,Org1
BI,dttp[c]__Org1,met,Org1
BI,h[c]__Org1,met,Org1
BI,nad[c]__Org1,met,Org1
BI,nadp[c]__Org1,met,Org1
BI,NADS1__Org1,rxn,Org1
BI,dnad[c]__Org1,met,Org1
BI,amp[c]__Org1,met,Org1
BI,atp[c]__Org1,met,Org1
BI,h[c]__Org1,met,Org1
BI,nad[c]__Org1,met,Org1
BI,nh4[c]__Org1,met,Org1
BI,ppi[c]__Org1,met,Org1
BI,NADS2__Org1,rxn,Org1
BI,amp[c]__Org1,met,Org1
BI,atp[c]__Org1,met,Org1
BI,dnad[c]__Org1,met,Org1
BI,gln_L[c]__Org1,met,Org1
BI,glu_L[c]__Org1,met,Org1
BI,h2o[c]__Org1,met,Org1
BI,h[c]__Org1,met,Org1
BI,nad[c]__Org1,met,Org1
BI,ppi[c]__Org1,met,Org1
BI,NAPRT__Org1,rxn,Org1
BI,nicrnt[c]__Org1,met,Org1
BI,h[c]__Org1,met,Org1
BI,nac[c]__Org1,met,Org1
BI,ppi[c]__Org1,met,Org1
BI,prpp[c]__Org1,met,Org1
BI,NAt3_1__Org1,rxn,Org1
BI,h[c]__Org1,met,Org1
BI,h[e]__Org1,met,Org1
BI,na1[c]__Org1,met,Org1
BI,na1[e]__Org1,met,Org1
BI,NFORGLUAH__Org1,rxn,Org1
BI,nforglu[c]__Org1,met,Org1
BI,for[c]__Org1,met,Org1
BI,glu_L[c]__Org1,met,Org1
BI,h2o[c]__Org1,met,Org1
BI,NH4tb__Org1,rxn,Org1
BI,nh4[c]__Org1,met,Org1
BI,nh4[e]__Org1,met,Org1
BI,NIabc__Org1,rxn,Org1
BI,ni2[c]__Org1,met,Org1
BI,adp[c]__Org1,met,Org1
BI,atp[c]__Org1,met,Org1
BI,h2o[c]__Org1,met,Org1
BI,h[c]__Org1,met,Org1
BI,ni2[e]__Org1,met,Org1
BI,pi[c]__Org1,met,Org1
BI,NNAM__Org1,rxn,Org1
BI,ncam[c]__Org1,met,Org1
BI,h2o[c]__Org1,met,Org1
BI,nac[c]__Org1,met,Org1
BI,nh4[c]__Org1,met,Org1
BI,NNATr__Org1,rxn,Org1
BI,atp[c]__Org1,met,Org1
BI,dnad[c]__Org1,met,Org1
BI,h[c]__Org1,met,Org1
BI,nicrnt[c]__Org1,met,Org1
BI,ppi[c]__Org1,met,Org1
BI,NNDPR__Org1,rxn,Org1
BI,quln[c]__Org1,met,Org1
BI,co2[c]__Org1,met,Org1
BI,h[c]__Org1,met,Org1
BI,nicrnt[c]__Org1,met,Org1
BI,ppi[c]__Org1,met,Org1
BI,prpp[c]__Org1,met,Org1
BI,NORVALDC__Org1,rxn,Org1
BI,norval_L[c]__Org1,met,Org1
BI,butam[c]__Org1,met,Org1
BI,co2[c]__Org1,met,Org1
BI,h[c]__Org1,met,Org1
BI,NORVALS__Org1,rxn,Org1
BI,akval[c]__Org1,met,Org1
BI,h2o[c]__Org1,met,Org1
BI,nad[c]__Org1,met,Org1
BI,nadh[c]__Org1,met,Org1
BI,nh4[c]__Org1,met,Org1
BI,norval_L[c]__Org1,met,Org1
BI,NORVALt2r__Org1,rxn,Org1
BI,h[c]__Org1,met,Org1
BI,h[e]__Org1,met,Org1
BI,norval_L[c]__Org1,met,Org1
BI,norval_L[e]__Org1,met,Org1
BI,NT5C__Org1,rxn,Org1
BI,nicrns[c]__Org1,met,Org1
BI,h2o[c]__Org1,met,Org1
BI,nicrnt[c]__Org1,met,Org1
BI,pi[c]__Org1,met,Org1
BI,NTD1__Org1,rxn,Org1
BI,duri[c]__Org1,met,Org1
BI,dump[c]__Org1,met,Org1
BI,h2o[c]__Org1,met,Org1
BI,pi[c]__Org1,met,Org1
BI,NTD10__Org1,rxn,Org1
BI,xtsn[c]__Org1,met,Org1
BI,h2o[c]__Org1,met,Org1
BI,pi[c]__Org1,met,Org1
BI,xmp[c]__Org1,met,Org1
BI,NTD11__Org1,rxn,Org1
BI,h2o[c]__Org1,met,Org1
BI,imp[c]__Org1,met,Org1
BI,ins[c]__Org1,met,Org1
BI,pi[c]__Org1,met,Org1
BI,NTD2__Org1,rxn,Org1
BI,uri[c]__Org1,met,Org1
BI,h2o[c]__Org1,met,Org1
BI,pi[c]__Org1,met,Org1
BI,ump[c]__Org1,met,Org1
BI,NTD3__Org1,rxn,Org1
BI,dcyt[c]__Org1,met,Org1
BI,dcmp[c]__Org1,met,Org1
BI,h2o[c]__Org1,met,Org1
BI,pi[c]__Org1,met,Org1
BI,NTD4__Org1,rxn,Org1
BI,cmp[c]__Org1,met,Org1
BI,cytd[c]__Org1,met,Org1
BI,h2o[c]__Org1,met,Org1
BI,pi[c]__Org1,met,Org1
BI,NTD5__Org1,rxn,Org1
BI,thymd[c]__Org1,met,Org1
BI,dtmp[c]__Org1,met,Org1
BI,h2o[c]__Org1,met,Org1
BI,pi[c]__Org1,met,Org1
BI,NTD5_a__Org1,rxn,Org1
BI,nmn[c]__Org1,met,Org1
BI,rnam[c]__Org1,met,Org1
BI,h2o[c]__Org1,met,Org1
BI,pi[c]__Org1,met,Org1
BI,NTD6__Org1,rxn,Org1
BI,dad_2[c]__Org1,met,Org1
BI,damp[c]__Org1,met,Org1
BI,h2o[c]__Org1,met,Org1
BI,pi[c]__Org1,met,Org1
BI,NTD7__Org1,rxn,Org1
BI,adn[c]__Org1,met,Org1
BI,amp[c]__Org1,met,Org1
BI,h2o[c]__Org1,met,Org1
BI,pi[c]__Org1,met,Org1
BI,NTD8__Org1,rxn,Org1
BI,dgsn[c]__Org1,met,Org1
BI,dgmp[c]__Org1,met,Org1
BI,h2o[c]__Org1,met,Org1
BI,pi[c]__Org1,met,Org1
BI,NTD9__Org1,rxn,Org1
BI,gmp[c]__Org1,met,Org1
BI,gsn[c]__Org1,met,Org1
BI,h2o[c]__Org1,met,Org1
BI,pi[c]__Org1,met,Org1
BI,NTPTP1__Org1,rxn,Org1
BI,dgsn[c]__Org1,met,Org1
BI,dgtp[c]__Org1,met,Org1
BI,h2o[c]__Org1,met,Org1
BI,pppi[c]__Org1,met,Org1
BI,O2t__Org1,rxn,Org1
BI,o2[c]__Org1,met,Org1
BI,o2[e]__Org1,met,Org1
BI,OAASr__Org1,rxn,Org1
BI,accoa[c]__Org1,met,Org1
BI,cit[c]__Org1,met,Org1
BI,coa[c]__Org1,met,Org1
BI,h2o[c]__Org1,met,Org1
BI,h[c]__Org1,met,Org1
BI,oaa[c]__Org1,met,Org1
BI,OBTFL__Org1,rxn,Org1
BI,ppcoa[c]__Org1,met,Org1
BI,2obut[c]__Org1,met,Org1
BI,coa[c]__Org1,met,Org1
BI,for[c]__Org1,met,Org1
BI,OCBT__Org1,rxn,Org1
BI,cbp[c]__Org1,met,Org1
BI,citr_L[c]__Org1,met,Org1
BI,h[c]__Org1,met,Org1
BI,orn[c]__Org1,met,Org1
BI,pi[c]__Org1,met,Org1
BI,OHPBAT__Org1,rxn,Org1
BI,ohpb[c]__Org1,met,Org1
BI,akg[c]__Org1,met,Org1
BI,glu_L[c]__Org1,met,Org1
BI,phthr[c]__Org1,met,Org1
BI,OMCDC__Org1,rxn,Org1
BI,3c4mop[c]__Org1,met,Org1
BI,4mop[c]__Org1,met,Org1
BI,co2[c]__Org1,met,Org1
BI,h[c]__Org1,met,Org1
BI,OMPDC__Org1,rxn,Org1
BI,orot5p[c]__Org1,met,Org1
BI,co2[c]__Org1,met,Org1
BI,h[c]__Org1,met,Org1
BI,ump[c]__Org1,met,Org1
BI,OROTPT__Org1,rxn,Org1
BI,orot5p[c]__Org1,met,Org1
BI,orot[c]__Org1,met,Org1
BI,ppi[c]__Org1,met,Org1
BI,prpp[c]__Org1,met,Org1
BI,OXAte__Org1,rxn,Org1
BI,oxa[c]__Org1,met,Org1
BI,oxa[e]__Org1,met,Org1
BI,P5CRyr__Org1,rxn,Org1
BI,1pyr5c[c]__Org1,met,Org1
BI,h[c]__Org1,met,Org1
BI,nadp[c]__Org1,met,Org1
BI,nadph[c]__Org1,met,Org1
BI,pro_L[c]__Org1,met,Org1
BI,PAPPT2__Org1,rxn,Org1
BI,uGgla[c]__Org1,met,Org1
BI,uaGgla[c]__Org1,met,Org1
BI,udcpp[c]__Org1,met,Org1
BI,ump[c]__Org1,met,Org1
BI,PAPPT3__Org1,rxn,Org1
BI,uagmda[c]__Org1,met,Org1
BI,ugmda[c]__Org1,met,Org1
BI,udcpp[c]__Org1,met,Org1
BI,ump[c]__Org1,met,Org1
BI,PBt__Org1,rxn,Org1
BI,pb[c]__Org1,met,Org1
BI,adp[c]__Org1,met,Org1
BI,atp[c]__Org1,met,Org1
BI,h2o[c]__Org1,met,Org1
BI,h[c]__Org1,met,Org1
BI,pb[e]__Org1,met,Org1
BI,pi[c]__Org1,met,Org1
BI,PDHbr__Org1,rxn,Org1
BI,adhlam[c]__Org1,met,Org1
BI,dhlam[c]__Org1,met,Org1
BI,accoa[c]__Org1,met,Org1
BI,coa[c]__Org1,met,Org1
BI,PDHc__Org1,rxn,Org1
BI,dhlam[c]__Org1,met,Org1
BI,h[c]__Org1,met,Org1
BI,lpam[c]__Org1,met,Org1
BI,nad[c]__Org1,met,Org1
BI,nadh[c]__Org1,met,Org1
BI,PEAMNt2r__Org1,rxn,Org1
BI,peamn[c]__Org1,met,Org1
BI,h[c]__Org1,met,Org1
BI,h[e]__Org1,met,Org1
BI,peamn[e]__Org1,met,Org1
BI,PEPGLY__Org1,rxn,Org1
BI,PGP[c]__Org1,met,Org1
BI,PGPm1[c]__Org1,met,Org1
BI,co2[c]__Org1,met,Org1
BI,h[c]__Org1,met,Org1
BI,uaagmda[c]__Org1,met,Org1
BI,udcpdp[c]__Org1,met,Org1
BI,PFK__Org1,rxn,Org1
BI,adp[c]__Org1,met,Org1
BI,atp[c]__Org1,met,Org1
BI,f6p[c]__Org1,met,Org1
BI,fdp[c]__Org1,met,Org1
BI,h[c]__Org1,met,Org1
BI,PFK_2__Org1,rxn,Org1
BI,tagdp_D[c]__Org1,met,Org1
BI,adp[c]__Org1,met,Org1
BI,atp[c]__Org1,met,Org1
BI,h[c]__Org1,met,Org1
BI,tag6p_D[c]__Org1,met,Org1
BI,PFL__Org1,rxn,Org1
BI,accoa[c]__Org1,met,Org1
BI,coa[c]__Org1,met,Org1
BI,for[c]__Org1,met,Org1
BI,pyr[c]__Org1,met,Org1
BI,PGAMT__Org1,rxn,Org1
BI,gam1p[c]__Org1,met,Org1
BI,gam6p[c]__Org1,met,Org1
BI,PGI__Org1,rxn,Org1
BI,f6p[c]__Org1,met,Org1
BI,g6p[c]__Org1,met,Org1
BI,PGK__Org1,rxn,Org1
BI,13dpg[c]__Org1,met,Org1
BI,3pg[c]__Org1,met,Org1
BI,adp[c]__Org1,met,Org1
BI,atp[c]__Org1,met,Org1
BI,PGL__Org1,rxn,Org1
BI,6pgc[c]__Org1,met,Org1
BI,6pgl[c]__Org1,met,Org1
BI,h2o[c]__Org1,met,Org1
BI,h[c]__Org1,met,Org1
BI,PGLYCP__Org1,rxn,Org1
BI,2pglyc[c]__Org1,met,Org1
BI,glyclt[c]__Org1,met,Org1
BI,h2o[c]__Org1,met,Org1
BI,pi[c]__Org1,met,Org1
BI,PGM__Org1,rxn,Org1
BI,2pg[c]__Org1,met,Org1
BI,3pg[c]__Org1,met,Org1
BI,PGMT__Org1,rxn,Org1
BI,g1p[c]__Org1,met,Org1
BI,g6p[c]__Org1,met,Org1
BI,PGPGT__Org1,rxn,Org1
BI,prl45tcaglc[c]__Org1,met,Org1
BI,udp[c]__Org1,met,Org1
BI,h[c]__Org1,met,Org1
BI,prl45tca[c]__Org1,met,Org1
BI,udpg[c]__Org1,met,Org1
BI,PGSA120__Org1,rxn,Org1
BI,pgp120[c]__Org1,met,Org1
BI,cdpdddecg[c]__Org1,met,Org1
BI,cmp[c]__Org1,met,Org1
BI,glyc3p[c]__Org1,met,Org1
BI,h[c]__Org1,met,Org1
BI,PGSA140__Org1,rxn,Org1
BI,pgp140[c]__Org1,met,Org1
BI,cdpdtdecg[c]__Org1,met,Org1
BI,cmp[c]__Org1,met,Org1
BI,glyc3p[c]__Org1,met,Org1
BI,h[c]__Org1,met,Org1
BI,PGSA141__Org1,rxn,Org1
BI,pgp141[c]__Org1,met,Org1
BI,cdpdtdec7eg[c]__Org1,met,Org1
BI,cmp[c]__Org1,met,Org1
BI,glyc3p[c]__Org1,met,Org1
BI,h[c]__Org1,met,Org1
BI,PGSA160__Org1,rxn,Org1
BI,pgp160[c]__Org1,met,Org1
BI,cdpdhdecg[c]__Org1,met,Org1
BI,cmp[c]__Org1,met,Org1
BI,glyc3p[c]__Org1,met,Org1
BI,h[c]__Org1,met,Org1
BI,PGSA161__Org1,rxn,Org1
BI,pgp161[c]__Org1,met,Org1
BI,cdpdhdec9eg[c]__Org1,met,Org1
BI,cmp[c]__Org1,met,Org1
BI,glyc3p[c]__Org1,met,Org1
BI,h[c]__Org1,met,Org1
BI,PGSA180__Org1,rxn,Org1
BI,pgp180[c]__Org1,met,Org1
BI,cdpdodecg[c]__Org1,met,Org1
BI,cmp[c]__Org1,met,Org1
BI,glyc3p[c]__Org1,met,Org1
BI,h[c]__Org1,met,Org1
BI,PGSA181__Org1,rxn,Org1
BI,pgp181[c]__Org1,met,Org1
BI,cdpdodec11eg[c]__Org1,met,Org1
BI,cmp[c]__Org1,met,Org1
BI,glyc3p[c]__Org1,met,Org1
BI,h[c]__Org1,met,Org1
BI,PGSAAI15__Org1,rxn,Org1
BI,pgpai15[c]__Org1,met,Org1
BI,cdpdaipdecg[c]__Org1,met,Org1
BI,cmp[c]__Org1,met,Org1
BI,glyc3p[c]__Org1,met,Org1
BI,h[c]__Org1,met,Org1
BI,PGSAAI17__Org1,rxn,Org1
BI,pgpai17[c]__Org1,met,Org1
BI,cdpdaihpdecg[c]__Org1,met,Org1
BI,cmp[c]__Org1,met,Org1
BI,glyc3p[c]__Org1,met,Org1
BI,h[c]__Org1,met,Org1
BI,PGSAI14__Org1,rxn,Org1
BI,pgpi14[c]__Org1,met,Org1
BI,cdpditdecg[c]__Org1,met,Org1
BI,cmp[c]__Org1,met,Org1
BI,glyc3p[c]__Org1,met,Org1
BI,h[c]__Org1,met,Org1
BI,PGSAI15__Org1,rxn,Org1
BI,pgpi15[c]__Org1,met,Org1
BI,cdpdipdecg[c]__Org1,met,Org1
BI,cmp[c]__Org1,met,Org1
BI,glyc3p[c]__Org1,met,Org1
BI,h[c]__Org1,met,Org1
BI,PGSAI16__Org1,rxn,Org1
BI,pgpi16[c]__Org1,met,Org1
BI,cdpdihdecg[c]__Org1,met,Org1
BI,cmp[c]__Org1,met,Org1
BI,glyc3p[c]__Org1,met,Org1
BI,h[c]__Org1,met,Org1
BI,PGSAI17__Org1,rxn,Org1
BI,pgpi17[c]__Org1,met,Org1
BI,cdpdihpdecg[c]__Org1,met,Org1
BI,cmp[c]__Org1,met,Org1
BI,glyc3p[c]__Org1,met,Org1
BI,h[c]__Org1,met,Org1
BI,PHETA1__Org1,rxn,Org1
BI,phpyr[c]__Org1,met,Org1
BI,akg[c]__Org1,met,Org1
BI,glu_L[c]__Org1,met,Org1
BI,phe_L[c]__Org1,met,Org1
BI,PHYCBOXL__Org1,rxn,Org1
BI,co2[c]__Org1,met,Org1
BI,h[c]__Org1,met,Org1
BI,peamn[c]__Org1,met,Org1
BI,phe_L[c]__Org1,met,Org1
BI,PIabc__Org1,rxn,Org1
BI,adp[c]__Org1,met,Org1
BI,atp[c]__Org1,met,Org1
BI,h2o[c]__Org1,met,Org1
BI,h[c]__Org1,met,Org1
BI,pi[c]__Org1,met,Org1
BI,pi[e]__Org1,met,Org1
BI,PIt6b__Org1,rxn,Org1
BI,h[c]__Org1,met,Org1
BI,h[e]__Org1,met,Org1
BI,pi[c]__Org1,met,Org1
BI,pi[e]__Org1,met,Org1
BI,PLPS__Org1,rxn,Org1
BI,pydx5p[c]__Org1,met,Org1
BI,g3p[c]__Org1,met,Org1
BI,gln_L[c]__Org1,met,Org1
BI,glu_L[c]__Org1,met,Org1
BI,h2o[c]__Org1,met,Org1
BI,h[c]__Org1,met,Org1
BI,pi[c]__Org1,met,Org1
BI,ru5p_D[c]__Org1,met,Org1
BI,PMPK__Org1,rxn,Org1
BI,2mahmp[c]__Org1,met,Org1
BI,4ampm[c]__Org1,met,Org1
BI,adp[c]__Org1,met,Org1
BI,atp[c]__Org1,met,Org1
BI,PNTK__Org1,rxn,Org1
BI,4ppan[c]__Org1,met,Org1
BI,pnto_R[c]__Org1,met,Org1
BI,adp[c]__Org1,met,Org1
BI,atp[c]__Org1,met,Org1
BI,h[c]__Org1,met,Org1
BI,PNTOt4__Org1,rxn,Org1
BI,na1[c]__Org1,met,Org1
BI,na1[e]__Org1,met,Org1
BI,pnto_R[c]__Org1,met,Org1
BI,pnto_R[e]__Org1,met,Org1
BI,PPA__Org1,rxn,Org1
BI,h2o[c]__Org1,met,Org1
BI,h[c]__Org1,met,Org1
BI,pi[c]__Org1,met,Org1
BI,ppi[c]__Org1,met,Org1
BI,PPAKr__Org1,rxn,Org1
BI,ppa[c]__Org1,met,Org1
BI,ppap[c]__Org1,met,Org1
BI,adp[c]__Org1,met,Org1
BI,atp[c]__Org1,met,Org1
BI,PPCDC__Org1,rxn,Org1
BI,4ppcys[c]__Org1,met,Org1
BI,pan4p[c]__Org1,met,Org1
BI,co2[c]__Org1,met,Org1
BI,h[c]__Org1,met,Org1
BI,PPCK__Org1,rxn,Org1
BI,adp[c]__Org1,met,Org1
BI,atp[c]__Org1,met,Org1
BI,co2[c]__Org1,met,Org1
BI,oaa[c]__Org1,met,Org1
BI,pep[c]__Org1,met,Org1
BI,PPCr__Org1,rxn,Org1
BI,co2[c]__Org1,met,Org1
BI,h2o[c]__Org1,met,Org1
BI,h[c]__Org1,met,Org1
BI,oaa[c]__Org1,met,Org1
BI,pep[c]__Org1,met,Org1
BI,pi[c]__Org1,met,Org1
BI,PPIte__Org1,rxn,Org1
BI,ppi[c]__Org1,met,Org1
BI,ppi[e]__Org1,met,Org1
BI,PPNCL3__Org1,rxn,Org1
BI,4ppan[c]__Org1,met,Org1
BI,4ppcys[c]__Org1,met,Org1
BI,amp[c]__Org1,met,Org1
BI,atp[c]__Org1,met,Org1
BI,cys_L[c]__Org1,met,Org1
BI,h[c]__Org1,met,Org1
BI,ppi[c]__Org1,met,Org1
BI,PPNDH__Org1,rxn,Org1
BI,co2[c]__Org1,met,Org1
BI,h2o[c]__Org1,met,Org1
BI,h[c]__Org1,met,Org1
BI,phpyr[c]__Org1,met,Org1
BI,pphn[c]__Org1,met,Org1
BI,PRAGS__Org1,rxn,Org1
BI,adp[c]__Org1,met,Org1
BI,atp[c]__Org1,met,Org1
BI,gar[c]__Org1,met,Org1
BI,gly[c]__Org1,met,Org1
BI,h[c]__Org1,met,Org1
BI,pi[c]__Org1,met,Org1
BI,pram[c]__Org1,met,Org1
BI,PRAI__Org1,rxn,Org1
BI,2cpr5p[c]__Org1,met,Org1
BI,pran[c]__Org1,met,Org1
BI,PRAIS__Org1,rxn,Org1
BI,fpram[c]__Org1,met,Org1
BI,adp[c]__Org1,met,Org1
BI,air[c]__Org1,met,Org1
BI,atp[c]__Org1,met,Org1
BI,h[c]__Org1,met,Org1
BI,pi[c]__Org1,met,Org1
BI,PRAMPC__Org1,rxn,Org1
BI,prbamp[c]__Org1,met,Org1
BI,prfp[c]__Org1,met,Org1
BI,h2o[c]__Org1,met,Org1
BI,PRASCSi__Org1,rxn,Org1
BI,25aics[c]__Org1,met,Org1
BI,5aizc[c]__Org1,met,Org1
BI,adp[c]__Org1,met,Org1
BI,asp_L[c]__Org1,met,Org1
BI,atp[c]__Org1,met,Org1
BI,h[c]__Org1,met,Org1
BI,pi[c]__Org1,met,Org1
BI,PRATPP__Org1,rxn,Org1
BI,h2o[c]__Org1,met,Org1
BI,h[c]__Org1,met,Org1
BI,ppi[c]__Org1,met,Org1
BI,prbamp[c]__Org1,met,Org1
BI,prbatp[c]__Org1,met,Org1
BI,PRFGS__Org1,rxn,Org1
BI,adp[c]__Org1,met,Org1
BI,atp[c]__Org1,met,Org1
BI,fgam[c]__Org1,met,Org1
BI,fpram[c]__Org1,met,Org1
BI,gln_L[c]__Org1,met,Org1
BI,glu_L[c]__Org1,met,Org1
BI,h2o[c]__Org1,met,Org1
BI,h[c]__Org1,met,Org1
BI,pi[c]__Org1,met,Org1
BI,PRMICI__Org1,rxn,Org1
BI,prfp[c]__Org1,met,Org1
BI,prlp[c]__Org1,met,Org1
BI,PRO1x__Org1,rxn,Org1
BI,1pyr5c[c]__Org1,met,Org1
BI,h[c]__Org1,met,Org1
BI,nad[c]__Org1,met,Org1
BI,nadh[c]__Org1,met,Org1
BI,pro_L[c]__Org1,met,Org1
BI,PROt4r__Org1,rxn,Org1
BI,na1[c]__Org1,met,Org1
BI,na1[e]__Org1,met,Org1
BI,pro_L[c]__Org1,met,Org1
BI,pro_L[e]__Org1,met,Org1
BI,PRPPS__Org1,rxn,Org1
BI,r5p[c]__Org1,met,Org1
BI,amp[c]__Org1,met,Org1
BI,atp[c]__Org1,met,Org1
BI,h[c]__Org1,met,Org1
BI,prpp[c]__Org1,met,Org1
BI,PSCVT__Org1,rxn,Org1
BI,skm5p[c]__Org1,met,Org1
BI,3psme[c]__Org1,met,Org1
BI,pep[c]__Org1,met,Org1
BI,pi[c]__Org1,met,Org1
BI,PSERT__Org1,rxn,Org1
BI,3php[c]__Org1,met,Org1
BI,pser_L[c]__Org1,met,Org1
BI,akg[c]__Org1,met,Org1
BI,glu_L[c]__Org1,met,Org1
BI,PSP_L__Org1,rxn,Org1
BI,h2o[c]__Org1,met,Org1
BI,pi[c]__Org1,met,Org1
BI,pser_L[c]__Org1,met,Org1
BI,ser_L[c]__Org1,met,Org1
BI,PTA2__Org1,rxn,Org1
BI,coa[c]__Org1,met,Org1
BI,pi[c]__Org1,met,Org1
BI,ppap[c]__Org1,met,Org1
BI,ppcoa[c]__Org1,met,Org1
BI,PTAr__Org1,rxn,Org1
BI,accoa[c]__Org1,met,Org1
BI,actp[c]__Org1,met,Org1
BI,coa[c]__Org1,met,Org1
BI,pi[c]__Org1,met,Org1
BI,PTPAT__Org1,rxn,Org1
BI,atp[c]__Org1,met,Org1
BI,dpcoa[c]__Org1,met,Org1
BI,h[c]__Org1,met,Org1
BI,pan4p[c]__Org1,met,Org1
BI,ppi[c]__Org1,met,Org1
BI,PYDAMK__Org1,rxn,Org1
BI,pyam5p[c]__Org1,met,Org1
BI,pydam[c]__Org1,met,Org1
BI,adp[c]__Org1,met,Org1
BI,atp[c]__Org1,met,Org1
BI,h[c]__Org1,met,Org1
BI,PYDAMtr__Org1,rxn,Org1
BI,pydam[c]__Org1,met,Org1
BI,pydam[e]__Org1,met,Org1
BI,PYDXK__Org1,rxn,Org1
BI,pydx[c]__Org1,met,Org1
BI,adp[c]__Org1,met,Org1
BI,atp[c]__Org1,met,Org1
BI,h[c]__Org1,met,Org1
BI,pydx5p[c]__Org1,met,Org1
BI,PYDXNK__Org1,rxn,Org1
BI,pdx5p[c]__Org1,met,Org1
BI,pydxn[c]__Org1,met,Org1
BI,adp[c]__Org1,met,Org1
BI,atp[c]__Org1,met,Org1
BI,h[c]__Org1,met,Org1
BI,PYDXNtr__Org1,rxn,Org1
BI,pydxn[c]__Org1,met,Org1
BI,pydxn[e]__Org1,met,Org1
BI,PYDXtr__Org1,rxn,Org1
BI,pydx[c]__Org1,met,Org1
BI,pydx[e]__Org1,met,Org1
BI,PYK__Org1,rxn,Org1
BI,adp[c]__Org1,met,Org1
BI,atp[c]__Org1,met,Org1
BI,h[c]__Org1,met,Org1
BI,pep[c]__Org1,met,Org1
BI,pyr[c]__Org1,met,Org1
BI,QULNS__Org1,rxn,Org1
BI,dhap[c]__Org1,met,Org1
BI,h2o[c]__Org1,met,Org1
BI,iasp[c]__Org1,met,Org1
BI,pi[c]__Org1,met,Org1
BI,quln[c]__Org1,met,Org1
BI,RAFFabc__Org1,rxn,Org1
BI,raffin[c]__Org1,met,Org1
BI,adp[c]__Org1,met,Org1
BI,atp[c]__Org1,met,Org1
BI,h2o[c]__Org1,met,Org1
BI,h[c]__Org1,met,Org1
BI,pi[c]__Org1,met,Org1
BI,raffin[e]__Org1,met,Org1
BI,RAFGH__Org1,rxn,Org1
BI,gal[c]__Org1,met,Org1
BI,h2o[c]__Org1,met,Org1
BI,raffin[c]__Org1,met,Org1
BI,sucr[c]__Org1,met,Org1
BI,RAFH__Org1,rxn,Org1
BI,fru[c]__Org1,met,Org1
BI,h2o[c]__Org1,met,Org1
BI,melib[c]__Org1,met,Org1
BI,raffin[c]__Org1,met,Org1
BI,RB5PE__Org1,rxn,Org1
BI,ru5p_L[c]__Org1,met,Org1
BI,xu5p_L[c]__Org1,met,Org1
BI,RBFK__Org1,rxn,Org1
BI,ribflv[c]__Org1,met,Org1
BI,adp[c]__Org1,met,Org1
BI,atp[c]__Org1,met,Org1
BI,fmn[c]__Org1,met,Org1
BI,h[c]__Org1,met,Org1
BI,RBFSa__Org1,rxn,Org1
BI,4r5au[c]__Org1,met,Org1
BI,dmlz[c]__Org1,met,Org1
BI,db4p[c]__Org1,met,Org1
BI,h2o[c]__Org1,met,Org1
BI,pi[c]__Org1,met,Org1
BI,RBFSb__Org1,rxn,Org1
BI,4r5au[c]__Org1,met,Org1
BI,dmlz[c]__Org1,met,Org1
BI,ribflv[c]__Org1,met,Org1
BI,RBK__Org1,rxn,Org1
BI,adp[c]__Org1,met,Org1
BI,atp[c]__Org1,met,Org1
BI,h[c]__Org1,met,Org1
BI,r5p[c]__Org1,met,Org1
BI,rib_D[c]__Org1,met,Org1
BI,RBK_D__Org1,rxn,Org1
BI,rbl_D[c]__Org1,met,Org1
BI,adp[c]__Org1,met,Org1
BI,atp[c]__Org1,met,Org1
BI,h[c]__Org1,met,Org1
BI,ru5p_D[c]__Org1,met,Org1
BI,RBK_L1__Org1,rxn,Org1
BI,rbl_L[c]__Org1,met,Org1
BI,adp[c]__Org1,met,Org1
BI,atp[c]__Org1,met,Org1
BI,h[c]__Org1,met,Org1
BI,ru5p_L[c]__Org1,met,Org1
BI,RE1944C__Org1,rxn,Org1
BI,CE5656[c]__Org1,met,Org1
BI,lipoate[c]__Org1,met,Org1
BI,atp[c]__Org1,met,Org1
BI,ppi[c]__Org1,met,Org1
BI,RHCCE__Org1,rxn,Org1
BI,dhptd[c]__Org1,met,Org1
BI,hcys_L[c]__Org1,met,Org1
BI,rhcys[c]__Org1,met,Org1
BI,RIBFLVt2r__Org1,rxn,Org1
BI,h[c]__Org1,met,Org1
BI,h[e]__Org1,met,Org1
BI,ribflv[c]__Org1,met,Org1
BI,ribflv[e]__Org1,met,Org1
BI,RIBabc__Org1,rxn,Org1
BI,adp[c]__Org1,met,Org1
BI,atp[c]__Org1,met,Org1
BI,h2o[c]__Org1,met,Org1
BI,h[c]__Org1,met,Org1
BI,pi[c]__Org1,met,Org1
BI,rib_D[c]__Org1,met,Org1
BI,rib_D[e]__Org1,met,Org1
BI,RMNt2__Org1,rxn,Org1
BI,rmn[c]__Org1,met,Org1
BI,h[c]__Org1,met,Org1
BI,h[e]__Org1,met,Org1
BI,rmn[e]__Org1,met,Org1
BI,RNDR1__Org1,rxn,Org1
BI,adp[c]__Org1,met,Org1
BI,dadp[c]__Org1,met,Org1
BI,h2o[c]__Org1,met,Org1
BI,trdox[c]__Org1,met,Org1
BI,trdrd[c]__Org1,met,Org1
BI,RNDR2__Org1,rxn,Org1
BI,dgdp[c]__Org1,met,Org1
BI,gdp[c]__Org1,met,Org1
BI,h2o[c]__Org1,met,Org1
BI,trdox[c]__Org1,met,Org1
BI,trdrd[c]__Org1,met,Org1
BI,RNDR3__Org1,rxn,Org1
BI,cdp[c]__Org1,met,Org1
BI,dcdp[c]__Org1,met,Org1
BI,h2o[c]__Org1,met,Org1
BI,trdox[c]__Org1,met,Org1
BI,trdrd[c]__Org1,met,Org1
BI,RNDR4__Org1,rxn,Org1
BI,dudp[c]__Org1,met,Org1
BI,h2o[c]__Org1,met,Org1
BI,trdox[c]__Org1,met,Org1
BI,trdrd[c]__Org1,met,Org1
BI,udp[c]__Org1,met,Org1
BI,RNTR1__Org1,rxn,Org1
BI,atp[c]__Org1,met,Org1
BI,datp[c]__Org1,met,Org1
BI,h2o[c]__Org1,met,Org1
BI,trdox[c]__Org1,met,Org1
BI,trdrd[c]__Org1,met,Org1
BI,RNTR2__Org1,rxn,Org1
BI,dgtp[c]__Org1,met,Org1
BI,gtp[c]__Org1,met,Org1
BI,h2o[c]__Org1,met,Org1
BI,trdox[c]__Org1,met,Org1
BI,trdrd[c]__Org1,met,Org1
BI,RNTR3__Org1,rxn,Org1
BI,ctp[c]__Org1,met,Org1
BI,dctp[c]__Org1,met,Org1
BI,h2o[c]__Org1,met,Org1
BI,trdox[c]__Org1,met,Org1
BI,trdrd[c]__Org1,met,Org1
BI,RNTR4__Org1,rxn,Org1
BI,dutp[c]__Org1,met,Org1
BI,h2o[c]__Org1,met,Org1
BI,trdox[c]__Org1,met,Org1
BI,trdrd[c]__Org1,met,Org1
BI,utp[c]__Org1,met,Org1
BI,RPE__Org1,rxn,Org1
BI,xu5p_D[c]__Org1,met,Org1
BI,ru5p_D[c]__Org1,met,Org1
BI,RPI__Org1,rxn,Org1
BI,r5p[c]__Org1,met,Org1
BI,ru5p_D[c]__Org1,met,Org1
BI,SADT__Org1,rxn,Org1
BI,aps[c]__Org1,met,Org1
BI,so4[c]__Org1,met,Org1
BI,atp[c]__Org1,met,Org1
BI,h[c]__Org1,met,Org1
BI,ppi[c]__Org1,met,Org1
BI,SALCpts__Org1,rxn,Org1
BI,salc6p[c]__Org1,met,Org1
BI,pep[c]__Org1,met,Org1
BI,pyr[c]__Org1,met,Org1
BI,salcn[e]__Org1,met,Org1
BI,SDPDS__Org1,rxn,Org1
BI,sl26da[c]__Org1,met,Org1
BI,26dap_LL[c]__Org1,met,Org1
BI,h2o[c]__Org1,met,Org1
BI,succ[c]__Org1,met,Org1
BI,SDPTA__Org1,rxn,Org1
BI,sl2a6o[c]__Org1,met,Org1
BI,akg[c]__Org1,met,Org1
BI,glu_L[c]__Org1,met,Org1
BI,sl26da[c]__Org1,met,Org1
BI,SERATi__Org1,rxn,Org1
BI,accoa[c]__Org1,met,Org1
BI,acser[c]__Org1,met,Org1
BI,coa[c]__Org1,met,Org1
BI,ser_L[c]__Org1,met,Org1
BI,SHCHD2__Org1,rxn,Org1
BI,dscl[c]__Org1,met,Org1
BI,scl[c]__Org1,met,Org1
BI,h[c]__Org1,met,Org1
BI,nad[c]__Org1,met,Org1
BI,nadh[c]__Org1,met,Org1
BI,SHK3Dr__Org1,rxn,Org1
BI,skm[c]__Org1,met,Org1
BI,3dhsk[c]__Org1,met,Org1
BI,h[c]__Org1,met,Org1
BI,nadp[c]__Org1,met,Org1
BI,nadph[c]__Org1,met,Org1
BI,SHKK__Org1,rxn,Org1
BI,adp[c]__Org1,met,Org1
BI,atp[c]__Org1,met,Org1
BI,h[c]__Org1,met,Org1
BI,skm5p[c]__Org1,met,Org1
BI,skm[c]__Org1,met,Org1
BI,SHSL2__Org1,rxn,Org1
BI,suchms[c]__Org1,met,Org1
BI,h2s[c]__Org1,met,Org1
BI,h[c]__Org1,met,Org1
BI,hcys_L[c]__Org1,met,Org1
BI,succ[c]__Org1,met,Org1
BI,SHSL4r__Org1,rxn,Org1
BI,2obut[c]__Org1,met,Org1
BI,h2o[c]__Org1,met,Org1
BI,h[c]__Org1,met,Org1
BI,nh4[c]__Org1,met,Org1
BI,succ[c]__Org1,met,Org1
BI,suchms[c]__Org1,met,Org1
BI,SIAASE_OGLYCAN1e__Org1,rxn,Org1
BI,Tn_antigen[e]__Org1,met,Org1
BI,acnam[e]__Org1,met,Org1
BI,h2o[e]__Org1,met,Org1
BI,sTn_antigen[e]__Org1,met,Org1
BI,SIAASE_OGLYCAN2e__Org1,rxn,Org1
BI,acnam[e]__Org1,met,Org1
BI,dsT_antigen[e]__Org1,met,Org1
BI,h2o[e]__Org1,met,Org1
BI,sT_antigen[e]__Org1,met,Org1
BI,SIAASE_OGLYCAN3e__Org1,rxn,Org1
BI,T_antigen[e]__Org1,met,Org1
BI,acnam[e]__Org1,met,Org1
BI,h2o[e]__Org1,met,Org1
BI,sT_antigen[e]__Org1,met,Org1
BI,SO4t2__Org1,rxn,Org1
BI,h[c]__Org1,met,Org1
BI,h[e]__Org1,met,Org1
BI,so4[c]__Org1,met,Org1
BI,so4[e]__Org1,met,Org1
BI,STYSGH__Org1,rxn,Org1
BI,stys[c]__Org1,met,Org1
BI,gal[c]__Org1,met,Org1
BI,h2o[c]__Org1,met,Org1
BI,raffin[c]__Org1,met,Org1
BI,STYSabc__Org1,rxn,Org1
BI,adp[c]__Org1,met,Org1
BI,atp[c]__Org1,met,Org1
BI,h2o[c]__Org1,met,Org1
BI,h[c]__Org1,met,Org1
BI,pi[c]__Org1,met,Org1
BI,stys[c]__Org1,met,Org1
BI,stys[e]__Org1,met,Org1
BI,SUCCt2r__Org1,rxn,Org1
BI,h[c]__Org1,met,Org1
BI,h[e]__Org1,met,Org1
BI,succ[c]__Org1,met,Org1
BI,succ[e]__Org1,met,Org1
BI,SUCD1__Org1,rxn,Org1
BI,fadh2[c]__Org1,met,Org1
BI,fad[c]__Org1,met,Org1
BI,fum[c]__Org1,met,Org1
BI,succ[c]__Org1,met,Org1
BI,SUCD4__Org1,rxn,Org1
BI,fad[c]__Org1,met,Org1
BI,fadh2[c]__Org1,met,Org1
BI,q8[c]__Org1,met,Org1
BI,q8h2[c]__Org1,met,Org1
BI,SUCDi__Org1,rxn,Org1
BI,fum[c]__Org1,met,Org1
BI,q8[c]__Org1,met,Org1
BI,q8h2[c]__Org1,met,Org1
BI,succ[c]__Org1,met,Org1
BI,SUCDimq__Org1,rxn,Org1
BI,fum[c]__Org1,met,Org1
BI,mql8[c]__Org1,met,Org1
BI,mqn8[c]__Org1,met,Org1
BI,succ[c]__Org1,met,Org1
BI,SUCOAS__Org1,rxn,Org1
BI,adp[c]__Org1,met,Org1
BI,atp[c]__Org1,met,Org1
BI,coa[c]__Org1,met,Org1
BI,pi[c]__Org1,met,Org1
BI,succ[c]__Org1,met,Org1
BI,succoa[c]__Org1,met,Org1
BI,SUCR__Org1,rxn,Org1
BI,fru[c]__Org1,met,Org1
BI,glc_D[c]__Org1,met,Org1
BI,h2o[c]__Org1,met,Org1
BI,sucr[c]__Org1,met,Org1
BI,SUCRt2__Org1,rxn,Org1
BI,h[c]__Org1,met,Org1
BI,h[e]__Org1,met,Org1
BI,sucr[c]__Org1,met,Org1
BI,sucr[e]__Org1,met,Org1
BI,SULRi__Org1,rxn,Org1
BI,h2o[c]__Org1,met,Org1
BI,h2s[c]__Org1,met,Org1
BI,h[c]__Org1,met,Org1
BI,nadp[c]__Org1,met,Org1
BI,nadph[c]__Org1,met,Org1
BI,so3[c]__Org1,met,Org1
BI,TALA__Org1,rxn,Org1
BI,s7p[c]__Org1,met,Org1
BI,e4p[c]__Org1,met,Org1
BI,f6p[c]__Org1,met,Org1
BI,g3p[c]__Org1,met,Org1
BI,TCDCHOLBHSe__Org1,rxn,Org1
BI,C02528[e]__Org1,met,Org1
BI,h2o[e]__Org1,met,Org1
BI,h[e]__Org1,met,Org1
BI,taur[e]__Org1,met,Org1
BI,tdchola[e]__Org1,met,Org1
BI,TCHOLBHSe__Org1,rxn,Org1
BI,cholate[e]__Org1,met,Org1
BI,h2o[e]__Org1,met,Org1
BI,h[e]__Org1,met,Org1
BI,taur[e]__Org1,met,Org1
BI,tchola[e]__Org1,met,Org1
BI,TDCABSHe__Org1,rxn,Org1
BI,dchac[e]__Org1,met,Org1
BI,h2o[e]__Org1,met,Org1
BI,taur[e]__Org1,met,Org1
BI,tdechola[e]__Org1,met,Org1
BI,TDPGDH__Org1,rxn,Org1
BI,dtdp4d6dg[c]__Org1,met,Org1
BI,dtdpglu[c]__Org1,met,Org1
BI,h2o[c]__Org1,met,Org1
BI,TECA4S__Org1,rxn,Org1
BI,tcam[c]__Org1,met,Org1
BI,udpacgal[c]__Org1,met,Org1
BI,h2o[c]__Org1,met,Org1
BI,udp[c]__Org1,met,Org1
BI,udpg[c]__Org1,met,Org1
BI,ump[c]__Org1,met,Org1
BI,TECA5S140__Org1,rxn,Org1
BI,myrstca1[c]__Org1,met,Org1
BI,myrstcaacgam[c]__Org1,met,Org1
BI,h[c]__Org1,met,Org1
BI,uacgam[c]__Org1,met,Org1
BI,udp[c]__Org1,met,Org1
BI,TECA5S160__Org1,rxn,Org1
BI,palmtca1[c]__Org1,met,Org1
BI,palmtcaacgam[c]__Org1,met,Org1
BI,h[c]__Org1,met,Org1
BI,uacgam[c]__Org1,met,Org1
BI,udp[c]__Org1,met,Org1
BI,TECA5S180__Org1,rxn,Org1
BI,sttca1[c]__Org1,met,Org1
BI,sttcaacgam[c]__Org1,met,Org1
BI,h[c]__Org1,met,Org1
BI,uacgam[c]__Org1,met,Org1
BI,udp[c]__Org1,met,Org1
BI,TECA5SAI15__Org1,rxn,Org1
BI,ai15tca1[c]__Org1,met,Org1
BI,ai15tcaacgam[c]__Org1,met,Org1
BI,h[c]__Org1,met,Org1
BI,uacgam[c]__Org1,met,Org1
BI,udp[c]__Org1,met,Org1
BI,TECA5SAI17__Org1,rxn,Org1
BI,ai17tca1[c]__Org1,met,Org1
BI,ai17tcaacgam[c]__Org1,met,Org1
BI,h[c]__Org1,met,Org1
BI,uacgam[c]__Org1,met,Org1
BI,udp[c]__Org1,met,Org1
BI,TECA5SI14__Org1,rxn,Org1
BI,i14tca1[c]__Org1,met,Org1
BI,i14tcaacgam[c]__Org1,met,Org1
BI,h[c]__Org1,met,Org1
BI,uacgam[c]__Org1,met,Org1
BI,udp[c]__Org1,met,Org1
BI,TECA5SI15__Org1,rxn,Org1
BI,i15tca1[c]__Org1,met,Org1
BI,i15tcaacgam[c]__Org1,met,Org1
BI,h[c]__Org1,met,Org1
BI,uacgam[c]__Org1,met,Org1
BI,udp[c]__Org1,met,Org1
BI,TECA5SI16__Org1,rxn,Org1
BI,i16tca1[c]__Org1,met,Org1
BI,i16tcaacgam[c]__Org1,met,Org1
BI,h[c]__Org1,met,Org1
BI,uacgam[c]__Org1,met,Org1
BI,udp[c]__Org1,met,Org1
BI,TECA5SI17__Org1,rxn,Org1
BI,i17tca1[c]__Org1,met,Org1
BI,i17tcaacgam[c]__Org1,met,Org1
BI,h[c]__Org1,met,Org1
BI,uacgam[c]__Org1,met,Org1
BI,udp[c]__Org1,met,Org1
BI,TECAAE__Org1,rxn,Org1
BI,glyc45tcaala_D[c]__Org1,met,Org1
BI,PGPm1[c]__Org1,met,Org1
BI,prl45tcaala[c]__Org1,met,Org1
BI,udcpp[c]__Org1,met,Org1
BI,TECAGE__Org1,rxn,Org1
BI,glyc45tcaglc[c]__Org1,met,Org1
BI,PGPm1[c]__Org1,met,Org1
BI,prl45tcaglc[c]__Org1,met,Org1
BI,udcpp[c]__Org1,met,Org1
BI,TECAUE__Org1,rxn,Org1
BI,glyc45tca[c]__Org1,met,Org1
BI,PGPm1[c]__Org1,met,Org1
BI,prl45tca[c]__Org1,met,Org1
BI,udcpp[c]__Org1,met,Org1
BI,TGBPA__Org1,rxn,Org1
BI,dhap[c]__Org1,met,Org1
BI,g3p[c]__Org1,met,Org1
BI,tagdp_D[c]__Org1,met,Org1
BI,THD1__Org1,rxn,Org1
BI,nad[c]__Org1,met,Org1
BI,nadh[c]__Org1,met,Org1
BI,nadp[c]__Org1,met,Org1
BI,nadph[c]__Org1,met,Org1
BI,THD2__Org1,rxn,Org1
BI,h[c]__Org1,met,Org1
BI,h[e]__Org1,met,Org1
BI,nad[c]__Org1,met,Org1
BI,nadh[c]__Org1,met,Org1
BI,nadp[c]__Org1,met,Org1
BI,nadph[c]__Org1,met,Org1
BI,THDPS__Org1,rxn,Org1
BI,coa[c]__Org1,met,Org1
BI,h2o[c]__Org1,met,Org1
BI,sl2a6o[c]__Org1,met,Org1
BI,succoa[c]__Org1,met,Org1
BI,thdp[c]__Org1,met,Org1
BI,THFte__Org1,rxn,Org1
BI,thf[c]__Org1,met,Org1
BI,thf[e]__Org1,met,Org1
BI,THIORDXi__Org1,rxn,Org1
BI,h2o2[c]__Org1,met,Org1
BI,h2o[c]__Org1,met,Org1
BI,trdox[c]__Org1,met,Org1
BI,trdrd[c]__Org1,met,Org1
BI,THMP__Org1,rxn,Org1
BI,thm[c]__Org1,met,Org1
BI,thmmp[c]__Org1,met,Org1
BI,h2o[c]__Org1,met,Org1
BI,pi[c]__Org1,met,Org1
BI,THMabc__Org1,rxn,Org1
BI,adp[c]__Org1,met,Org1
BI,atp[c]__Org1,met,Org1
BI,h2o[c]__Org1,met,Org1
BI,h[c]__Org1,met,Org1
BI,pi[c]__Org1,met,Org1
BI,thm[c]__Org1,met,Org1
BI,thm[e]__Org1,met,Org1
BI,THMte__Org1,rxn,Org1
BI,thm[c]__Org1,met,Org1
BI,thm[e]__Org1,met,Org1
BI,THRAi__Org1,rxn,Org1
BI,acald[c]__Org1,met,Org1
BI,gly[c]__Org1,met,Org1
BI,thr_L[c]__Org1,met,Org1
BI,THRD_L__Org1,rxn,Org1
BI,2obut[c]__Org1,met,Org1
BI,nh4[c]__Org1,met,Org1
BI,thr_L[c]__Org1,met,Org1
BI,THRS__Org1,rxn,Org1
BI,h2o[c]__Org1,met,Org1
BI,phom[c]__Org1,met,Org1
BI,pi[c]__Org1,met,Org1
BI,thr_L[c]__Org1,met,Org1
BI,THZPSN__Org1,rxn,Org1
BI,4hba[c]__Org1,met,Org1
BI,4mpetz[c]__Org1,met,Org1
BI,ala_L[c]__Org1,met,Org1
BI,amp[c]__Org1,met,Org1
BI,atp[c]__Org1,met,Org1
BI,co2[c]__Org1,met,Org1
BI,cys_L[c]__Org1,met,Org1
BI,dxyl5p[c]__Org1,met,Org1
BI,h2o[c]__Org1,met,Org1
BI,h[c]__Org1,met,Org1
BI,ppi[c]__Org1,met,Org1
BI,tyr_L[c]__Org1,met,Org1
BI,TKT1__Org1,rxn,Org1
BI,g3p[c]__Org1,met,Org1
BI,r5p[c]__Org1,met,Org1
BI,s7p[c]__Org1,met,Org1
BI,xu5p_D[c]__Org1,met,Org1
BI,TKT2__Org1,rxn,Org1
BI,e4p[c]__Org1,met,Org1
BI,f6p[c]__Org1,met,Org1
BI,g3p[c]__Org1,met,Org1
BI,xu5p_D[c]__Org1,met,Org1
BI,TLCABSHe__Org1,rxn,Org1
BI,HC02191[e]__Org1,met,Org1
BI,HC02192[e]__Org1,met,Org1
BI,h2o[e]__Org1,met,Org1
BI,taur[e]__Org1,met,Org1
BI,TMDPK__Org1,rxn,Org1
BI,amp[c]__Org1,met,Org1
BI,atp[c]__Org1,met,Org1
BI,h[c]__Org1,met,Org1
BI,thm[c]__Org1,met,Org1
BI,thmpp[c]__Org1,met,Org1
BI,TMDS__Org1,rxn,Org1
BI,dhf[c]__Org1,met,Org1
BI,dtmp[c]__Org1,met,Org1
BI,dump[c]__Org1,met,Org1
BI,mlthf[c]__Org1,met,Org1
BI,TMN__Org1,rxn,Org1
BI,4ahmmp[c]__Org1,met,Org1
BI,4mhetz[c]__Org1,met,Org1
BI,h2o[c]__Org1,met,Org1
BI,h[c]__Org1,met,Org1
BI,thm[c]__Org1,met,Org1
BI,TMPPP__Org1,rxn,Org1
BI,2mahmp[c]__Org1,met,Org1
BI,4mpetz[c]__Org1,met,Org1
BI,h[c]__Org1,met,Org1
BI,ppi[c]__Org1,met,Org1
BI,thmmp[c]__Org1,met,Org1
BI,TMPPP_1__Org1,rxn,Org1
BI,cthzp[c]__Org1,met,Org1
BI,2mahmp[c]__Org1,met,Org1
BI,co2[c]__Org1,met,Org1
BI,h[c]__Org1,met,Org1
BI,ppi[c]__Org1,met,Org1
BI,thmmp[c]__Org1,met,Org1
BI,TPI__Org1,rxn,Org1
BI,dhap[c]__Org1,met,Org1
BI,g3p[c]__Org1,met,Org1
BI,TRDOXOX__Org1,rxn,Org1
BI,peptmet_L[c]__Org1,met,Org1
BI,peptmetox_L[c]__Org1,met,Org1
BI,h2o[c]__Org1,met,Org1
BI,trdox[c]__Org1,met,Org1
BI,trdrd[c]__Org1,met,Org1
BI,TRDR__Org1,rxn,Org1
BI,h[c]__Org1,met,Org1
BI,nadp[c]__Org1,met,Org1
BI,nadph[c]__Org1,met,Org1
BI,trdox[c]__Org1,met,Org1
BI,trdrd[c]__Org1,met,Org1
BI,TREH__Org1,rxn,Org1
BI,tre[c]__Org1,met,Org1
BI,glc_D[c]__Org1,met,Org1
BI,h2o[c]__Org1,met,Org1
BI,TREabc__Org1,rxn,Org1
BI,adp[c]__Org1,met,Org1
BI,atp[c]__Org1,met,Org1
BI,h2o[c]__Org1,met,Org1
BI,h[c]__Org1,met,Org1
BI,pi[c]__Org1,met,Org1
BI,tre[c]__Org1,met,Org1
BI,tre[e]__Org1,met,Org1
BI,TRPS1__Org1,rxn,Org1
BI,trp_L[c]__Org1,met,Org1
BI,3ig3p[c]__Org1,met,Org1
BI,g3p[c]__Org1,met,Org1
BI,h2o[c]__Org1,met,Org1
BI,ser_L[c]__Org1,met,Org1
BI,TRPS2__Org1,rxn,Org1
BI,indole[c]__Org1,met,Org1
BI,h2o[c]__Org1,met,Org1
BI,ser_L[c]__Org1,met,Org1
BI,trp_L[c]__Org1,met,Org1
BI,TRPS3__Org1,rxn,Org1
BI,3ig3p[c]__Org1,met,Org1
BI,g3p[c]__Org1,met,Org1
BI,indole[c]__Org1,met,Org1
BI,TYRTA__Org1,rxn,Org1
BI,34hpp[c]__Org1,met,Org1
BI,akg[c]__Org1,met,Org1
BI,glu_L[c]__Org1,met,Org1
BI,tyr_L[c]__Org1,met,Org1
BI,UAAGDS__Org1,rxn,Org1
BI,uamag[c]__Org1,met,Org1
BI,ugmd[c]__Org1,met,Org1
BI,26dap_M[c]__Org1,met,Org1
BI,adp[c]__Org1,met,Org1
BI,atp[c]__Org1,met,Org1
BI,h[c]__Org1,met,Org1
BI,pi[c]__Org1,met,Org1
BI,UACMAMAT__Org1,rxn,Org1
BI,uacmam[c]__Org1,met,Org1
BI,acbdma14gapuc[c]__Org1,met,Org1
BI,h[c]__Org1,met,Org1
BI,udp[c]__Org1,met,Org1
BI,unaga[c]__Org1,met,Org1
BI,UAG2E__Org1,rxn,Org1
BI,uacgam[c]__Org1,met,Org1
BI,uacmam[c]__Org1,met,Org1
BI,UAG4E__Org1,rxn,Org1
BI,uacgam[c]__Org1,met,Org1
BI,udpacgal[c]__Org1,met,Org1
BI,UAGCVT_r__Org1,rxn,Org1
BI,uaccg[c]__Org1,met,Org1
BI,pep[c]__Org1,met,Org1
BI,pi[c]__Org1,met,Org1
BI,uacgam[c]__Org1,met,Org1
BI,UAGDP__Org1,rxn,Org1
BI,acgam1p[c]__Org1,met,Org1
BI,h[c]__Org1,met,Org1
BI,ppi[c]__Org1,met,Org1
BI,uacgam[c]__Org1,met,Org1
BI,utp[c]__Org1,met,Org1
BI,UAGPT2__Org1,rxn,Org1
BI,h[c]__Org1,met,Org1
BI,uaGgla[c]__Org1,met,Org1
BI,uaaGgla[c]__Org1,met,Org1
BI,uacgam[c]__Org1,met,Org1
BI,udp[c]__Org1,met,Org1
BI,UAGPT3__Org1,rxn,Org1
BI,h[c]__Org1,met,Org1
BI,uaagmda[c]__Org1,met,Org1
BI,uacgam[c]__Org1,met,Org1
BI,uagmda[c]__Org1,met,Org1
BI,udp[c]__Org1,met,Org1
BI,UAMAGS__Org1,rxn,Org1
BI,uama[c]__Org1,met,Org1
BI,adp[c]__Org1,met,Org1
BI,atp[c]__Org1,met,Org1
BI,glu_D[c]__Org1,met,Org1
BI,h[c]__Org1,met,Org1
BI,pi[c]__Org1,met,Org1
BI,uamag[c]__Org1,met,Org1
BI,UAMAS__Org1,rxn,Org1
BI,uamr[c]__Org1,met,Org1
BI,adp[c]__Org1,met,Org1
BI,ala_L[c]__Org1,met,Org1
BI,atp[c]__Org1,met,Org1
BI,h[c]__Org1,met,Org1
BI,pi[c]__Org1,met,Org1
BI,uama[c]__Org1,met,Org1
BI,UAPGR__Org1,rxn,Org1
BI,h[c]__Org1,met,Org1
BI,nadp[c]__Org1,met,Org1
BI,nadph[c]__Org1,met,Org1
BI,uaccg[c]__Org1,met,Org1
BI,uamr[c]__Org1,met,Org1
BI,UDCPDP__Org1,rxn,Org1
BI,h2o[c]__Org1,met,Org1
BI,h[c]__Org1,met,Org1
BI,pi[c]__Org1,met,Org1
BI,udcpdp[c]__Org1,met,Org1
BI,udcpp[c]__Org1,met,Org1
BI,UDPG4E__Org1,rxn,Org1
BI,udpg[c]__Org1,met,Org1
BI,udpgal[c]__Org1,met,Org1
BI,UDPGALM__Org1,rxn,Org1
BI,udpgalfur[c]__Org1,met,Org1
BI,udpgal[c]__Org1,met,Org1
BI,UDPGDr__Org1,rxn,Org1
BI,udpglcur[c]__Org1,met,Org1
BI,h2o[c]__Org1,met,Org1
BI,h[c]__Org1,met,Org1
BI,nad[c]__Org1,met,Org1
BI,nadh[c]__Org1,met,Org1
BI,udpg[c]__Org1,met,Org1
BI,UGLT__Org1,rxn,Org1
BI,g1p[c]__Org1,met,Org1
BI,gal1p[c]__Org1,met,Org1
BI,udpg[c]__Org1,met,Org1
BI,udpgal[c]__Org1,met,Org1
BI,UGMDDS__Org1,rxn,Org1
BI,adp[c]__Org1,met,Org1
BI,alaala[c]__Org1,met,Org1
BI,atp[c]__Org1,met,Org1
BI,h[c]__Org1,met,Org1
BI,pi[c]__Org1,met,Org1
BI,ugmd[c]__Org1,met,Org1
BI,ugmda[c]__Org1,met,Org1
BI,UMPK__Org1,rxn,Org1
BI,adp[c]__Org1,met,Org1
BI,atp[c]__Org1,met,Org1
BI,udp[c]__Org1,met,Org1
BI,ump[c]__Org1,met,Org1
BI,UP4GH__Org1,rxn,Org1
BI,up4g[c]__Org1,met,Org1
BI,h2o[c]__Org1,met,Org1
BI,h[c]__Org1,met,Org1
BI,ump[c]__Org1,met,Org1
BI,utp[c]__Org1,met,Org1
BI,UPPRT__Org1,rxn,Org1
BI,ura[c]__Org1,met,Org1
BI,ppi[c]__Org1,met,Org1
BI,prpp[c]__Org1,met,Org1
BI,ump[c]__Org1,met,Org1
BI,URAt2__Org1,rxn,Org1
BI,h[c]__Org1,met,Org1
BI,h[e]__Org1,met,Org1
BI,ura[c]__Org1,met,Org1
BI,ura[e]__Org1,met,Org1
BI,UREA__Org1,rxn,Org1
BI,urea[c]__Org1,met,Org1
BI,co2[c]__Org1,met,Org1
BI,h2o[c]__Org1,met,Org1
BI,h[c]__Org1,met,Org1
BI,nh4[c]__Org1,met,Org1
BI,UREAt__Org1,rxn,Org1
BI,urea[c]__Org1,met,Org1
BI,urea[e]__Org1,met,Org1
BI,URIDK3__Org1,rxn,Org1
BI,adp[c]__Org1,met,Org1
BI,atp[c]__Org1,met,Org1
BI,dudp[c]__Org1,met,Org1
BI,dump[c]__Org1,met,Org1
BI,UTPATPT__Org1,rxn,Org1
BI,adp[c]__Org1,met,Org1
BI,amp[c]__Org1,met,Org1
BI,udp[c]__Org1,met,Org1
BI,utp[c]__Org1,met,Org1
BI,VALTA__Org1,rxn,Org1
BI,val_L[c]__Org1,met,Org1
BI,3mob[c]__Org1,met,Org1
BI,akg[c]__Org1,met,Org1
BI,glu_L[c]__Org1,met,Org1
BI,VALabc__Org1,rxn,Org1
BI,adp[c]__Org1,met,Org1
BI,atp[c]__Org1,met,Org1
BI,h2o[c]__Org1,met,Org1
BI,h[c]__Org1,met,Org1
BI,pi[c]__Org1,met,Org1
BI,val_L[c]__Org1,met,Org1
BI,val_L[e]__Org1,met,Org1
BI,VALt2r__Org1,rxn,Org1
BI,h[c]__Org1,met,Org1
BI,h[e]__Org1,met,Org1
BI,val_L[c]__Org1,met,Org1
BI,val_L[e]__Org1,met,Org1
BI,XANt2r__Org1,rxn,Org1
BI,xan[c]__Org1,met,Org1
BI,h[c]__Org1,met,Org1
BI,h[e]__Org1,met,Org1
BI,xan[e]__Org1,met,Org1
BI,XPPT__Org1,rxn,Org1
BI,ppi[c]__Org1,met,Org1
BI,prpp[c]__Org1,met,Org1
BI,xan[c]__Org1,met,Org1
BI,xmp[c]__Org1,met,Org1
BI,XTSNH__Org1,rxn,Org1
BI,h2o[c]__Org1,met,Org1
BI,rib_D[c]__Org1,met,Org1
BI,xan[c]__Org1,met,Org1
BI,xtsn[c]__Org1,met,Org1
BI,XU5PG3PL__Org1,rxn,Org1
BI,actp[c]__Org1,met,Org1
BI,g3p[c]__Org1,met,Org1
BI,h2o[c]__Org1,met,Org1
BI,pi[c]__Org1,met,Org1
BI,xu5p_D[c]__Org1,met,Org1
BI,XYLI1__Org1,rxn,Org1
BI,xyl_D[c]__Org1,met,Org1
BI,xylu_D[c]__Org1,met,Org1
BI,XYLK__Org1,rxn,Org1
BI,adp[c]__Org1,met,Org1
BI,atp[c]__Org1,met,Org1
BI,h[c]__Org1,met,Org1
BI,xu5p_D[c]__Org1,met,Org1
BI,xylu_D[c]__Org1,met,Org1
BI,XYLOTTR_DEG__Org1,rxn,Org1
BI,xylottr[c]__Org1,met,Org1
BI,h2o[c]__Org1,met,Org1
BI,xyl_D[c]__Org1,met,Org1
BI,XYLOTTRabc__Org1,rxn,Org1
BI,adp[c]__Org1,met,Org1
BI,atp[c]__Org1,met,Org1
BI,h2o[c]__Org1,met,Org1
BI,h[c]__Org1,met,Org1
BI,pi[c]__Org1,met,Org1
BI,xylottr[c]__Org1,met,Org1
BI,xylottr[e]__Org1,met,Org1
BI,XYLabc__Org1,rxn,Org1
BI,adp[c]__Org1,met,Org1
BI,atp[c]__Org1,met,Org1
BI,h2o[c]__Org1,met,Org1
BI,h[c]__Org1,met,Org1
BI,pi[c]__Org1,met,Org1
BI,xyl_D[c]__Org1,met,Org1
BI,xyl_D[e]__Org1,met,Org1
BI,XYLt__Org1,rxn,Org1
BI,xyl_D[c]__Org1,met,Org1
BI,xyl_D[e]__Org1,met,Org1
BI,YUMPS__Org1,rxn,Org1
BI,psd5p[c]__Org1,met,Org1
BI,h2o[c]__Org1,met,Org1
BI,r5p[c]__Org1,met,Org1
BI,ura[c]__Org1,met,Org1
BI,ZNabc__Org1,rxn,Org1
BI,zn2[c]__Org1,met,Org1
BI,adp[c]__Org1,met,Org1
BI,atp[c]__Org1,met,Org1
BI,h2o[c]__Org1,met,Org1
BI,h[c]__Org1,met,Org1
BI,pi[c]__Org1,met,Org1
BI,zn2[e]__Org1,met,Org1
BI,dreplication__Org1,rxn,Org1
BI,dnarep[c]__Org1,met,Org1
BI,pbiosynthesis__Org1,rxn,Org1
BI,proteinsynth[c]__Org1,met,Org1
BI,r0060__Org1,rxn,Org1
BI,nh4[c]__Org1,met,Org1
BI,pyr[c]__Org1,met,Org1
BI,ser_L[c]__Org1,met,Org1
BI,r0082__Org1,rxn,Org1
BI,HC01434[c]__Org1,met,Org1
BI,akg[c]__Org1,met,Org1
BI,co2[c]__Org1,met,Org1
BI,h[c]__Org1,met,Org1
BI,r0120__Org1,rxn,Org1
BI,HC01651[c]__Org1,met,Org1
BI,gtp[c]__Org1,met,Org1
BI,h2o[c]__Org1,met,Org1
BI,r0163c__Org1,rxn,Org1
BI,HC01435[c]__Org1,met,Org1
BI,akg[c]__Org1,met,Org1
BI,co2[c]__Org1,met,Org1
BI,h[c]__Org1,met,Org1
BI,thmpp[c]__Org1,met,Org1
BI,r0339__Org1,rxn,Org1
BI,3pg[c]__Org1,met,Org1
BI,adp[c]__Org1,met,Org1
BI,atp[c]__Org1,met,Org1
BI,glyc_R[c]__Org1,met,Org1
BI,h[c]__Org1,met,Org1
BI,r0345__Org1,rxn,Org1
BI,adp[c]__Org1,met,Org1
BI,atp[c]__Org1,met,Org1
BI,dadp[c]__Org1,met,Org1
BI,damp[c]__Org1,met,Org1
BI,r0422__Org1,rxn,Org1
BI,HC01434[c]__Org1,met,Org1
BI,h[c]__Org1,met,Org1
BI,icit[c]__Org1,met,Org1
BI,nadp[c]__Org1,met,Org1
BI,nadph[c]__Org1,met,Org1
BI,r0556ci__Org1,rxn,Org1
BI,HC00695[c]__Org1,met,Org1
BI,coa[c]__Org1,met,Org1
BI,dhlam[c]__Org1,met,Org1
BI,succoa[c]__Org1,met,Org1
BI,r0578__Org1,rxn,Org1
BI,ptth[c]__Org1,met,Org1
BI,adp[c]__Org1,met,Org1
BI,atp[c]__Org1,met,Org1
BI,h[c]__Org1,met,Org1
BI,pan4p[c]__Org1,met,Org1
BI,r0671__Org1,rxn,Org1
BI,4ppan[c]__Org1,met,Org1
BI,4ppcys[c]__Org1,met,Org1
BI,cmp[c]__Org1,met,Org1
BI,ctp[c]__Org1,met,Org1
BI,cys_L[c]__Org1,met,Org1
BI,h[c]__Org1,met,Org1
BI,ppi[c]__Org1,met,Org1
BI,r0708__Org1,rxn,Org1
BI,HC01710[c]__Org1,met,Org1
BI,ahdt[c]__Org1,met,Org1
BI,h2o[c]__Org1,met,Org1
BI,r0775__Org1,rxn,Org1
BI,HC01652[c]__Org1,met,Org1
BI,HC01651[c]__Org1,met,Org1
BI,for[c]__Org1,met,Org1
BI,h2o[c]__Org1,met,Org1
BI,h[c]__Org1,met,Org1
BI,r0777__Org1,rxn,Org1
BI,HC01652[c]__Org1,met,Org1
BI,HC01710[c]__Org1,met,Org1
BI,r2137__Org1,rxn,Org1
BI,cl[c]__Org1,met,Org1
BI,cl[e]__Org1,met,Org1
BI,rtranscription__Org1,rxn,Org1
BI,rnatrans[c]__Org1,met,Org1
BI,sink_PGPm1[c]__Org1,rxn,Org1
BI,PGPm1[c]__Org1,met,Org1
BI,sink_dmbzid__Org1,rxn,Org1
BI,dmbzid[c]__Org1,met,Org1
BI,sink_thissh[c]__Org1,rxn,Org1
BI,thissh[c]__Org1,met,Org1
BI,tDHNA__Org1,rxn,Org1
BI,dhna[c]__Org1,met,Org1
BI,dhna[e]__Org1,met,Org1
BI,biomass525__Org1,rxn,Org1
BI,ACP[c]__Org1,met,Org1
BI,PGP[c]__Org1,met,Org1
BI,PGPm1[c]__Org1,met,Org1
BI,adp[c]__Org1,met,Org1
BI,ala_L[c]__Org1,met,Org1
BI,amet[c]__Org1,met,Org1
BI,apoACP[c]__Org1,met,Org1
BI,arg_L[c]__Org1,met,Org1
BI,asn_L[c]__Org1,met,Org1
BI,asp_L[c]__Org1,met,Org1
BI,atp[c]__Org1,met,Org1
BI,biomass[c]__Org1,met,Org1
BI,ca2[c]__Org1,met,Org1
BI,cl[c]__Org1,met,Org1
BI,coa[c]__Org1,met,Org1
BI,cobalt2[c]__Org1,met,Org1
BI,ctp[c]__Org1,met,Org1
BI,cu2[c]__Org1,met,Org1
BI,cys_L[c]__Org1,met,Org1
BI,datp[c]__Org1,met,Org1
BI,dctp[c]__Org1,met,Org1
BI,dgtp[c]__Org1,met,Org1
BI,dnarep[c]__Org1,met,Org1
BI,dttp[c]__Org1,met,Org1
BI,fad[c]__Org1,met,Org1
BI,fe2[c]__Org1,met,Org1
BI,fe3[c]__Org1,met,Org1
BI,gln_L[c]__Org1,met,Org1
BI,glu_L[c]__Org1,met,Org1
BI,gly[c]__Org1,met,Org1
BI,glyc45tca[c]__Org1,met,Org1
BI,glyc45tcaala_D[c]__Org1,met,Org1
BI,glyc45tcaglc[c]__Org1,met,Org1
BI,gtp[c]__Org1,met,Org1
BI,h2o[c]__Org1,met,Org1
BI,h[c]__Org1,met,Org1
BI,his_L[c]__Org1,met,Org1
BI,ile_L[c]__Org1,met,Org1
BI,k[c]__Org1,met,Org1
BI,leu_L[c]__Org1,met,Org1
BI,lys_L[c]__Org1,met,Org1
BI,met_L[c]__Org1,met,Org1
BI,mg2[c]__Org1,met,Org1
BI,mn2[c]__Org1,met,Org1
BI,nad[c]__Org1,met,Org1
BI,nadp[c]__Org1,met,Org1
BI,phe_L[c]__Org1,met,Org1
BI,pi[c]__Org1,met,Org1
BI,ppi[c]__Org1,met,Org1
BI,pro_L[c]__Org1,met,Org1
BI,proteinsynth[c]__Org1,met,Org1
BI,pydx5p[c]__Org1,met,Org1
BI,ribflv[c]__Org1,met,Org1
BI,rnatrans[c]__Org1,met,Org1
BI,ser_L[c]__Org1,met,Org1
BI,so4[c]__Org1,met,Org1
BI,tcam[c]__Org1,met,Org1
BI,thr_L[c]__Org1,met,Org1
BI,trp_L[c]__Org1,met,Org1
BI,tyr_L[c]__Org1,met,Org1
BI,udcpdp[c]__Org1,met,Org1
BI,udpglcur[c]__Org1,met,Org1
BI,utp[c]__Org1,met,Org1
BI,val_L[c]__Org1,met,Org1
BI,zn2[c]__Org1,met,Org1
m,EX_12ppd_S_m,rxn,m
m,12ppd_S_m,met,m
m,EX_4abut_m,rxn,m
m,4abut_m,met,m
m,EX_4abz_m,rxn,m
m,4abz_m,met,m
m,EX_4ahmmp_m,rxn,m
m,4ahmmp_m,met,m
m,EX_5mthf_m,rxn,m
m,5mthf_m,met,m
m,EX_C02528_m,rxn,m
m,C02528_m,met,m
m,EX_HC02191_m,rxn,m
m,HC02191_m,met,m
m,EX_HC02192_m,rxn,m
m,HC02192_m,met,m
m,EX_HC02193_m,rxn,m
m,HC02193_m,met,m
m,EX_M01989_m,rxn,m
m,M01989_m,met,m
m,EX_M03134_m,rxn,m
m,M03134_m,met,m
m,EX_Ser_Thr_m,rxn,m
m,Ser_Thr_m,met,m
m,EX_T_antigen_m,rxn,m
m,T_antigen_m,met,m
m,EX_Tn_antigen_m,rxn,m
m,Tn_antigen_m,met,m
m,EX_ac_m,rxn,m
m,ac_m,met,m
m,EX_acald_m,rxn,m
m,acald_m,met,m
m,EX_acgal_m,rxn,m
m,acgal_m,met,m
m,EX_acgam_m,rxn,m
m,acgam_m,met,m
m,EX_acnam_m,rxn,m
m,acnam_m,met,m
m,EX_adocbl_m,rxn,m
m,adocbl_m,met,m
m,EX_alaasp_m,rxn,m
m,alaasp_m,met,m
m,EX_alagln_m,rxn,m
m,alagln_m,met,m
m,EX_alaglu_m,rxn,m
m,alaglu_m,met,m
m,EX_alagly_m,rxn,m
m,alagly_m,met,m
m,EX_alahis_m,rxn,m
m,alahis_m,met,m
m,EX_alaleu_m,rxn,m
m,alaleu_m,met,m
m,EX_alathr_m,rxn,m
m,alathr_m,met,m
m,EX_arab_L_m,rxn,m
m,arab_L_m,met,m
m,EX_arabinogal_m,rxn,m
m,arabinogal_m,met,m
m,EX_arabttr_m,rxn,m
m,arabttr_m,met,m
m,EX_arbt_m,rxn,m
m,arbt_m,met,m
m,EX_asn_L_m,rxn,m
m,asn_L_m,met,m
m,EX_btn_m,rxn,m
m,btn_m,met,m
m,EX_butam_m,rxn,m
m,butam_m,met,m
m,EX_ca2_m,rxn,m
m,ca2_m,met,m
m,EX_cbl1_m,rxn,m
m,cbl1_m,met,m
m,EX_cd2_m,rxn,m
m,cd2_m,met,m
m,EX_cgly_m,rxn,m
m,cgly_m,met,m
m,EX_cholate_m,rxn,m
m,cholate_m,met,m
m,EX_cl_m,rxn,m
m,cl_m,met,m
m,EX_co2_m,rxn,m
m,co2_m,met,m
m,EX_cobalt2_m,rxn,m
m,cobalt2_m,met,m
m,EX_core2_m,rxn,m
m,core2_m,met,m
m,EX_core3_m,rxn,m
m,core3_m,met,m
m,EX_core4_m,rxn,m
m,core4_m,met,m
m,EX_core5_m,rxn,m
m,core5_m,met,m
m,EX_core6_m,rxn,m
m,core6_m,met,m
m,EX_core7_m,rxn,m
m,core7_m,met,m
m,EX_core8_m,rxn,m
m,core8_m,met,m
m,EX_cu2_m,rxn,m
m,cu2_m,met,m
m,EX_dchac_m,rxn,m
m,dchac_m,met,m
m,EX_dextrin_m,rxn,m
m,dextrin_m,met,m
m,EX_dgchol_m,rxn,m
m,dgchol_m,met,m
m,EX_dhna_m,rxn,m
m,dhna_m,met,m
m,EX_dma_m,rxn,m
m,dma_m,met,m
m,EX_dsT_antigen_m,rxn,m
m,dsT_antigen_m,met,m
m,EX_etoh_m,rxn,m
m,etoh_m,met,m
m,EX_f1a_m,rxn,m
m,f1a_m,met,m
m,EX_fe2_m,rxn,m
m,fe2_m,met,m
m,EX_fe3_m,rxn,m
m,fe3_m,met,m
m,EX_fol_m,rxn,m
m,fol_m,met,m
m,EX_for_m,rxn,m
m,for_m,met,m
m,EX_fru_m,rxn,m
m,fru_m,met,m
m,EX_fuc_L_m,rxn,m
m,fuc_L_m,met,m
m,EX_fum_m,rxn,m
m,fum_m,met,m
m,EX_gal_m,rxn,m
m,gal_m,met,m
m,EX_galam_m,rxn,m
m,galam_m,met,m
m,EX_gchola_m,rxn,m
m,gchola_m,met,m
m,EX_glc_D_m,rxn,m
m,glc_D_m,met,m
m,EX_glcur_m,rxn,m
m,glcur_m,met,m
m,EX_gly_m,rxn,m
m,gly_m,met,m
m,EX_glyasn_m,rxn,m
m,glyasn_m,met,m
m,EX_glyasp_m,rxn,m
m,glyasp_m,met,m
m,EX_glyc_m,rxn,m
m,glyc_m,met,m
m,EX_glyc3p_m,rxn,m
m,glyc3p_m,met,m
m,EX_glycys_m,rxn,m
m,glycys_m,met,m
m,EX_glygln_m,rxn,m
m,glygln_m,met,m
m,EX_glyglu_m,rxn,m
m,glyglu_m,met,m
m,EX_glyleu_m,rxn,m
m,glyleu_m,met,m
m,EX_glymet_m,rxn,m
m,glymet_m,met,m
m,EX_glyphe_m,rxn,m
m,glyphe_m,met,m
m,EX_glypro_m,rxn,m
m,glypro_m,met,m
m,EX_glytyr_m,rxn,m
m,glytyr_m,met,m
m,EX_gncore1_m,rxn,m
m,gncore1_m,met,m
m,EX_gncore2_m,rxn,m
m,gncore2_m,met,m
m,EX_h_m,rxn,m
m,h_m,met,m
m,EX_h2o_m,rxn,m
m,h2o_m,met,m
m,EX_hg2_m,rxn,m
m,hg2_m,met,m
m,EX_his_L_m,rxn,m
m,his_L_m,met,m
m,EX_hxan_m,rxn,m
m,hxan_m,met,m
m,EX_ile_L_m,rxn,m
m,ile_L_m,met,m
m,EX_inulin_m,rxn,m
m,inulin_m,met,m
m,EX_isomal_m,rxn,m
m,isomal_m,met,m
m,EX_k_m,rxn,m
m,k_m,met,m
m,EX_kesto_m,rxn,m
m,kesto_m,met,m
m,EX_kestopt_m,rxn,m
m,kestopt_m,met,m
m,EX_kestottr_m,rxn,m
m,kestottr_m,met,m
m,EX_lac_L_m,rxn,m
m,lac_L_m,met,m
m,EX_lactl_m,rxn,m
m,lactl_m,met,m
m,EX_lcts_m,rxn,m
m,lcts_m,met,m
m,EX_leu_L_m,rxn,m
m,leu_L_m,met,m
m,EX_malt_m,rxn,m
m,malt_m,met,m
m,EX_malthx_m,rxn,m
m,malthx_m,met,m
m,EX_malttr_m,rxn,m
m,malttr_m,met,m
m,EX_man_m,rxn,m
m,man_m,met,m
m,EX_mantr_m,rxn,m
m,mantr_m,met,m
m,EX_melib_m,rxn,m
m,melib_m,met,m
m,EX_met_D_m,rxn,m
m,met_D_m,met,m
m,EX_met_L_m,rxn,m
m,met_L_m,met,m
m,EX_metala_m,rxn,m
m,metala_m,met,m
m,EX_metsox_S_L_m,rxn,m
m,metsox_S_L_m,met,m
m,EX_mg2_m,rxn,m
m,mg2_m,met,m
m,EX_mn2_m,rxn,m
m,mn2_m,met,m
m,EX_mnl_m,rxn,m
m,mnl_m,met,m
m,EX_mqn7_m,rxn,m
m,mqn7_m,met,m
m,EX_mqn8_m,rxn,m
m,mqn8_m,met,m
m,EX_na1_m,rxn,m
m,na1_m,met,m
m,EX_nac_m,rxn,m
m,nac_m,met,m
m,EX_nh4_m,rxn,m
m,nh4_m,met,m
m,EX_ni2_m,rxn,m
m,ni2_m,met,m
m,EX_norval_L_m,rxn,m
m,norval_L_m,met,m
m,EX_o2_m,rxn,m
m,o2_m,met,m
m,EX_oxa_m,rxn,m
m,oxa_m,met,m
m,EX_pb_m,rxn,m
m,pb_m,met,m
m,EX_peamn_m,rxn,m
m,peamn_m,met,m
m,EX_phe_L_m,rxn,m
m,phe_L_m,met,m
m,EX_pi_m,rxn,m
m,pi_m,met,m
m,EX_pnto_R_m,rxn,m
m,pnto_R_m,met,m
m,EX_ppi_m,rxn,m
m,ppi_m,met,m
m,EX_pro_L_m,rxn,m
m,pro_L_m,met,m
m,EX_pydam_m,rxn,m
m,pydam_m,met,m
m,EX_pydx_m,rxn,m
m,pydx_m,met,m
m,EX_pydxn_m,rxn,m
m,pydxn_m,met,m
m,EX_r406_m,rxn,m
m,r406_m,met,m
m,EX_r788_m,rxn,m
m,r788_m,met,m
m,EX_raffin_m,rxn,m
m,raffin_m,met,m
m,EX_rib_D_m,rxn,m
m,rib_D_m,met,m
m,EX_ribflv_m,rxn,m
m,ribflv_m,met,m
m,EX_rmn_m,rxn,m
m,rmn_m,met,m
m,EX_sT_antigen_m,rxn,m
m,sT_antigen_m,met,m
m,EX_sTn_antigen_m,rxn,m
m,sTn_antigen_m,met,m
m,EX_salcn_m,rxn,m
m,salcn_m,met,m
m,EX_so4_m,rxn,m
m,so4_m,met,m
m,EX_stys_m,rxn,m
m,stys_m,met,m
m,EX_succ_m,rxn,m
m,succ_m,met,m
m,EX_sucr_m,rxn,m
m,sucr_m,met,m
m,EX_taur_m,rxn,m
m,taur_m,met,m
m,EX_tchola_m,rxn,m
m,tchola_m,met,m
m,EX_tdchola_m,rxn,m
m,tdchola_m,met,m
m,EX_tdechola_m,rxn,m
m,tdechola_m,met,m
m,EX_thf_m,rxn,m
m,thf_m,met,m
m,EX_thm_m,rxn,m
m,thm_m,met,m
m,EX_tre_m,rxn,m
m,tre_m,met,m
m,EX_trp_L_m,rxn,m
m,trp_L_m,met,m
m,EX_tyr_L_m,rxn,m
m,tyr_L_m,met,m
m,EX_ura_m,rxn,m
m,ura_m,met,m
m,EX_urea_m,rxn,m
m,urea_m,met,m
m,EX_val_L_m,rxn,m
m,val_L_m,met,m
m,EX_xan_m,rxn,m
m,xan_m,met,m
m,EX_xyl_D_m,rxn,m
m,xyl_D_m,met,m
m,EX_xylottr_m,rxn,m
m,xylottr_m,met,m
m,EX_zn2_m,rxn,m
m,zn2_m,met,m
AH,12PPDSDH__Org2,rxn,Org2
AH,12ppd_S[c]__Org2,met,Org2
AH,h2o[c]__Org2,met,Org2
AH,ppal[c]__Org2,met,Org2
AH,12PPDt__Org2,rxn,Org2
AH,12ppd_S[e]__Org2,met,Org2
AH,12ppd_S[c]__Org2,met,Org2
AH,12aHSDHe__Org2,rxn,Org2
AH,12dhchol[e]__Org2,met,Org2
AH,cholate[e]__Org2,met,Org2
AH,h[c]__Org2,met,Org2
AH,nad[c]__Org2,met,Org2
AH,nadh[c]__Org2,met,Org2
AH,23DHMPO__Org2,rxn,Org2
AH,23dhmp[c]__Org2,met,Org2
AH,3h3mop[c]__Org2,met,Org2
AH,nadp[c]__Org2,met,Org2
AH,nadph[c]__Org2,met,Org2
AH,h[c]__Org2,met,Org2
AH,26DAPLLAT__Org2,rxn,Org2
AH,26dap_LL[c]__Org2,met,Org2
AH,akg[c]__Org2,met,Org2
AH,glu_L[c]__Org2,met,Org2
AH,thdp[c]__Org2,met,Org2
AH,h2o[c]__Org2,met,Org2
AH,h[c]__Org2,met,Org2
AH,2AHBUTI__Org2,rxn,Org2
AH,2ahbut[c]__Org2,met,Org2
AH,3h3mop[c]__Org2,met,Org2
AH,2IMZS__Org2,rxn,Org2
AH,amet[c]__Org2,met,Org2
AH,dad_5[c]__Org2,met,Org2
AH,imogly[c]__Org2,met,Org2
AH,met_L[c]__Org2,met,Org2
AH,pcresol[c]__Org2,met,Org2
AH,tyr_L[c]__Org2,met,Org2
AH,h[c]__Org2,met,Org2
AH,nadp[c]__Org2,met,Org2
AH,nadph[c]__Org2,met,Org2
AH,2MBCOATA__Org2,rxn,Org2
AH,2mbcoa[c]__Org2,met,Org2
AH,2mbutACP[c]__Org2,met,Org2
AH,ACP[c]__Org2,met,Org2
AH,coa[c]__Org2,met,Org2
AH,3HAD100__Org2,rxn,Org2
AH,3hdecACP[c]__Org2,met,Org2
AH,tdec2eACP[c]__Org2,met,Org2
AH,h2o[c]__Org2,met,Org2
AH,3HAD10M11__Org2,rxn,Org2
AH,10m3hundecACP[c]__Org2,met,Org2
AH,10mtundec2eACP[c]__Org2,met,Org2
AH,h2o[c]__Org2,met,Org2
AH,3HAD10M12__Org2,rxn,Org2
AH,10m3hddcaACP[c]__Org2,met,Org2
AH,10mtddec2eACP[c]__Org2,met,Org2
AH,h2o[c]__Org2,met,Org2
AH,3HAD11M12__Org2,rxn,Org2
AH,11m3hddcaACP[c]__Org2,met,Org2
AH,11mtddec2eACP[c]__Org2,met,Org2
AH,h2o[c]__Org2,met,Org2
AH,3HAD120__Org2,rxn,Org2
AH,3hddecACP[c]__Org2,met,Org2
AH,tddec2eACP[c]__Org2,met,Org2
AH,h2o[c]__Org2,met,Org2
AH,3HAD12M13__Org2,rxn,Org2
AH,12m3htridecACP[c]__Org2,met,Org2
AH,12mttritec2eACP[c]__Org2,met,Org2
AH,h2o[c]__Org2,met,Org2
AH,3HAD12M14__Org2,rxn,Org2
AH,12m3hmyrsACP[c]__Org2,met,Org2
AH,12mtmrs2eACP[c]__Org2,met,Org2
AH,h2o[c]__Org2,met,Org2
AH,3HAD13M14__Org2,rxn,Org2
AH,13m3hmyrsACP[c]__Org2,met,Org2
AH,13mtmrs2eACP[c]__Org2,met,Org2
AH,h2o[c]__Org2,met,Org2
AH,3HAD140__Org2,rxn,Org2
AH,3hmrsACP[c]__Org2,met,Org2
AH,tmrs2eACP[c]__Org2,met,Org2
AH,h2o[c]__Org2,met,Org2
AH,3HAD14M15__Org2,rxn,Org2
AH,14m3hpentdecACP[c]__Org2,met,Org2
AH,14mtpentdec2eACP[c]__Org2,met,Org2
AH,h2o[c]__Org2,met,Org2
AH,3HAD14M16__Org2,rxn,Org2
AH,14m3hpalmACP[c]__Org2,met,Org2
AH,14mtpalm2eACP[c]__Org2,met,Org2
AH,h2o[c]__Org2,met,Org2
AH,3HAD15M16__Org2,rxn,Org2
AH,15m3hpalmACP[c]__Org2,met,Org2
AH,15mtpalm2eACP[c]__Org2,met,Org2
AH,h2o[c]__Org2,met,Org2
AH,3HAD160__Org2,rxn,Org2
AH,3hpalmACP[c]__Org2,met,Org2
AH,tpalm2eACP[c]__Org2,met,Org2
AH,h2o[c]__Org2,met,Org2
AH,3HAD180__Org2,rxn,Org2
AH,3hoctaACP[c]__Org2,met,Org2
AH,toctd2eACP[c]__Org2,met,Org2
AH,h2o[c]__Org2,met,Org2
AH,3HAD40__Org2,rxn,Org2
AH,3haACP[c]__Org2,met,Org2
AH,but2eACP[c]__Org2,met,Org2
AH,h2o[c]__Org2,met,Org2
AH,3HAD4M5__Org2,rxn,Org2
AH,4m3hpentACP[c]__Org2,met,Org2
AH,4mtpent2eACP[c]__Org2,met,Org2
AH,h2o[c]__Org2,met,Org2
AH,3HAD4M6__Org2,rxn,Org2
AH,4m3hhexACP[c]__Org2,met,Org2
AH,4mthex2eACP[c]__Org2,met,Org2
AH,h2o[c]__Org2,met,Org2
AH,3HAD5M6__Org2,rxn,Org2
AH,5m3hhexACP[c]__Org2,met,Org2
AH,5mthex2eACP[c]__Org2,met,Org2
AH,h2o[c]__Org2,met,Org2
AH,3HAD60__Org2,rxn,Org2
AH,3hhexACP[c]__Org2,met,Org2
AH,thex2eACP[c]__Org2,met,Org2
AH,h2o[c]__Org2,met,Org2
AH,3HAD6M7__Org2,rxn,Org2
AH,6m3hheptACP[c]__Org2,met,Org2
AH,6mthept2eACP[c]__Org2,met,Org2
AH,h2o[c]__Org2,met,Org2
AH,3HAD6M8__Org2,rxn,Org2
AH,6m3hocACP[c]__Org2,met,Org2
AH,6mtoct2eACP[c]__Org2,met,Org2
AH,h2o[c]__Org2,met,Org2
AH,3HAD7M8__Org2,rxn,Org2
AH,7m3hocACP[c]__Org2,met,Org2
AH,7mtoct2eACP[c]__Org2,met,Org2
AH,h2o[c]__Org2,met,Org2
AH,3HAD80__Org2,rxn,Org2
AH,3hoctACP[c]__Org2,met,Org2
AH,toct2eACP[c]__Org2,met,Org2
AH,h2o[c]__Org2,met,Org2
AH,3HAD8M10__Org2,rxn,Org2
AH,8m3hdcaACP[c]__Org2,met,Org2
AH,8mtdec2eACP[c]__Org2,met,Org2
AH,h2o[c]__Org2,met,Org2
AH,3HAD8M9__Org2,rxn,Org2
AH,8m3hnonACP[c]__Org2,met,Org2
AH,8mtnon2eACP[c]__Org2,met,Org2
AH,h2o[c]__Org2,met,Org2
AH,3HAD9M10__Org2,rxn,Org2
AH,9m3hdcaACP[c]__Org2,met,Org2
AH,9mtdec2eACP[c]__Org2,met,Org2
AH,h2o[c]__Org2,met,Org2
AH,3HBCOAE__Org2,rxn,Org2
AH,3hbcoa[c]__Org2,met,Org2
AH,3hbcoa_R[c]__Org2,met,Org2
AH,3MOBS__Org2,rxn,Org2
AH,3c3hmp[c]__Org2,met,Org2
AH,3mob[c]__Org2,met,Org2
AH,accoa[c]__Org2,met,Org2
AH,coa[c]__Org2,met,Org2
AH,h2o[c]__Org2,met,Org2
AH,h[c]__Org2,met,Org2
AH,3OAR100__Org2,rxn,Org2
AH,3odecACP[c]__Org2,met,Org2
AH,3hdecACP[c]__Org2,met,Org2
AH,h[c]__Org2,met,Org2
AH,nadp[c]__Org2,met,Org2
AH,nadph[c]__Org2,met,Org2
AH,3OAR10M11__Org2,rxn,Org2
AH,10m3oundecACP[c]__Org2,met,Org2
AH,10m3hundecACP[c]__Org2,met,Org2
AH,h[c]__Org2,met,Org2
AH,nadp[c]__Org2,met,Org2
AH,nadph[c]__Org2,met,Org2
AH,3OAR10M12__Org2,rxn,Org2
AH,10m3oddcaACP[c]__Org2,met,Org2
AH,10m3hddcaACP[c]__Org2,met,Org2
AH,h[c]__Org2,met,Org2
AH,nadp[c]__Org2,met,Org2
AH,nadph[c]__Org2,met,Org2
AH,3OAR11M12__Org2,rxn,Org2
AH,11m3oddcaACP[c]__Org2,met,Org2
AH,11m3hddcaACP[c]__Org2,met,Org2
AH,h[c]__Org2,met,Org2
AH,nadp[c]__Org2,met,Org2
AH,nadph[c]__Org2,met,Org2
AH,3OAR120__Org2,rxn,Org2
AH,3oddecACP[c]__Org2,met,Org2
AH,3hddecACP[c]__Org2,met,Org2
AH,h[c]__Org2,met,Org2
AH,nadp[c]__Org2,met,Org2
AH,nadph[c]__Org2,met,Org2
AH,3OAR12M13__Org2,rxn,Org2
AH,12m3otridecACP[c]__Org2,met,Org2
AH,12m3htridecACP[c]__Org2,met,Org2
AH,h[c]__Org2,met,Org2
AH,nadp[c]__Org2,met,Org2
AH,nadph[c]__Org2,met,Org2
AH,3OAR12M14__Org2,rxn,Org2
AH,12m3omyrsACP[c]__Org2,met,Org2
AH,12m3hmyrsACP[c]__Org2,met,Org2
AH,h[c]__Org2,met,Org2
AH,nadp[c]__Org2,met,Org2
AH,nadph[c]__Org2,met,Org2
AH,3OAR13M14__Org2,rxn,Org2
AH,13m3omyrsACP[c]__Org2,met,Org2
AH,13m3hmyrsACP[c]__Org2,met,Org2
AH,h[c]__Org2,met,Org2
AH,nadp[c]__Org2,met,Org2
AH,nadph[c]__Org2,met,Org2
AH,3OAR140__Org2,rxn,Org2
AH,3omrsACP[c]__Org2,met,Org2
AH,3hmrsACP[c]__Org2,met,Org2
AH,h[c]__Org2,met,Org2
AH,nadp[c]__Org2,met,Org2
AH,nadph[c]__Org2,met,Org2
AH,3OAR14M15__Org2,rxn,Org2
AH,14m3opentdecACP[c]__Org2,met,Org2
AH,14m3hpentdecACP[c]__Org2,met,Org2
AH,h[c]__Org2,met,Org2
AH,nadp[c]__Org2,met,Org2
AH,nadph[c]__Org2,met,Org2
AH,3OAR14M16__Org2,rxn,Org2
AH,14m3opalmACP[c]__Org2,met,Org2
AH,14m3hpalmACP[c]__Org2,met,Org2
AH,h[c]__Org2,met,Org2
AH,nadp[c]__Org2,met,Org2
AH,nadph[c]__Org2,met,Org2
AH,3OAR15M16__Org2,rxn,Org2
AH,15m3opalmACP[c]__Org2,met,Org2
AH,15m3hpalmACP[c]__Org2,met,Org2
AH,h[c]__Org2,met,Org2
AH,nadp[c]__Org2,met,Org2
AH,nadph[c]__Org2,met,Org2
AH,3OAR160__Org2,rxn,Org2
AH,3opalmACP[c]__Org2,met,Org2
AH,3hpalmACP[c]__Org2,met,Org2
AH,h[c]__Org2,met,Org2
AH,nadp[c]__Org2,met,Org2
AH,nadph[c]__Org2,met,Org2
AH,3OAR180__Org2,rxn,Org2
AH,3ooctdACP[c]__Org2,met,Org2
AH,3hoctaACP[c]__Org2,met,Org2
AH,h[c]__Org2,met,Org2
AH,nadp[c]__Org2,met,Org2
AH,nadph[c]__Org2,met,Org2
AH,3OAR40__Org2,rxn,Org2
AH,actACP[c]__Org2,met,Org2
AH,3haACP[c]__Org2,met,Org2
AH,h[c]__Org2,met,Org2
AH,nadp[c]__Org2,met,Org2
AH,nadph[c]__Org2,met,Org2
AH,3OAR4M5__Org2,rxn,Org2
AH,4m3opentACP[c]__Org2,met,Org2
AH,4m3hpentACP[c]__Org2,met,Org2
AH,h[c]__Org2,met,Org2
AH,nadp[c]__Org2,met,Org2
AH,nadph[c]__Org2,met,Org2
AH,3OAR4M6__Org2,rxn,Org2
AH,4m3ohexACP[c]__Org2,met,Org2
AH,4m3hhexACP[c]__Org2,met,Org2
AH,h[c]__Org2,met,Org2
AH,nadp[c]__Org2,met,Org2
AH,nadph[c]__Org2,met,Org2
AH,3OAR5M6__Org2,rxn,Org2
AH,5m3ohexACP[c]__Org2,met,Org2
AH,5m3hhexACP[c]__Org2,met,Org2
AH,h[c]__Org2,met,Org2
AH,nadp[c]__Org2,met,Org2
AH,nadph[c]__Org2,met,Org2
AH,3OAR60__Org2,rxn,Org2
AH,3ohexACP[c]__Org2,met,Org2
AH,3hhexACP[c]__Org2,met,Org2
AH,h[c]__Org2,met,Org2
AH,nadp[c]__Org2,met,Org2
AH,nadph[c]__Org2,met,Org2
AH,3OAR6M7__Org2,rxn,Org2
AH,6m3oheptACP[c]__Org2,met,Org2
AH,6m3hheptACP[c]__Org2,met,Org2
AH,h[c]__Org2,met,Org2
AH,nadp[c]__Org2,met,Org2
AH,nadph[c]__Org2,met,Org2
AH,3OAR6M8__Org2,rxn,Org2
AH,6m3oocACP[c]__Org2,met,Org2
AH,6m3hocACP[c]__Org2,met,Org2
AH,h[c]__Org2,met,Org2
AH,nadp[c]__Org2,met,Org2
AH,nadph[c]__Org2,met,Org2
AH,3OAR7M8__Org2,rxn,Org2
AH,7m3oocACP[c]__Org2,met,Org2
AH,7m3hocACP[c]__Org2,met,Org2
AH,h[c]__Org2,met,Org2
AH,nadp[c]__Org2,met,Org2
AH,nadph[c]__Org2,met,Org2
AH,3OAR80__Org2,rxn,Org2
AH,3ooctACP[c]__Org2,met,Org2
AH,3hoctACP[c]__Org2,met,Org2
AH,h[c]__Org2,met,Org2
AH,nadp[c]__Org2,met,Org2
AH,nadph[c]__Org2,met,Org2
AH,3OAR8M10__Org2,rxn,Org2
AH,8m3odcaACP[c]__Org2,met,Org2
AH,8m3hdcaACP[c]__Org2,met,Org2
AH,h[c]__Org2,met,Org2
AH,nadp[c]__Org2,met,Org2
AH,nadph[c]__Org2,met,Org2
AH,3OAR8M9__Org2,rxn,Org2
AH,8m3ononACP[c]__Org2,met,Org2
AH,8m3hnonACP[c]__Org2,met,Org2
AH,h[c]__Org2,met,Org2
AH,nadp[c]__Org2,met,Org2
AH,nadph[c]__Org2,met,Org2
AH,3OAR9M10__Org2,rxn,Org2
AH,9m3odcaACP[c]__Org2,met,Org2
AH,9m3hdcaACP[c]__Org2,met,Org2
AH,h[c]__Org2,met,Org2
AH,nadp[c]__Org2,met,Org2
AH,nadph[c]__Org2,met,Org2
AH,3OAS100__Org2,rxn,Org2
AH,co2[c]__Org2,met,Org2
AH,malACP[c]__Org2,met,Org2
AH,ocACP[c]__Org2,met,Org2
AH,3odecACP[c]__Org2,met,Org2
AH,ACP[c]__Org2,met,Org2
AH,h[c]__Org2,met,Org2
AH,3OAS10M11__Org2,rxn,Org2
AH,10mundecACP[c]__Org2,met,Org2
AH,12m3otridecACP[c]__Org2,met,Org2
AH,ACP[c]__Org2,met,Org2
AH,co2[c]__Org2,met,Org2
AH,h[c]__Org2,met,Org2
AH,malACP[c]__Org2,met,Org2
AH,3OAS10M12__Org2,rxn,Org2
AH,10mddcaACP[c]__Org2,met,Org2
AH,12m3omyrsACP[c]__Org2,met,Org2
AH,ACP[c]__Org2,met,Org2
AH,co2[c]__Org2,met,Org2
AH,h[c]__Org2,met,Org2
AH,malACP[c]__Org2,met,Org2
AH,3OAS11M12__Org2,rxn,Org2
AH,11mddcaACP[c]__Org2,met,Org2
AH,13m3omyrsACP[c]__Org2,met,Org2
AH,ACP[c]__Org2,met,Org2
AH,co2[c]__Org2,met,Org2
AH,h[c]__Org2,met,Org2
AH,malACP[c]__Org2,met,Org2
AH,3OAS120__Org2,rxn,Org2
AH,dcaACP[c]__Org2,met,Org2
AH,3oddecACP[c]__Org2,met,Org2
AH,ACP[c]__Org2,met,Org2
AH,co2[c]__Org2,met,Org2
AH,h[c]__Org2,met,Org2
AH,malACP[c]__Org2,met,Org2
AH,3OAS12M13__Org2,rxn,Org2
AH,12mtridecACP[c]__Org2,met,Org2
AH,14m3opentdecACP[c]__Org2,met,Org2
AH,ACP[c]__Org2,met,Org2
AH,co2[c]__Org2,met,Org2
AH,h[c]__Org2,met,Org2
AH,malACP[c]__Org2,met,Org2
AH,3OAS12M14__Org2,rxn,Org2
AH,12mmyrsACP[c]__Org2,met,Org2
AH,14m3opalmACP[c]__Org2,met,Org2
AH,ACP[c]__Org2,met,Org2
AH,co2[c]__Org2,met,Org2
AH,h[c]__Org2,met,Org2
AH,malACP[c]__Org2,met,Org2
AH,3OAS13M14__Org2,rxn,Org2
AH,13mmyrsACP[c]__Org2,met,Org2
AH,15m3opalmACP[c]__Org2,met,Org2
AH,ACP[c]__Org2,met,Org2
AH,co2[c]__Org2,met,Org2
AH,h[c]__Org2,met,Org2
AH,malACP[c]__Org2,met,Org2
AH,3OAS140__Org2,rxn,Org2
AH,ddcaACP[c]__Org2,met,Org2
AH,3omrsACP[c]__Org2,met,Org2
AH,ACP[c]__Org2,met,Org2
AH,co2[c]__Org2,met,Org2
AH,h[c]__Org2,met,Org2
AH,malACP[c]__Org2,met,Org2
AH,3OAS160__Org2,rxn,Org2
AH,myrsACP[c]__Org2,met,Org2
AH,3opalmACP[c]__Org2,met,Org2
AH,ACP[c]__Org2,met,Org2
AH,co2[c]__Org2,met,Org2
AH,h[c]__Org2,met,Org2
AH,malACP[c]__Org2,met,Org2
AH,3OAS180__Org2,rxn,Org2
AH,palmACP[c]__Org2,met,Org2
AH,3ooctdACP[c]__Org2,met,Org2
AH,ACP[c]__Org2,met,Org2
AH,co2[c]__Org2,met,Org2
AH,h[c]__Org2,met,Org2
AH,malACP[c]__Org2,met,Org2
AH,3OAS2M3__Org2,rxn,Org2
AH,2mpropACP[c]__Org2,met,Org2
AH,4m3opentACP[c]__Org2,met,Org2
AH,ACP[c]__Org2,met,Org2
AH,co2[c]__Org2,met,Org2
AH,h[c]__Org2,met,Org2
AH,malACP[c]__Org2,met,Org2
AH,3OAS3M4__Org2,rxn,Org2
AH,3mbutACP[c]__Org2,met,Org2
AH,5m3ohexACP[c]__Org2,met,Org2
AH,ACP[c]__Org2,met,Org2
AH,co2[c]__Org2,met,Org2
AH,h[c]__Org2,met,Org2
AH,malACP[c]__Org2,met,Org2
AH,3OAS4M3O6__Org2,rxn,Org2
AH,2mbutACP[c]__Org2,met,Org2
AH,4m3ohexACP[c]__Org2,met,Org2
AH,ACP[c]__Org2,met,Org2
AH,co2[c]__Org2,met,Org2
AH,h[c]__Org2,met,Org2
AH,malACP[c]__Org2,met,Org2
AH,3OAS4M5__Org2,rxn,Org2
AH,4mpentACP[c]__Org2,met,Org2
AH,6m3oheptACP[c]__Org2,met,Org2
AH,ACP[c]__Org2,met,Org2
AH,co2[c]__Org2,met,Org2
AH,h[c]__Org2,met,Org2
AH,malACP[c]__Org2,met,Org2
AH,3OAS4M6__Org2,rxn,Org2
AH,4mhexACP[c]__Org2,met,Org2
AH,6m3oocACP[c]__Org2,met,Org2
AH,ACP[c]__Org2,met,Org2
AH,co2[c]__Org2,met,Org2
AH,h[c]__Org2,met,Org2
AH,malACP[c]__Org2,met,Org2
AH,3OAS5M6__Org2,rxn,Org2
AH,5mhexACP[c]__Org2,met,Org2
AH,7m3oocACP[c]__Org2,met,Org2
AH,ACP[c]__Org2,met,Org2
AH,co2[c]__Org2,met,Org2
AH,h[c]__Org2,met,Org2
AH,malACP[c]__Org2,met,Org2
AH,3OAS60__Org2,rxn,Org2
AH,butACP[c]__Org2,met,Org2
AH,3ohexACP[c]__Org2,met,Org2
AH,ACP[c]__Org2,met,Org2
AH,co2[c]__Org2,met,Org2
AH,h[c]__Org2,met,Org2
AH,malACP[c]__Org2,met,Org2
AH,3OAS6M7__Org2,rxn,Org2
AH,6mheptACP[c]__Org2,met,Org2
AH,8m3ononACP[c]__Org2,met,Org2
AH,ACP[c]__Org2,met,Org2
AH,co2[c]__Org2,met,Org2
AH,h[c]__Org2,met,Org2
AH,malACP[c]__Org2,met,Org2
AH,3OAS6M8__Org2,rxn,Org2
AH,6mocACP[c]__Org2,met,Org2
AH,8m3odcaACP[c]__Org2,met,Org2
AH,ACP[c]__Org2,met,Org2
AH,co2[c]__Org2,met,Org2
AH,h[c]__Org2,met,Org2
AH,malACP[c]__Org2,met,Org2
AH,3OAS7M8__Org2,rxn,Org2
AH,7mocACP[c]__Org2,met,Org2
AH,9m3odcaACP[c]__Org2,met,Org2
AH,ACP[c]__Org2,met,Org2
AH,co2[c]__Org2,met,Org2
AH,h[c]__Org2,met,Org2
AH,malACP[c]__Org2,met,Org2
AH,3OAS80__Org2,rxn,Org2
AH,hexACP[c]__Org2,met,Org2
AH,3ooctACP[c]__Org2,met,Org2
AH,ACP[c]__Org2,met,Org2
AH,co2[c]__Org2,met,Org2
AH,h[c]__Org2,met,Org2
AH,malACP[c]__Org2,met,Org2
AH,3OAS8M10__Org2,rxn,Org2
AH,8mdcaACP[c]__Org2,met,Org2
AH,10m3oddcaACP[c]__Org2,met,Org2
AH,ACP[c]__Org2,met,Org2
AH,co2[c]__Org2,met,Org2
AH,h[c]__Org2,met,Org2
AH,malACP[c]__Org2,met,Org2
AH,3OAS8M9__Org2,rxn,Org2
AH,8mnonACP[c]__Org2,met,Org2
AH,10m3oundecACP[c]__Org2,met,Org2
AH,ACP[c]__Org2,met,Org2
AH,co2[c]__Org2,met,Org2
AH,h[c]__Org2,met,Org2
AH,malACP[c]__Org2,met,Org2
AH,3OAS9M10__Org2,rxn,Org2
AH,9mdcaACP[c]__Org2,met,Org2
AH,11m3oddcaACP[c]__Org2,met,Org2
AH,ACP[c]__Org2,met,Org2
AH,co2[c]__Org2,met,Org2
AH,h[c]__Org2,met,Org2
AH,malACP[c]__Org2,met,Org2
AH,4HTHDR__Org2,rxn,Org2
AH,4hthdp[c]__Org2,met,Org2
AH,h2o[c]__Org2,met,Org2
AH,h[c]__Org2,met,Org2
AH,nad[c]__Org2,met,Org2
AH,nadh[c]__Org2,met,Org2
AH,thdp[c]__Org2,met,Org2
AH,4HTHDS__Org2,rxn,Org2
AH,aspsa[c]__Org2,met,Org2
AH,pyr[c]__Org2,met,Org2
AH,4hthdp[c]__Org2,met,Org2
AH,h2o[c]__Org2,met,Org2
AH,h[c]__Org2,met,Org2
AH,4HTHRS__Org2,rxn,Org2
AH,4hthr[c]__Org2,met,Org2
AH,phthr[c]__Org2,met,Org2
AH,pi[c]__Org2,met,Org2
AH,h2o[c]__Org2,met,Org2
AH,5AIZCDC__Org2,rxn,Org2
AH,5aizc[c]__Org2,met,Org2
AH,air[c]__Org2,met,Org2
AH,co2[c]__Org2,met,Org2
AH,h[c]__Org2,met,Org2
AH,ACACT1r__Org2,rxn,Org2
AH,aacoa[c]__Org2,met,Org2
AH,accoa[c]__Org2,met,Org2
AH,coa[c]__Org2,met,Org2
AH,ACACT2r__Org2,rxn,Org2
AH,3ohcoa[c]__Org2,met,Org2
AH,btcoa[c]__Org2,met,Org2
AH,accoa[c]__Org2,met,Org2
AH,coa[c]__Org2,met,Org2
AH,ACACT3r__Org2,rxn,Org2
AH,3oocoa[c]__Org2,met,Org2
AH,hxcoa[c]__Org2,met,Org2
AH,accoa[c]__Org2,met,Org2
AH,coa[c]__Org2,met,Org2
AH,ACACT4r__Org2,rxn,Org2
AH,3odcoa[c]__Org2,met,Org2
AH,occoa[c]__Org2,met,Org2
AH,accoa[c]__Org2,met,Org2
AH,coa[c]__Org2,met,Org2
AH,ACACT5r__Org2,rxn,Org2
AH,3oddcoa[c]__Org2,met,Org2
AH,dcacoa[c]__Org2,met,Org2
AH,accoa[c]__Org2,met,Org2
AH,coa[c]__Org2,met,Org2
AH,ACACT6r__Org2,rxn,Org2
AH,3otdcoa[c]__Org2,met,Org2
AH,ddcacoa[c]__Org2,met,Org2
AH,accoa[c]__Org2,met,Org2
AH,coa[c]__Org2,met,Org2
AH,ACACT7r__Org2,rxn,Org2
AH,3ohdcoa[c]__Org2,met,Org2
AH,tdcoa[c]__Org2,met,Org2
AH,accoa[c]__Org2,met,Org2
AH,coa[c]__Org2,met,Org2
AH,ACBIPGT__Org2,rxn,Org2
AH,adocbip[c]__Org2,met,Org2
AH,agdpcbi[c]__Org2,met,Org2
AH,gtp[c]__Org2,met,Org2
AH,ppi[c]__Org2,met,Org2
AH,h[c]__Org2,met,Org2
AH,ACCOAC__Org2,rxn,Org2
AH,adp[c]__Org2,met,Org2
AH,atp[c]__Org2,met,Org2
AH,hco3[c]__Org2,met,Org2
AH,malcoa[c]__Org2,met,Org2
AH,accoa[c]__Org2,met,Org2
AH,h[c]__Org2,met,Org2
AH,pi[c]__Org2,met,Org2
AH,ACCOACL__Org2,rxn,Org2
AH,apoC_Lys_btn[c]__Org2,met,Org2
AH,btn_co2[c]__Org2,met,Org2
AH,accoa[c]__Org2,met,Org2
AH,malcoa[c]__Org2,met,Org2
AH,ACEDIPIT__Org2,rxn,Org2
AH,acamoxm[c]__Org2,met,Org2
AH,n6all26d[c]__Org2,met,Org2
AH,akg[c]__Org2,met,Org2
AH,glu_L[c]__Org2,met,Org2
AH,ACGAMT__Org2,rxn,Org2
AH,uacgam[c]__Org2,met,Org2
AH,udcpp[c]__Org2,met,Org2
AH,ump[c]__Org2,met,Org2
AH,unaga[c]__Org2,met,Org2
AH,ACGK__Org2,rxn,Org2
AH,acg5p[c]__Org2,met,Org2
AH,acglu[c]__Org2,met,Org2
AH,adp[c]__Org2,met,Org2
AH,atp[c]__Org2,met,Org2
AH,ACGS__Org2,rxn,Org2
AH,accoa[c]__Org2,met,Org2
AH,acglu[c]__Org2,met,Org2
AH,coa[c]__Org2,met,Org2
AH,glu_L[c]__Org2,met,Org2
AH,h[c]__Org2,met,Org2
AH,ACHBPL__Org2,rxn,Org2
AH,2obut[c]__Org2,met,Org2
AH,hethmpp[c]__Org2,met,Org2
AH,thmpp[c]__Org2,met,Org2
AH,2ahbut[c]__Org2,met,Org2
AH,ACKr__Org2,rxn,Org2
AH,ac[c]__Org2,met,Org2
AH,actp[c]__Org2,met,Org2
AH,adp[c]__Org2,met,Org2
AH,atp[c]__Org2,met,Org2
AH,ACLS_a__Org2,rxn,Org2
AH,co2[c]__Org2,met,Org2
AH,h[c]__Org2,met,Org2
AH,hethmpp[c]__Org2,met,Org2
AH,pyr[c]__Org2,met,Org2
AH,thmpp[c]__Org2,met,Org2
AH,ACLS_b__Org2,rxn,Org2
AH,alac_S[c]__Org2,met,Org2
AH,hethmpp[c]__Org2,met,Org2
AH,pyr[c]__Org2,met,Org2
AH,thmpp[c]__Org2,met,Org2
AH,ACOAAGPAT140__Org2,rxn,Org2
AH,1tdecg3p[c]__Org2,met,Org2
AH,pa140[c]__Org2,met,Org2
AH,coa[c]__Org2,met,Org2
AH,tdcoa[c]__Org2,met,Org2
AH,ACOAAGPAT160__Org2,rxn,Org2
AH,1hdecg3p[c]__Org2,met,Org2
AH,pa160[c]__Org2,met,Org2
AH,pmtcoa[c]__Org2,met,Org2
AH,coa[c]__Org2,met,Org2
AH,ACOAAGPAT180__Org2,rxn,Org2
AH,1odecg3p[c]__Org2,met,Org2
AH,pa180[c]__Org2,met,Org2
AH,stcoa[c]__Org2,met,Org2
AH,coa[c]__Org2,met,Org2
AH,ACOAAGPATAI15__Org2,rxn,Org2
AH,1aipdecg3p[c]__Org2,met,Org2
AH,aipdcoa[c]__Org2,met,Org2
AH,paai15[c]__Org2,met,Org2
AH,coa[c]__Org2,met,Org2
AH,h[c]__Org2,met,Org2
AH,ACOAAGPATAI17__Org2,rxn,Org2
AH,1aihpdecg3p[c]__Org2,met,Org2
AH,aihpdcoa[c]__Org2,met,Org2
AH,paai17[c]__Org2,met,Org2
AH,coa[c]__Org2,met,Org2
AH,ACOAAGPATI14__Org2,rxn,Org2
AH,1itdecg3p[c]__Org2,met,Org2
AH,itdcoa[c]__Org2,met,Org2
AH,pai14[c]__Org2,met,Org2
AH,coa[c]__Org2,met,Org2
AH,h[c]__Org2,met,Org2
AH,ACOAAGPATI15__Org2,rxn,Org2
AH,1ipdecg3p[c]__Org2,met,Org2
AH,ipdcoa[c]__Org2,met,Org2
AH,pai15[c]__Org2,met,Org2
AH,coa[c]__Org2,met,Org2
AH,h[c]__Org2,met,Org2
AH,ACOAAGPATI16__Org2,rxn,Org2
AH,1ihdecg3p[c]__Org2,met,Org2
AH,ihdcoa[c]__Org2,met,Org2
AH,pai16[c]__Org2,met,Org2
AH,coa[c]__Org2,met,Org2
AH,h[c]__Org2,met,Org2
AH,ACOAAGPATI17__Org2,rxn,Org2
AH,1ihpdecg3p[c]__Org2,met,Org2
AH,ihpdcoa[c]__Org2,met,Org2
AH,pai17[c]__Org2,met,Org2
AH,coa[c]__Org2,met,Org2
AH,ACOAD1i__Org2,rxn,Org2
AH,b2coa[c]__Org2,met,Org2
AH,btcoa[c]__Org2,met,Org2
AH,h[c]__Org2,met,Org2
AH,nad[c]__Org2,met,Org2
AH,nadh[c]__Org2,met,Org2
AH,ACOAD20__Org2,rxn,Org2
AH,2mb2coa[c]__Org2,met,Org2
AH,o2[c]__Org2,met,Org2
AH,2mbcoa[c]__Org2,met,Org2
AH,h2o[c]__Org2,met,Org2
AH,ACOADH2__Org2,rxn,Org2
AH,2mp2coa[c]__Org2,met,Org2
AH,ibcoa[c]__Org2,met,Org2
AH,h2o[c]__Org2,met,Org2
AH,o2[c]__Org2,met,Org2
AH,ACOATA__Org2,rxn,Org2
AH,acACP[c]__Org2,met,Org2
AH,ACP[c]__Org2,met,Org2
AH,accoa[c]__Org2,met,Org2
AH,coa[c]__Org2,met,Org2
AH,ACOCT__Org2,rxn,Org2
AH,Naccitr_L[c]__Org2,met,Org2
AH,acorn[c]__Org2,met,Org2
AH,cbp[c]__Org2,met,Org2
AH,pi[c]__Org2,met,Org2
AH,ACODAr__Org2,rxn,Org2
AH,orn[c]__Org2,met,Org2
AH,ac[c]__Org2,met,Org2
AH,acorn[c]__Org2,met,Org2
AH,h2o[c]__Org2,met,Org2
AH,ACONT__Org2,rxn,Org2
AH,cit[c]__Org2,met,Org2
AH,icit[c]__Org2,met,Org2
AH,ACOTA__Org2,rxn,Org2
AH,acg5sa[c]__Org2,met,Org2
AH,acorn[c]__Org2,met,Org2
AH,akg[c]__Org2,met,Org2
AH,glu_L[c]__Org2,met,Org2
AH,ACPS1__Org2,rxn,Org2
AH,apoACP[c]__Org2,met,Org2
AH,pap[c]__Org2,met,Org2
AH,ACP[c]__Org2,met,Org2
AH,coa[c]__Org2,met,Org2
AH,h[c]__Org2,met,Org2
AH,ACYP__Org2,rxn,Org2
AH,13dpg[c]__Org2,met,Org2
AH,3pg[c]__Org2,met,Org2
AH,h2o[c]__Org2,met,Org2
AH,h[c]__Org2,met,Org2
AH,pi[c]__Org2,met,Org2
AH,ACYP_2__Org2,rxn,Org2
AH,ac[c]__Org2,met,Org2
AH,actp[c]__Org2,met,Org2
AH,h2o[c]__Org2,met,Org2
AH,h[c]__Org2,met,Org2
AH,pi[c]__Org2,met,Org2
AH,ACtr__Org2,rxn,Org2
AH,ac[e]__Org2,met,Org2
AH,ac[c]__Org2,met,Org2
AH,ADCOBASr__Org2,rxn,Org2
AH,adcobhex[c]__Org2,met,Org2
AH,adocbi[c]__Org2,met,Org2
AH,appl[c]__Org2,met,Org2
AH,h2o[c]__Org2,met,Org2
AH,ADCPS1__Org2,rxn,Org2
AH,adcobhex[c]__Org2,met,Org2
AH,adocbi[c]__Org2,met,Org2
AH,adp[c]__Org2,met,Org2
AH,appl[c]__Org2,met,Org2
AH,atp[c]__Org2,met,Org2
AH,h[c]__Org2,met,Org2
AH,pi[c]__Org2,met,Org2
AH,ADCPS2__Org2,rxn,Org2
AH,applp[c]__Org2,met,Org2
AH,adcobhex[c]__Org2,met,Org2
AH,adocbip[c]__Org2,met,Org2
AH,adp[c]__Org2,met,Org2
AH,atp[c]__Org2,met,Org2
AH,h[c]__Org2,met,Org2
AH,pi[c]__Org2,met,Org2
AH,ADCYRS__Org2,rxn,Org2
AH,adcobdam[c]__Org2,met,Org2
AH,gln_L[c]__Org2,met,Org2
AH,adcobhex[c]__Org2,met,Org2
AH,adp[c]__Org2,met,Org2
AH,atp[c]__Org2,met,Org2
AH,glu_L[c]__Org2,met,Org2
AH,h2o[c]__Org2,met,Org2
AH,h[c]__Org2,met,Org2
AH,pi[c]__Org2,met,Org2
AH,ADK1__Org2,rxn,Org2
AH,amp[c]__Org2,met,Org2
AH,adp[c]__Org2,met,Org2
AH,atp[c]__Org2,met,Org2
AH,ADK10__Org2,rxn,Org2
AH,dtdp[c]__Org2,met,Org2
AH,dttp[c]__Org2,met,Org2
AH,adp[c]__Org2,met,Org2
AH,amp[c]__Org2,met,Org2
AH,ADK11__Org2,rxn,Org2
AH,dudp[c]__Org2,met,Org2
AH,dutp[c]__Org2,met,Org2
AH,adp[c]__Org2,met,Org2
AH,amp[c]__Org2,met,Org2
AH,ADK2__Org2,rxn,Org2
AH,pppi[c]__Org2,met,Org2
AH,adp[c]__Org2,met,Org2
AH,amp[c]__Org2,met,Org2
AH,ppi[c]__Org2,met,Org2
AH,ADK3__Org2,rxn,Org2
AH,gdp[c]__Org2,met,Org2
AH,adp[c]__Org2,met,Org2
AH,amp[c]__Org2,met,Org2
AH,gtp[c]__Org2,met,Org2
AH,ADK5__Org2,rxn,Org2
AH,cdp[c]__Org2,met,Org2
AH,ctp[c]__Org2,met,Org2
AH,adp[c]__Org2,met,Org2
AH,amp[c]__Org2,met,Org2
AH,ADK7__Org2,rxn,Org2
AH,dadp[c]__Org2,met,Org2
AH,datp[c]__Org2,met,Org2
AH,adp[c]__Org2,met,Org2
AH,amp[c]__Org2,met,Org2
AH,ADK8__Org2,rxn,Org2
AH,dcdp[c]__Org2,met,Org2
AH,dctp[c]__Org2,met,Org2
AH,adp[c]__Org2,met,Org2
AH,amp[c]__Org2,met,Org2
AH,ADK9__Org2,rxn,Org2
AH,dgdp[c]__Org2,met,Org2
AH,dgtp[c]__Org2,met,Org2
AH,adp[c]__Org2,met,Org2
AH,amp[c]__Org2,met,Org2
AH,ADOCBIK__Org2,rxn,Org2
AH,adocbi[c]__Org2,met,Org2
AH,adocbip[c]__Org2,met,Org2
AH,adp[c]__Org2,met,Org2
AH,atp[c]__Org2,met,Org2
AH,h[c]__Org2,met,Org2
AH,ADOCBIK2__Org2,rxn,Org2
AH,adocbi[c]__Org2,met,Org2
AH,adocbip[c]__Org2,met,Org2
AH,gdp[c]__Org2,met,Org2
AH,gtp[c]__Org2,met,Org2
AH,h[c]__Org2,met,Org2
AH,ADOCBLS__Org2,rxn,Org2
AH,adocbl[c]__Org2,met,Org2
AH,gmp[c]__Org2,met,Org2
AH,rdmbzi[c]__Org2,met,Org2
AH,agdpcbi[c]__Org2,met,Org2
AH,h[c]__Org2,met,Org2
AH,ADPT__Org2,rxn,Org2
AH,ade[c]__Org2,met,Org2
AH,prpp[c]__Org2,met,Org2
AH,amp[c]__Org2,met,Org2
AH,ppi[c]__Org2,met,Org2
AH,ADSL1r__Org2,rxn,Org2
AH,dcamp[c]__Org2,met,Org2
AH,fum[c]__Org2,met,Org2
AH,amp[c]__Org2,met,Org2
AH,ADSL2r__Org2,rxn,Org2
AH,25aics[c]__Org2,met,Org2
AH,aicar[c]__Org2,met,Org2
AH,fum[c]__Org2,met,Org2
AH,ADSS__Org2,rxn,Org2
AH,asp_L[c]__Org2,met,Org2
AH,imp[c]__Org2,met,Org2
AH,dcamp[c]__Org2,met,Org2
AH,gdp[c]__Org2,met,Org2
AH,gtp[c]__Org2,met,Org2
AH,h[c]__Org2,met,Org2
AH,pi[c]__Org2,met,Org2
AH,AGDC__Org2,rxn,Org2
AH,acgam6p[c]__Org2,met,Org2
AH,gam6p[c]__Org2,met,Org2
AH,ac[c]__Org2,met,Org2
AH,h2o[c]__Org2,met,Org2
AH,AGPAT120__Org2,rxn,Org2
AH,1ddecg3p[c]__Org2,met,Org2
AH,pa120[c]__Org2,met,Org2
AH,ACP[c]__Org2,met,Org2
AH,ddcaACP[c]__Org2,met,Org2
AH,AGPAT140__Org2,rxn,Org2
AH,1tdecg3p[c]__Org2,met,Org2
AH,ACP[c]__Org2,met,Org2
AH,myrsACP[c]__Org2,met,Org2
AH,pa140[c]__Org2,met,Org2
AH,AGPAT141__Org2,rxn,Org2
AH,1tdec7eg3p[c]__Org2,met,Org2
AH,pa141[c]__Org2,met,Org2
AH,tdeACP[c]__Org2,met,Org2
AH,ACP[c]__Org2,met,Org2
AH,AGPAT160__Org2,rxn,Org2
AH,1hdecg3p[c]__Org2,met,Org2
AH,ACP[c]__Org2,met,Org2
AH,pa160[c]__Org2,met,Org2
AH,palmACP[c]__Org2,met,Org2
AH,AGPAT161__Org2,rxn,Org2
AH,1hdec9eg3p[c]__Org2,met,Org2
AH,hdeACP[c]__Org2,met,Org2
AH,pa161[c]__Org2,met,Org2
AH,ACP[c]__Org2,met,Org2
AH,AGPAT180__Org2,rxn,Org2
AH,ocdcaACP[c]__Org2,met,Org2
AH,1odecg3p[c]__Org2,met,Org2
AH,ACP[c]__Org2,met,Org2
AH,pa180[c]__Org2,met,Org2
AH,AGPAT181__Org2,rxn,Org2
AH,1odec11eg3p[c]__Org2,met,Org2
AH,octeACP[c]__Org2,met,Org2
AH,pa181[c]__Org2,met,Org2
AH,ACP[c]__Org2,met,Org2
AH,AGPR__Org2,rxn,Org2
AH,acg5p[c]__Org2,met,Org2
AH,acg5sa[c]__Org2,met,Org2
AH,h[c]__Org2,met,Org2
AH,nadp[c]__Org2,met,Org2
AH,nadph[c]__Org2,met,Org2
AH,pi[c]__Org2,met,Org2
AH,AHCYSNS_r__Org2,rxn,Org2
AH,ahcys[c]__Org2,met,Org2
AH,rhcys[c]__Org2,met,Org2
AH,ade[c]__Org2,met,Org2
AH,h2o[c]__Org2,met,Org2
AH,AHEXASE3__Org2,rxn,Org2
AH,acgam[c]__Org2,met,Org2
AH,chtbs[c]__Org2,met,Org2
AH,h2o[c]__Org2,met,Org2
AH,AHMMPS__Org2,rxn,Org2
AH,4ahmmp[c]__Org2,met,Org2
AH,gcald[c]__Org2,met,Org2
AH,air[c]__Org2,met,Org2
AH,h2o[c]__Org2,met,Org2
AH,o2[c]__Org2,met,Org2
AH,pi[c]__Org2,met,Org2
AH,AHSERL2__Org2,rxn,Org2
AH,achms[c]__Org2,met,Org2
AH,h2s[c]__Org2,met,Org2
AH,hcys_L[c]__Org2,met,Org2
AH,ac[c]__Org2,met,Org2
AH,h[c]__Org2,met,Org2
AH,AHSERL3__Org2,rxn,Org2
AH,so3[c]__Org2,met,Org2
AH,trdox[c]__Org2,met,Org2
AH,trdrd[c]__Org2,met,Org2
AH,tsul[c]__Org2,met,Org2
AH,ac[c]__Org2,met,Org2
AH,achms[c]__Org2,met,Org2
AH,h[c]__Org2,met,Org2
AH,hcys_L[c]__Org2,met,Org2
AH,AICART__Org2,rxn,Org2
AH,10fthf[c]__Org2,met,Org2
AH,fprica[c]__Org2,met,Org2
AH,thf[c]__Org2,met,Org2
AH,aicar[c]__Org2,met,Org2
AH,AIHPDCOATA__Org2,rxn,Org2
AH,14mpalmACP[c]__Org2,met,Org2
AH,ACP[c]__Org2,met,Org2
AH,aihpdcoa[c]__Org2,met,Org2
AH,coa[c]__Org2,met,Org2
AH,AIPDCOATA__Org2,rxn,Org2
AH,12mmyrsACP[c]__Org2,met,Org2
AH,ACP[c]__Org2,met,Org2
AH,aipdcoa[c]__Org2,met,Org2
AH,coa[c]__Org2,met,Org2
AH,AIRC4__Org2,rxn,Org2
AH,5aizc[c]__Org2,met,Org2
AH,adp[c]__Org2,met,Org2
AH,air[c]__Org2,met,Org2
AH,atp[c]__Org2,met,Org2
AH,h[c]__Org2,met,Org2
AH,hco3[c]__Org2,met,Org2
AH,pi[c]__Org2,met,Org2
AH,ALAALA__Org2,rxn,Org2
AH,ala_D[c]__Org2,met,Org2
AH,alaala[c]__Org2,met,Org2
AH,adp[c]__Org2,met,Org2
AH,atp[c]__Org2,met,Org2
AH,h[c]__Org2,met,Org2
AH,pi[c]__Org2,met,Org2
AH,ALAASP1c__Org2,rxn,Org2
AH,ala_L[c]__Org2,met,Org2
AH,alaasp[c]__Org2,met,Org2
AH,asp_L[c]__Org2,met,Org2
AH,h2o[c]__Org2,met,Org2
AH,ALAASPabc__Org2,rxn,Org2
AH,alaasp[e]__Org2,met,Org2
AH,adp[c]__Org2,met,Org2
AH,alaasp[c]__Org2,met,Org2
AH,atp[c]__Org2,met,Org2
AH,h2o[c]__Org2,met,Org2
AH,h[c]__Org2,met,Org2
AH,pi[c]__Org2,met,Org2
AH,ALACI__Org2,rxn,Org2
AH,33hmeoxobut[c]__Org2,met,Org2
AH,alac_S[c]__Org2,met,Org2
AH,ALAGLN1c__Org2,rxn,Org2
AH,alagln[c]__Org2,met,Org2
AH,ala_L[c]__Org2,met,Org2
AH,gln_L[c]__Org2,met,Org2
AH,h2o[c]__Org2,met,Org2
AH,ALAGLNabc__Org2,rxn,Org2
AH,alagln[e]__Org2,met,Org2
AH,adp[c]__Org2,met,Org2
AH,alagln[c]__Org2,met,Org2
AH,atp[c]__Org2,met,Org2
AH,h2o[c]__Org2,met,Org2
AH,h[c]__Org2,met,Org2
AH,pi[c]__Org2,met,Org2
AH,ALAGLU1c__Org2,rxn,Org2
AH,alaglu[c]__Org2,met,Org2
AH,ala_L[c]__Org2,met,Org2
AH,glu_L[c]__Org2,met,Org2
AH,h2o[c]__Org2,met,Org2
AH,ALAGLUabc__Org2,rxn,Org2
AH,alaglu[e]__Org2,met,Org2
AH,adp[c]__Org2,met,Org2
AH,alaglu[c]__Org2,met,Org2
AH,atp[c]__Org2,met,Org2
AH,h2o[c]__Org2,met,Org2
AH,h[c]__Org2,met,Org2
AH,pi[c]__Org2,met,Org2
AH,ALAGLY1c__Org2,rxn,Org2
AH,alagly[c]__Org2,met,Org2
AH,gly[c]__Org2,met,Org2
AH,ala_L[c]__Org2,met,Org2
AH,h2o[c]__Org2,met,Org2
AH,ALAGLYabc__Org2,rxn,Org2
AH,alagly[e]__Org2,met,Org2
AH,adp[c]__Org2,met,Org2
AH,alagly[c]__Org2,met,Org2
AH,atp[c]__Org2,met,Org2
AH,h2o[c]__Org2,met,Org2
AH,h[c]__Org2,met,Org2
AH,pi[c]__Org2,met,Org2
AH,ALAHIS1c__Org2,rxn,Org2
AH,alahis[c]__Org2,met,Org2
AH,his_L[c]__Org2,met,Org2
AH,ala_L[c]__Org2,met,Org2
AH,h2o[c]__Org2,met,Org2
AH,ALAHISabc__Org2,rxn,Org2
AH,alahis[e]__Org2,met,Org2
AH,adp[c]__Org2,met,Org2
AH,alahis[c]__Org2,met,Org2
AH,atp[c]__Org2,met,Org2
AH,h2o[c]__Org2,met,Org2
AH,h[c]__Org2,met,Org2
AH,pi[c]__Org2,met,Org2
AH,ALALEU1c__Org2,rxn,Org2
AH,alaleu[c]__Org2,met,Org2
AH,leu_L[c]__Org2,met,Org2
AH,ala_L[c]__Org2,met,Org2
AH,h2o[c]__Org2,met,Org2
AH,ALALEUabc__Org2,rxn,Org2
AH,alaleu[e]__Org2,met,Org2
AH,adp[c]__Org2,met,Org2
AH,alaleu[c]__Org2,met,Org2
AH,atp[c]__Org2,met,Org2
AH,h2o[c]__Org2,met,Org2
AH,h[c]__Org2,met,Org2
AH,pi[c]__Org2,met,Org2
AH,ALAPGPL__Org2,rxn,Org2
AH,prl45tca[c]__Org2,met,Org2
AH,prl45tcaala[c]__Org2,met,Org2
AH,ala_D[c]__Org2,met,Org2
AH,amp[c]__Org2,met,Org2
AH,atp[c]__Org2,met,Org2
AH,h2o[c]__Org2,met,Org2
AH,ppi[c]__Org2,met,Org2
AH,ALAR__Org2,rxn,Org2
AH,ala_D[c]__Org2,met,Org2
AH,ala_L[c]__Org2,met,Org2
AH,ALATHR1c__Org2,rxn,Org2
AH,alathr[c]__Org2,met,Org2
AH,thr_L[c]__Org2,met,Org2
AH,ala_L[c]__Org2,met,Org2
AH,h2o[c]__Org2,met,Org2
AH,ALATHRabc__Org2,rxn,Org2
AH,alathr[e]__Org2,met,Org2
AH,adp[c]__Org2,met,Org2
AH,alathr[c]__Org2,met,Org2
AH,atp[c]__Org2,met,Org2
AH,h2o[c]__Org2,met,Org2
AH,h[c]__Org2,met,Org2
AH,pi[c]__Org2,met,Org2
AH,ALAt4r__Org2,rxn,Org2
AH,ala_L[e]__Org2,met,Org2
AH,na1[c]__Org2,met,Org2
AH,na1[e]__Org2,met,Org2
AH,ala_L[c]__Org2,met,Org2
AH,ALCD19__Org2,rxn,Org2
AH,glyald[c]__Org2,met,Org2
AH,glyc[c]__Org2,met,Org2
AH,h[c]__Org2,met,Org2
AH,nad[c]__Org2,met,Org2
AH,nadh[c]__Org2,met,Org2
AH,ALCD2x__Org2,rxn,Org2
AH,acald[c]__Org2,met,Org2
AH,etoh[c]__Org2,met,Org2
AH,h[c]__Org2,met,Org2
AH,nad[c]__Org2,met,Org2
AH,nadh[c]__Org2,met,Org2
AH,AMALT1__Org2,rxn,Org2
AH,glc_D[c]__Org2,met,Org2
AH,malt[c]__Org2,met,Org2
AH,malttr[c]__Org2,met,Org2
AH,maltttr[c]__Org2,met,Org2
AH,AMALT2__Org2,rxn,Org2
AH,maltpt[c]__Org2,met,Org2
AH,glc_D[c]__Org2,met,Org2
AH,malt[c]__Org2,met,Org2
AH,maltttr[c]__Org2,met,Org2
AH,AMALT3__Org2,rxn,Org2
AH,malthx[c]__Org2,met,Org2
AH,glc_D[c]__Org2,met,Org2
AH,malt[c]__Org2,met,Org2
AH,maltpt[c]__Org2,met,Org2
AH,AMALT4__Org2,rxn,Org2
AH,malthp[c]__Org2,met,Org2
AH,glc_D[c]__Org2,met,Org2
AH,malt[c]__Org2,met,Org2
AH,malthx[c]__Org2,met,Org2
AH,AMANAPEr__Org2,rxn,Org2
AH,acmanap[c]__Org2,met,Org2
AH,acgam6p[c]__Org2,met,Org2
AH,AMPMS2__Org2,rxn,Org2
AH,4ampm[c]__Org2,met,Org2
AH,for[c]__Org2,met,Org2
AH,air[c]__Org2,met,Org2
AH,h2o[c]__Org2,met,Org2
AH,h[c]__Org2,met,Org2
AH,nad[c]__Org2,met,Org2
AH,nadh[c]__Org2,met,Org2
AH,AMPMS3__Org2,rxn,Org2
AH,co[c]__Org2,met,Org2
AH,4ampm[c]__Org2,met,Org2
AH,air[c]__Org2,met,Org2
AH,amet[c]__Org2,met,Org2
AH,dad_5[c]__Org2,met,Org2
AH,for[c]__Org2,met,Org2
AH,h[c]__Org2,met,Org2
AH,met_L[c]__Org2,met,Org2
AH,AMPSO3OX__Org2,rxn,Org2
AH,aps[c]__Org2,met,Org2
AH,fad[c]__Org2,met,Org2
AH,fadh2[c]__Org2,met,Org2
AH,amp[c]__Org2,met,Org2
AH,h[c]__Org2,met,Org2
AH,so3[c]__Org2,met,Org2
AH,AMPTASECG__Org2,rxn,Org2
AH,cgly[c]__Org2,met,Org2
AH,cys_L[c]__Org2,met,Org2
AH,gly[c]__Org2,met,Org2
AH,h2o[c]__Org2,met,Org2
AH,AMPTASEGC__Org2,rxn,Org2
AH,glycys[c]__Org2,met,Org2
AH,cys_L[c]__Org2,met,Org2
AH,gly[c]__Org2,met,Org2
AH,h2o[c]__Org2,met,Org2
AH,ANPRT__Org2,rxn,Org2
AH,anth[c]__Org2,met,Org2
AH,pran[c]__Org2,met,Org2
AH,ppi[c]__Org2,met,Org2
AH,prpp[c]__Org2,met,Org2
AH,ANS__Org2,rxn,Org2
AH,chor[c]__Org2,met,Org2
AH,anth[c]__Org2,met,Org2
AH,gln_L[c]__Org2,met,Org2
AH,glu_L[c]__Org2,met,Org2
AH,h[c]__Org2,met,Org2
AH,pyr[c]__Org2,met,Org2
AH,ANS2__Org2,rxn,Org2
AH,nh4[c]__Org2,met,Org2
AH,anth[c]__Org2,met,Org2
AH,chor[c]__Org2,met,Org2
AH,h2o[c]__Org2,met,Org2
AH,h[c]__Org2,met,Org2
AH,pyr[c]__Org2,met,Org2
AH,AOBUTDs__Org2,rxn,Org2
AH,2aobut[c]__Org2,met,Org2
AH,aact[c]__Org2,met,Org2
AH,co2[c]__Org2,met,Org2
AH,h[c]__Org2,met,Org2
AH,APPLDH__Org2,rxn,Org2
AH,aact[c]__Org2,met,Org2
AH,appl[c]__Org2,met,Org2
AH,h[c]__Org2,met,Org2
AH,nad[c]__Org2,met,Org2
AH,nadh[c]__Org2,met,Org2
AH,APRAUR__Org2,rxn,Org2
AH,5aprbu[c]__Org2,met,Org2
AH,5apru[c]__Org2,met,Org2
AH,h[c]__Org2,met,Org2
AH,nadp[c]__Org2,met,Org2
AH,nadph[c]__Org2,met,Org2
AH,APSRdmq__Org2,rxn,Org2
AH,2dmmq8[c]__Org2,met,Org2
AH,2dmmql8[c]__Org2,met,Org2
AH,paps[c]__Org2,met,Org2
AH,h[c]__Org2,met,Org2
AH,pap[c]__Org2,met,Org2
AH,so3[c]__Org2,met,Org2
AH,APSRmq__Org2,rxn,Org2
AH,mql8[c]__Org2,met,Org2
AH,mqn8[c]__Org2,met,Org2
AH,h[c]__Org2,met,Org2
AH,pap[c]__Org2,met,Org2
AH,paps[c]__Org2,met,Org2
AH,so3[c]__Org2,met,Org2
AH,ARBabc__Org2,rxn,Org2
AH,arab_L[c]__Org2,met,Org2
AH,arab_L[e]__Org2,met,Org2
AH,adp[c]__Org2,met,Org2
AH,atp[c]__Org2,met,Org2
AH,h2o[c]__Org2,met,Org2
AH,h[c]__Org2,met,Org2
AH,pi[c]__Org2,met,Org2
AH,ARGDC__Org2,rxn,Org2
AH,agm[c]__Org2,met,Org2
AH,arg_L[c]__Org2,met,Org2
AH,co2[c]__Org2,met,Org2
AH,h[c]__Org2,met,Org2
AH,ARGSL__Org2,rxn,Org2
AH,argsuc[c]__Org2,met,Org2
AH,arg_L[c]__Org2,met,Org2
AH,fum[c]__Org2,met,Org2
AH,ARGSS__Org2,rxn,Org2
AH,citr_L[c]__Org2,met,Org2
AH,amp[c]__Org2,met,Org2
AH,argsuc[c]__Org2,met,Org2
AH,asp_L[c]__Org2,met,Org2
AH,atp[c]__Org2,met,Org2
AH,h[c]__Org2,met,Org2
AH,ppi[c]__Org2,met,Org2
AH,ASAD__Org2,rxn,Org2
AH,4pasp[c]__Org2,met,Org2
AH,aspsa[c]__Org2,met,Org2
AH,h[c]__Org2,met,Org2
AH,nadp[c]__Org2,met,Org2
AH,nadph[c]__Org2,met,Org2
AH,pi[c]__Org2,met,Org2
AH,ASNt2r__Org2,rxn,Org2
AH,asn_L[c]__Org2,met,Org2
AH,asn_L[e]__Org2,met,Org2
AH,h[e]__Org2,met,Org2
AH,h[c]__Org2,met,Org2
AH,ASP1DC__Org2,rxn,Org2
AH,ala_B[c]__Org2,met,Org2
AH,asp_L[c]__Org2,met,Org2
AH,co2[c]__Org2,met,Org2
AH,h[c]__Org2,met,Org2
AH,ASPCT__Org2,rxn,Org2
AH,cbasp[c]__Org2,met,Org2
AH,asp_L[c]__Org2,met,Org2
AH,cbp[c]__Org2,met,Org2
AH,h[c]__Org2,met,Org2
AH,pi[c]__Org2,met,Org2
AH,ASPKi__Org2,rxn,Org2
AH,4pasp[c]__Org2,met,Org2
AH,adp[c]__Org2,met,Org2
AH,asp_L[c]__Org2,met,Org2
AH,atp[c]__Org2,met,Org2
AH,ASPO1__Org2,rxn,Org2
AH,h2o2[c]__Org2,met,Org2
AH,oaa[c]__Org2,met,Org2
AH,asp_L[c]__Org2,met,Org2
AH,h2o[c]__Org2,met,Org2
AH,nh4[c]__Org2,met,Org2
AH,o2[c]__Org2,met,Org2
AH,ASPO6__Org2,rxn,Org2
AH,iasp[c]__Org2,met,Org2
AH,asp_L[c]__Org2,met,Org2
AH,h2o2[c]__Org2,met,Org2
AH,h[c]__Org2,met,Org2
AH,o2[c]__Org2,met,Org2
AH,ASPO7__Org2,rxn,Org2
AH,fmn[c]__Org2,met,Org2
AH,fmnh2[c]__Org2,met,Org2
AH,asp_L[c]__Org2,met,Org2
AH,h[c]__Org2,met,Org2
AH,iasp[c]__Org2,met,Org2
AH,ASPT__Org2,rxn,Org2
AH,asp_L[c]__Org2,met,Org2
AH,fum[c]__Org2,met,Org2
AH,nh4[c]__Org2,met,Org2
AH,ASPTA__Org2,rxn,Org2
AH,akg[c]__Org2,met,Org2
AH,asp_L[c]__Org2,met,Org2
AH,glu_L[c]__Org2,met,Org2
AH,oaa[c]__Org2,met,Org2
AH,ATPPRT__Org2,rxn,Org2
AH,prbatp[c]__Org2,met,Org2
AH,atp[c]__Org2,met,Org2
AH,ppi[c]__Org2,met,Org2
AH,prpp[c]__Org2,met,Org2
AH,ATPS4__Org2,rxn,Org2
AH,adp[c]__Org2,met,Org2
AH,atp[c]__Org2,met,Org2
AH,h2o[c]__Org2,met,Org2
AH,h[c]__Org2,met,Org2
AH,h[e]__Org2,met,Org2
AH,pi[c]__Org2,met,Org2
AH,BACCLi__Org2,rxn,Org2
AH,btamp[c]__Org2,met,Org2
AH,btn[c]__Org2,met,Org2
AH,atp[c]__Org2,met,Org2
AH,h[c]__Org2,met,Org2
AH,ppi[c]__Org2,met,Org2
AH,BPNT__Org2,rxn,Org2
AH,amp[c]__Org2,met,Org2
AH,h2o[c]__Org2,met,Org2
AH,pap[c]__Org2,met,Org2
AH,pi[c]__Org2,met,Org2
AH,BTCOAACCOAT__Org2,rxn,Org2
AH,but[c]__Org2,met,Org2
AH,ac[c]__Org2,met,Org2
AH,accoa[c]__Org2,met,Org2
AH,btcoa[c]__Org2,met,Org2
AH,BTCOADH__Org2,rxn,Org2
AH,fdxox[c]__Org2,met,Org2
AH,fdxrd[c]__Org2,met,Org2
AH,b2coa[c]__Org2,met,Org2
AH,btcoa[c]__Org2,met,Org2
AH,h[c]__Org2,met,Org2
AH,nad[c]__Org2,met,Org2
AH,nadh[c]__Org2,met,Org2
AH,BTNCLi__Org2,rxn,Org2
AH,adp[c]__Org2,met,Org2
AH,apoC_Lys_btn[c]__Org2,met,Org2
AH,atp[c]__Org2,met,Org2
AH,btn_co2[c]__Org2,met,Org2
AH,h[c]__Org2,met,Org2
AH,hco3[c]__Org2,met,Org2
AH,pi[c]__Org2,met,Org2
AH,BTNabc__Org2,rxn,Org2
AH,btn[e]__Org2,met,Org2
AH,adp[c]__Org2,met,Org2
AH,atp[c]__Org2,met,Org2
AH,btn[c]__Org2,met,Org2
AH,h2o[c]__Org2,met,Org2
AH,h[c]__Org2,met,Org2
AH,pi[c]__Org2,met,Org2
AH,BTS4__Org2,rxn,Org2
AH,dtbt[c]__Org2,met,Org2
AH,s[c]__Org2,met,Org2
AH,amet[c]__Org2,met,Org2
AH,btn[c]__Org2,met,Org2
AH,dad_5[c]__Org2,met,Org2
AH,h[c]__Org2,met,Org2
AH,met_L[c]__Org2,met,Org2
AH,BUTt2r__Org2,rxn,Org2
AH,but[e]__Org2,met,Org2
AH,but[c]__Org2,met,Org2
AH,h[c]__Org2,met,Org2
AH,h[e]__Org2,met,Org2
AH,CA2abc__Org2,rxn,Org2
AH,ca2[c]__Org2,met,Org2
AH,ca2[e]__Org2,met,Org2
AH,adp[c]__Org2,met,Org2
AH,atp[c]__Org2,met,Org2
AH,h2o[c]__Org2,met,Org2
AH,h[c]__Org2,met,Org2
AH,pi[c]__Org2,met,Org2
AH,CAP_NR__Org2,rxn,Org2
AH,chlphncl[c]__Org2,met,Org2
AH,nchlphncl[c]__Org2,met,Org2
AH,h2o[c]__Org2,met,Org2
AH,h[c]__Org2,met,Org2
AH,nadp[c]__Org2,met,Org2
AH,nadph[c]__Org2,met,Org2
AH,CBIAT__Org2,rxn,Org2
AH,cbi[c]__Org2,met,Org2
AH,adocbi[c]__Org2,met,Org2
AH,atp[c]__Org2,met,Org2
AH,h[c]__Org2,met,Org2
AH,pppi[c]__Org2,met,Org2
AH,CBL2D__Org2,rxn,Org2
AH,cbl1[c]__Org2,met,Org2
AH,cbl2[c]__Org2,met,Org2
AH,h[c]__Org2,met,Org2
AH,nad[c]__Org2,met,Org2
AH,nadh[c]__Org2,met,Org2
AH,CBLAT__Org2,rxn,Org2
AH,adocbl[c]__Org2,met,Org2
AH,atp[c]__Org2,met,Org2
AH,cbl1[c]__Org2,met,Org2
AH,h[c]__Org2,met,Org2
AH,pppi[c]__Org2,met,Org2
AH,CBMK__Org2,rxn,Org2
AH,adp[c]__Org2,met,Org2
AH,atp[c]__Org2,met,Org2
AH,cbp[c]__Org2,met,Org2
AH,co2[c]__Org2,met,Org2
AH,h[c]__Org2,met,Org2
AH,nh4[c]__Org2,met,Org2
AH,CBPS__Org2,rxn,Org2
AH,adp[c]__Org2,met,Org2
AH,atp[c]__Org2,met,Org2
AH,cbp[c]__Org2,met,Org2
AH,gln_L[c]__Org2,met,Org2
AH,glu_L[c]__Org2,met,Org2
AH,h2o[c]__Org2,met,Org2
AH,h[c]__Org2,met,Org2
AH,hco3[c]__Org2,met,Org2
AH,pi[c]__Org2,met,Org2
AH,CD2abc1__Org2,rxn,Org2
AH,cd2[c]__Org2,met,Org2
AH,cd2[e]__Org2,met,Org2
AH,adp[c]__Org2,met,Org2
AH,atp[c]__Org2,met,Org2
AH,h2o[c]__Org2,met,Org2
AH,h[c]__Org2,met,Org2
AH,pi[c]__Org2,met,Org2
AH,CDPGLYCGPT__Org2,rxn,Org2
AH,acbdma14gapuc[c]__Org2,met,Org2
AH,cdpglyc[c]__Org2,met,Org2
AH,cmp[c]__Org2,met,Org2
AH,h[c]__Org2,met,Org2
AH,prl45tca[c]__Org2,met,Org2
AH,CDPMEK__Org2,rxn,Org2
AH,2p4c2me[c]__Org2,met,Org2
AH,4c2me[c]__Org2,met,Org2
AH,adp[c]__Org2,met,Org2
AH,atp[c]__Org2,met,Org2
AH,h[c]__Org2,met,Org2
AH,CGLYabc__Org2,rxn,Org2
AH,cgly[e]__Org2,met,Org2
AH,adp[c]__Org2,met,Org2
AH,atp[c]__Org2,met,Org2
AH,cgly[c]__Org2,met,Org2
AH,h2o[c]__Org2,met,Org2
AH,h[c]__Org2,met,Org2
AH,pi[c]__Org2,met,Org2
AH,CHORM__Org2,rxn,Org2
AH,pphn[c]__Org2,met,Org2
AH,chor[c]__Org2,met,Org2
AH,CHORS__Org2,rxn,Org2
AH,3psme[c]__Org2,met,Org2
AH,chor[c]__Org2,met,Org2
AH,pi[c]__Org2,met,Org2
AH,CLPNS140__Org2,rxn,Org2
AH,clpn140[c]__Org2,met,Org2
AH,pg140[c]__Org2,met,Org2
AH,glyc[c]__Org2,met,Org2
AH,CLPNS160__Org2,rxn,Org2
AH,clpn160[c]__Org2,met,Org2
AH,pg160[c]__Org2,met,Org2
AH,glyc[c]__Org2,met,Org2
AH,CLPNS180__Org2,rxn,Org2
AH,clpn180[c]__Org2,met,Org2
AH,pg180[c]__Org2,met,Org2
AH,glyc[c]__Org2,met,Org2
AH,CLPNSAI15__Org2,rxn,Org2
AH,clpnai15[c]__Org2,met,Org2
AH,pgai15[c]__Org2,met,Org2
AH,glyc[c]__Org2,met,Org2
AH,CLPNSAI17__Org2,rxn,Org2
AH,clpnai17[c]__Org2,met,Org2
AH,pgai17[c]__Org2,met,Org2
AH,glyc[c]__Org2,met,Org2
AH,CLPNSI14__Org2,rxn,Org2
AH,clpni14[c]__Org2,met,Org2
AH,pgi14[c]__Org2,met,Org2
AH,glyc[c]__Org2,met,Org2
AH,CLPNSI15__Org2,rxn,Org2
AH,clpni15[c]__Org2,met,Org2
AH,pgi15[c]__Org2,met,Org2
AH,glyc[c]__Org2,met,Org2
AH,CLPNSI16__Org2,rxn,Org2
AH,clpni16[c]__Org2,met,Org2
AH,pgi16[c]__Org2,met,Org2
AH,glyc[c]__Org2,met,Org2
AH,CLPNSI17__Org2,rxn,Org2
AH,clpni17[c]__Org2,met,Org2
AH,pgi17[c]__Org2,met,Org2
AH,glyc[c]__Org2,met,Org2
AH,CMLDC__Org2,rxn,Org2
AH,2c25dho[c]__Org2,met,Org2
AH,5odhf2a[c]__Org2,met,Org2
AH,co2[c]__Org2,met,Org2
AH,h[c]__Org2,met,Org2
AH,CO2t__Org2,rxn,Org2
AH,co2[e]__Org2,met,Org2
AH,co2[c]__Org2,met,Org2
AH,CPC3MT__Org2,rxn,Org2
AH,copre3[c]__Org2,met,Org2
AH,copre4[c]__Org2,met,Org2
AH,ahcys[c]__Org2,met,Org2
AH,amet[c]__Org2,met,Org2
AH,CPC5MT__Org2,rxn,Org2
AH,copre5[c]__Org2,met,Org2
AH,copre6[c]__Org2,met,Org2
AH,acald[c]__Org2,met,Org2
AH,ahcys[c]__Org2,met,Org2
AH,amet[c]__Org2,met,Org2
AH,h2o[c]__Org2,met,Org2
AH,h[c]__Org2,met,Org2
AH,CPC5MT2__Org2,rxn,Org2
AH,copre5b[c]__Org2,met,Org2
AH,ahcys[c]__Org2,met,Org2
AH,amet[c]__Org2,met,Org2
AH,copre6[c]__Org2,met,Org2
AH,CPC6MT__Org2,rxn,Org2
AH,codhpre6[c]__Org2,met,Org2
AH,copre8[c]__Org2,met,Org2
AH,ahcys[c]__Org2,met,Org2
AH,amet[c]__Org2,met,Org2
AH,co2[c]__Org2,met,Org2
AH,h[c]__Org2,met,Org2
AH,CPC6R__Org2,rxn,Org2
AH,codhpre6[c]__Org2,met,Org2
AH,copre6[c]__Org2,met,Org2
AH,h[c]__Org2,met,Org2
AH,nadp[c]__Org2,met,Org2
AH,nadph[c]__Org2,met,Org2
AH,CPC8MM__Org2,rxn,Org2
AH,cobya[c]__Org2,met,Org2
AH,copre8[c]__Org2,met,Org2
AH,CPPPGO__Org2,rxn,Org2
AH,cpppg3[c]__Org2,met,Org2
AH,pppg9[c]__Org2,met,Org2
AH,co2[c]__Org2,met,Org2
AH,h2o[c]__Org2,met,Org2
AH,h[c]__Org2,met,Org2
AH,o2[c]__Org2,met,Org2
AH,CRO4t3__Org2,rxn,Org2
AH,cro4[c]__Org2,met,Org2
AH,cro4[e]__Org2,met,Org2
AH,h[c]__Org2,met,Org2
AH,h[e]__Org2,met,Org2
AH,CTPS1__Org2,rxn,Org2
AH,utp[c]__Org2,met,Org2
AH,adp[c]__Org2,met,Org2
AH,atp[c]__Org2,met,Org2
AH,ctp[c]__Org2,met,Org2
AH,h[c]__Org2,met,Org2
AH,nh4[c]__Org2,met,Org2
AH,pi[c]__Org2,met,Org2
AH,CTPS2__Org2,rxn,Org2
AH,adp[c]__Org2,met,Org2
AH,atp[c]__Org2,met,Org2
AH,ctp[c]__Org2,met,Org2
AH,gln_L[c]__Org2,met,Org2
AH,glu_L[c]__Org2,met,Org2
AH,h2o[c]__Org2,met,Org2
AH,h[c]__Org2,met,Org2
AH,pi[c]__Org2,met,Org2
AH,utp[c]__Org2,met,Org2
AH,CYFO__Org2,rxn,Org2
AH,h2o[e]__Org2,met,Org2
AH,o2[e]__Org2,met,Org2
AH,rbflvrd[e]__Org2,met,Org2
AH,ribflv[e]__Org2,met,Org2
AH,CYRDAAT__Org2,rxn,Org2
AH,co1dam[c]__Org2,met,Org2
AH,adcobdam[c]__Org2,met,Org2
AH,atp[c]__Org2,met,Org2
AH,h[c]__Org2,met,Org2
AH,pppi[c]__Org2,met,Org2
AH,CYRDAR__Org2,rxn,Org2
AH,co2dam[c]__Org2,met,Org2
AH,co1dam[c]__Org2,met,Org2
AH,h[c]__Org2,met,Org2
AH,nad[c]__Org2,met,Org2
AH,nadh[c]__Org2,met,Org2
AH,CYRDAS__Org2,rxn,Org2
AH,adp[c]__Org2,met,Org2
AH,atp[c]__Org2,met,Org2
AH,co2dam[c]__Org2,met,Org2
AH,cobya[c]__Org2,met,Org2
AH,gln_L[c]__Org2,met,Org2
AH,glu_L[c]__Org2,met,Org2
AH,h2o[c]__Org2,met,Org2
AH,h[c]__Org2,met,Org2
AH,ppi[c]__Org2,met,Org2
AH,CYSS__Org2,rxn,Org2
AH,acser[c]__Org2,met,Org2
AH,ac[c]__Org2,met,Org2
AH,cys_L[c]__Org2,met,Org2
AH,h2s[c]__Org2,met,Org2
AH,h[c]__Org2,met,Org2
AH,CYSS3r__Org2,rxn,Org2
AH,ac[c]__Org2,met,Org2
AH,acser[c]__Org2,met,Org2
AH,cys_L[c]__Org2,met,Org2
AH,h[c]__Org2,met,Org2
AH,so3[c]__Org2,met,Org2
AH,trdox[c]__Org2,met,Org2
AH,trdrd[c]__Org2,met,Org2
AH,tsul[c]__Org2,met,Org2
AH,CYSTS__Org2,rxn,Org2
AH,cyst_L[c]__Org2,met,Org2
AH,ser_L[c]__Org2,met,Org2
AH,h2o[c]__Org2,met,Org2
AH,hcys_L[c]__Org2,met,Org2
AH,CYTDK3__Org2,rxn,Org2
AH,cytd[c]__Org2,met,Org2
AH,idp[c]__Org2,met,Org2
AH,itp[c]__Org2,met,Org2
AH,cmp[c]__Org2,met,Org2
AH,h[c]__Org2,met,Org2
AH,CYTK1__Org2,rxn,Org2
AH,adp[c]__Org2,met,Org2
AH,atp[c]__Org2,met,Org2
AH,cdp[c]__Org2,met,Org2
AH,cmp[c]__Org2,met,Org2
AH,CYTK2__Org2,rxn,Org2
AH,dcmp[c]__Org2,met,Org2
AH,adp[c]__Org2,met,Org2
AH,atp[c]__Org2,met,Org2
AH,dcdp[c]__Org2,met,Org2
AH,CZP_NR__Org2,rxn,Org2
AH,7a_czp[c]__Org2,met,Org2
AH,czp[c]__Org2,met,Org2
AH,h2o[c]__Org2,met,Org2
AH,h[c]__Org2,met,Org2
AH,nadp[c]__Org2,met,Org2
AH,nadph[c]__Org2,met,Org2
AH,Coabc__Org2,rxn,Org2
AH,cobalt2[c]__Org2,met,Org2
AH,cobalt2[e]__Org2,met,Org2
AH,adp[c]__Org2,met,Org2
AH,atp[c]__Org2,met,Org2
AH,h2o[c]__Org2,met,Org2
AH,h[c]__Org2,met,Org2
AH,pi[c]__Org2,met,Org2
AH,Cuabc__Org2,rxn,Org2
AH,cu2[c]__Org2,met,Org2
AH,cu2[e]__Org2,met,Org2
AH,adp[c]__Org2,met,Org2
AH,atp[c]__Org2,met,Org2
AH,h2o[c]__Org2,met,Org2
AH,h[c]__Org2,met,Org2
AH,pi[c]__Org2,met,Org2
AH,Cut1__Org2,rxn,Org2
AH,adp[c]__Org2,met,Org2
AH,atp[c]__Org2,met,Org2
AH,cu2[c]__Org2,met,Org2
AH,cu2[e]__Org2,met,Org2
AH,h2o[c]__Org2,met,Org2
AH,h[c]__Org2,met,Org2
AH,pi[c]__Org2,met,Org2
AH,DAPDA__Org2,rxn,Org2
AH,26dap_LL[c]__Org2,met,Org2
AH,ac[c]__Org2,met,Org2
AH,h2o[c]__Org2,met,Org2
AH,n6all26d[c]__Org2,met,Org2
AH,DAPE__Org2,rxn,Org2
AH,26dap_M[c]__Org2,met,Org2
AH,26dap_LL[c]__Org2,met,Org2
AH,DAPMDH__Org2,rxn,Org2
AH,l2a6o[c]__Org2,met,Org2
AH,26dap_M[c]__Org2,met,Org2
AH,h2o[c]__Org2,met,Org2
AH,h[c]__Org2,met,Org2
AH,nadp[c]__Org2,met,Org2
AH,nadph[c]__Org2,met,Org2
AH,nh4[c]__Org2,met,Org2
AH,DASYN120__Org2,rxn,Org2
AH,cdpdddecg[c]__Org2,met,Org2
AH,ctp[c]__Org2,met,Org2
AH,h[c]__Org2,met,Org2
AH,pa120[c]__Org2,met,Org2
AH,ppi[c]__Org2,met,Org2
AH,DASYN140__Org2,rxn,Org2
AH,cdpdtdecg[c]__Org2,met,Org2
AH,ctp[c]__Org2,met,Org2
AH,h[c]__Org2,met,Org2
AH,pa140[c]__Org2,met,Org2
AH,ppi[c]__Org2,met,Org2
AH,DASYN141__Org2,rxn,Org2
AH,cdpdtdec7eg[c]__Org2,met,Org2
AH,ctp[c]__Org2,met,Org2
AH,h[c]__Org2,met,Org2
AH,pa141[c]__Org2,met,Org2
AH,ppi[c]__Org2,met,Org2
AH,DASYN160__Org2,rxn,Org2
AH,cdpdhdecg[c]__Org2,met,Org2
AH,ctp[c]__Org2,met,Org2
AH,h[c]__Org2,met,Org2
AH,pa160[c]__Org2,met,Org2
AH,ppi[c]__Org2,met,Org2
AH,DASYN161__Org2,rxn,Org2
AH,cdpdhdec9eg[c]__Org2,met,Org2
AH,ctp[c]__Org2,met,Org2
AH,h[c]__Org2,met,Org2
AH,pa161[c]__Org2,met,Org2
AH,ppi[c]__Org2,met,Org2
AH,DASYN180__Org2,rxn,Org2
AH,cdpdodecg[c]__Org2,met,Org2
AH,ctp[c]__Org2,met,Org2
AH,h[c]__Org2,met,Org2
AH,pa180[c]__Org2,met,Org2
AH,ppi[c]__Org2,met,Org2
AH,DASYN181__Org2,rxn,Org2
AH,cdpdodec11eg[c]__Org2,met,Org2
AH,ctp[c]__Org2,met,Org2
AH,h[c]__Org2,met,Org2
AH,pa181[c]__Org2,met,Org2
AH,ppi[c]__Org2,met,Org2
AH,DASYNAI15__Org2,rxn,Org2
AH,cdpdaipdecg[c]__Org2,met,Org2
AH,ctp[c]__Org2,met,Org2
AH,h[c]__Org2,met,Org2
AH,paai15[c]__Org2,met,Org2
AH,ppi[c]__Org2,met,Org2
AH,DASYNAI17__Org2,rxn,Org2
AH,cdpdaihpdecg[c]__Org2,met,Org2
AH,ctp[c]__Org2,met,Org2
AH,h[c]__Org2,met,Org2
AH,paai17[c]__Org2,met,Org2
AH,ppi[c]__Org2,met,Org2
AH,DASYNI14__Org2,rxn,Org2
AH,cdpditdecg[c]__Org2,met,Org2
AH,ctp[c]__Org2,met,Org2
AH,h[c]__Org2,met,Org2
AH,pai14[c]__Org2,met,Org2
AH,ppi[c]__Org2,met,Org2
AH,DASYNI15__Org2,rxn,Org2
AH,cdpdipdecg[c]__Org2,met,Org2
AH,ctp[c]__Org2,met,Org2
AH,h[c]__Org2,met,Org2
AH,pai15[c]__Org2,met,Org2
AH,ppi[c]__Org2,met,Org2
AH,DASYNI16__Org2,rxn,Org2
AH,cdpdihdecg[c]__Org2,met,Org2
AH,ctp[c]__Org2,met,Org2
AH,h[c]__Org2,met,Org2
AH,pai16[c]__Org2,met,Org2
AH,ppi[c]__Org2,met,Org2
AH,DASYNI17__Org2,rxn,Org2
AH,cdpdihpdecg[c]__Org2,met,Org2
AH,ctp[c]__Org2,met,Org2
AH,h[c]__Org2,met,Org2
AH,pai17[c]__Org2,met,Org2
AH,ppi[c]__Org2,met,Org2
AH,DB4PS__Org2,rxn,Org2
AH,db4p[c]__Org2,met,Org2
AH,ru5p_D[c]__Org2,met,Org2
AH,for[c]__Org2,met,Org2
AH,h[c]__Org2,met,Org2
AH,DCMPDAi__Org2,rxn,Org2
AH,dump[c]__Org2,met,Org2
AH,dcmp[c]__Org2,met,Org2
AH,h2o[c]__Org2,met,Org2
AH,h[c]__Org2,met,Org2
AH,nh4[c]__Org2,met,Org2
AH,DDPA__Org2,rxn,Org2
AH,2dda7p[c]__Org2,met,Org2
AH,e4p[c]__Org2,met,Org2
AH,pep[c]__Org2,met,Org2
AH,h2o[c]__Org2,met,Org2
AH,pi[c]__Org2,met,Org2
AH,DGK1__Org2,rxn,Org2
AH,dgmp[c]__Org2,met,Org2
AH,adp[c]__Org2,met,Org2
AH,atp[c]__Org2,met,Org2
AH,dgdp[c]__Org2,met,Org2
AH,DHAD1__Org2,rxn,Org2
AH,23dhmb[c]__Org2,met,Org2
AH,3mob[c]__Org2,met,Org2
AH,h2o[c]__Org2,met,Org2
AH,DHAD2__Org2,rxn,Org2
AH,3mop[c]__Org2,met,Org2
AH,23dhmp[c]__Org2,met,Org2
AH,h2o[c]__Org2,met,Org2
AH,DHAPT__Org2,rxn,Org2
AH,dha[c]__Org2,met,Org2
AH,dhap[c]__Org2,met,Org2
AH,pep[c]__Org2,met,Org2
AH,pyr[c]__Org2,met,Org2
AH,DHDPRy__Org2,rxn,Org2
AH,23dhdp[c]__Org2,met,Org2
AH,h[c]__Org2,met,Org2
AH,nadp[c]__Org2,met,Org2
AH,nadph[c]__Org2,met,Org2
AH,thdp[c]__Org2,met,Org2
AH,DHDPS__Org2,rxn,Org2
AH,23dhdp[c]__Org2,met,Org2
AH,aspsa[c]__Org2,met,Org2
AH,h2o[c]__Org2,met,Org2
AH,h[c]__Org2,met,Org2
AH,pyr[c]__Org2,met,Org2
AH,DHFOR2__Org2,rxn,Org2
AH,dhf[c]__Org2,met,Org2
AH,fol[c]__Org2,met,Org2
AH,nadp[c]__Org2,met,Org2
AH,nadph[c]__Org2,met,Org2
AH,DHFR__Org2,rxn,Org2
AH,dhf[c]__Org2,met,Org2
AH,h[c]__Org2,met,Org2
AH,nadp[c]__Org2,met,Org2
AH,nadph[c]__Org2,met,Org2
AH,thf[c]__Org2,met,Org2
AH,DHFS__Org2,rxn,Org2
AH,dhpt[c]__Org2,met,Org2
AH,adp[c]__Org2,met,Org2
AH,atp[c]__Org2,met,Org2
AH,dhf[c]__Org2,met,Org2
AH,glu_L[c]__Org2,met,Org2
AH,h[c]__Org2,met,Org2
AH,pi[c]__Org2,met,Org2
AH,DHNPA__Org2,rxn,Org2
AH,2ahhmp[c]__Org2,met,Org2
AH,dhnpt[c]__Org2,met,Org2
AH,gcald[c]__Org2,met,Org2
AH,DHNPA2__Org2,rxn,Org2
AH,6hmhpt[c]__Org2,met,Org2
AH,dhnpt[c]__Org2,met,Org2
AH,gcald[c]__Org2,met,Org2
AH,DHORDi__Org2,rxn,Org2
AH,dhor_S[c]__Org2,met,Org2
AH,orot[c]__Org2,met,Org2
AH,h2o2[c]__Org2,met,Org2
AH,o2[c]__Org2,met,Org2
AH,DHORDnad__Org2,rxn,Org2
AH,dhor_S[c]__Org2,met,Org2
AH,h[c]__Org2,met,Org2
AH,nad[c]__Org2,met,Org2
AH,nadh[c]__Org2,met,Org2
AH,orot[c]__Org2,met,Org2
AH,DHORTS__Org2,rxn,Org2
AH,cbasp[c]__Org2,met,Org2
AH,dhor_S[c]__Org2,met,Org2
AH,h2o[c]__Org2,met,Org2
AH,h[c]__Org2,met,Org2
AH,DHPM1__Org2,rxn,Org2
AH,56dura[c]__Org2,met,Org2
AH,cala[c]__Org2,met,Org2
AH,h2o[c]__Org2,met,Org2
AH,h[c]__Org2,met,Org2
AH,DHPM2__Org2,rxn,Org2
AH,3uib[c]__Org2,met,Org2
AH,56dthm[c]__Org2,met,Org2
AH,h2o[c]__Org2,met,Org2
AH,h[c]__Org2,met,Org2
AH,DHPPDA__Org2,rxn,Org2
AH,25dhpp[c]__Org2,met,Org2
AH,5apru[c]__Org2,met,Org2
AH,h2o[c]__Org2,met,Org2
AH,h[c]__Org2,met,Org2
AH,nh4[c]__Org2,met,Org2
AH,DHPPDA2__Org2,rxn,Org2
AH,25drapp[c]__Org2,met,Org2
AH,5apru[c]__Org2,met,Org2
AH,h2o[c]__Org2,met,Org2
AH,h[c]__Org2,met,Org2
AH,nh4[c]__Org2,met,Org2
AH,DHPS__Org2,rxn,Org2
AH,4abz[c]__Org2,met,Org2
AH,2ahhmp[c]__Org2,met,Org2
AH,dhpt[c]__Org2,met,Org2
AH,h2o[c]__Org2,met,Org2
AH,DHPS2__Org2,rxn,Org2
AH,6hmhptpp[c]__Org2,met,Org2
AH,4abz[c]__Org2,met,Org2
AH,dhpt[c]__Org2,met,Org2
AH,ppi[c]__Org2,met,Org2
AH,DHQS__Org2,rxn,Org2
AH,3dhq[c]__Org2,met,Org2
AH,2dda7p[c]__Org2,met,Org2
AH,pi[c]__Org2,met,Org2
AH,DHQTi__Org2,rxn,Org2
AH,3dhsk[c]__Org2,met,Org2
AH,3dhq[c]__Org2,met,Org2
AH,h2o[c]__Org2,met,Org2
AH,DMATT__Org2,rxn,Org2
AH,dmpp[c]__Org2,met,Org2
AH,grdp[c]__Org2,met,Org2
AH,ipdp[c]__Org2,met,Org2
AH,ppi[c]__Org2,met,Org2
AH,DMPPS__Org2,rxn,Org2
AH,h2mb4p[c]__Org2,met,Org2
AH,dmpp[c]__Org2,met,Org2
AH,h2o[c]__Org2,met,Org2
AH,h[c]__Org2,met,Org2
AH,nad[c]__Org2,met,Org2
AH,nadh[c]__Org2,met,Org2
AH,DMPPS2r__Org2,rxn,Org2
AH,dmpp[c]__Org2,met,Org2
AH,h2mb4p[c]__Org2,met,Org2
AH,h2o[c]__Org2,met,Org2
AH,h[c]__Org2,met,Org2
AH,nadp[c]__Org2,met,Org2
AH,nadph[c]__Org2,met,Org2
AH,DM_4HBA__Org2,rxn,Org2
AH,4hba[c]__Org2,met,Org2
AH,DM_NA1__Org2,rxn,Org2
AH,na1[c]__Org2,met,Org2
AH,DM_atp_c___Org2,rxn,Org2
AH,adp[c]__Org2,met,Org2
AH,atp[c]__Org2,met,Org2
AH,h2o[c]__Org2,met,Org2
AH,h[c]__Org2,met,Org2
AH,pi[c]__Org2,met,Org2
AH,DM_btn__Org2,rxn,Org2
AH,btn[c]__Org2,met,Org2
AH,DM_clpn140(c)__Org2,rxn,Org2
AH,clpn140[c]__Org2,met,Org2
AH,DM_clpn160(c)__Org2,rxn,Org2
AH,clpn160[c]__Org2,met,Org2
AH,DM_clpn180(c)__Org2,rxn,Org2
AH,clpn180[c]__Org2,met,Org2
AH,DM_clpni16(c)__Org2,rxn,Org2
AH,clpni16[c]__Org2,met,Org2
AH,DM_dad_5__Org2,rxn,Org2
AH,dad_5[c]__Org2,met,Org2
AH,DM_dhptd(c)__Org2,rxn,Org2
AH,dhptd[c]__Org2,met,Org2
AH,DM_kdo2lipid4L(c)__Org2,rxn,Org2
AH,kdo2lipid4L[c]__Org2,met,Org2
AH,DM_teich_45_BS(c)__Org2,rxn,Org2
AH,teich_45_BS[c]__Org2,met,Org2
AH,DM_this[c]__Org2,rxn,Org2
AH,this[c]__Org2,met,Org2
AH,DNMPPA__Org2,rxn,Org2
AH,dhpmp[c]__Org2,met,Org2
AH,dhnpt[c]__Org2,met,Org2
AH,h2o[c]__Org2,met,Org2
AH,pi[c]__Org2,met,Org2
AH,DNTPPA__Org2,rxn,Org2
AH,ahdt[c]__Org2,met,Org2
AH,dhpmp[c]__Org2,met,Org2
AH,h2o[c]__Org2,met,Org2
AH,h[c]__Org2,met,Org2
AH,ppi[c]__Org2,met,Org2
AH,DPCOAK__Org2,rxn,Org2
AH,dpcoa[c]__Org2,met,Org2
AH,adp[c]__Org2,met,Org2
AH,atp[c]__Org2,met,Org2
AH,coa[c]__Org2,met,Org2
AH,h[c]__Org2,met,Org2
AH,DPR__Org2,rxn,Org2
AH,2dhp[c]__Org2,met,Org2
AH,pant_R[c]__Org2,met,Org2
AH,h[c]__Org2,met,Org2
AH,nadp[c]__Org2,met,Org2
AH,nadph[c]__Org2,met,Org2
AH,DRBK__Org2,rxn,Org2
AH,2dr5p[c]__Org2,met,Org2
AH,drib[c]__Org2,met,Org2
AH,adp[c]__Org2,met,Org2
AH,atp[c]__Org2,met,Org2
AH,h[c]__Org2,met,Org2
AH,DRIBabc__Org2,rxn,Org2
AH,drib[e]__Org2,met,Org2
AH,adp[c]__Org2,met,Org2
AH,atp[c]__Org2,met,Org2
AH,drib[c]__Org2,met,Org2
AH,h2o[c]__Org2,met,Org2
AH,h[c]__Org2,met,Org2
AH,pi[c]__Org2,met,Org2
AH,DRPAr__Org2,rxn,Org2
AH,g3p[c]__Org2,met,Org2
AH,2dr5p[c]__Org2,met,Org2
AH,acald[c]__Org2,met,Org2
AH,DTMPK__Org2,rxn,Org2
AH,dtmp[c]__Org2,met,Org2
AH,adp[c]__Org2,met,Org2
AH,atp[c]__Org2,met,Org2
AH,dtdp[c]__Org2,met,Org2
AH,DUTPDP__Org2,rxn,Org2
AH,dump[c]__Org2,met,Org2
AH,dutp[c]__Org2,met,Org2
AH,h2o[c]__Org2,met,Org2
AH,h[c]__Org2,met,Org2
AH,ppi[c]__Org2,met,Org2
AH,DXPRIr__Org2,rxn,Org2
AH,2me4p[c]__Org2,met,Org2
AH,dxyl5p[c]__Org2,met,Org2
AH,h[c]__Org2,met,Org2
AH,nadp[c]__Org2,met,Org2
AH,nadph[c]__Org2,met,Org2
AH,DXPS__Org2,rxn,Org2
AH,co2[c]__Org2,met,Org2
AH,dxyl5p[c]__Org2,met,Org2
AH,g3p[c]__Org2,met,Org2
AH,h[c]__Org2,met,Org2
AH,pyr[c]__Org2,met,Org2
AH,DXYTST__Org2,rxn,Org2
AH,2c4mthzep[c]__Org2,met,Org2
AH,thissh[c]__Org2,met,Org2
AH,dxyl5p[c]__Org2,met,Org2
AH,h2o[c]__Org2,met,Org2
AH,h[c]__Org2,met,Org2
AH,imogly[c]__Org2,met,Org2
AH,this[c]__Org2,met,Org2
AH,D_LACt2__Org2,rxn,Org2
AH,lac_D[c]__Org2,met,Org2
AH,lac_D[e]__Org2,met,Org2
AH,h[c]__Org2,met,Org2
AH,h[e]__Org2,met,Org2
AH,E4PD__Org2,rxn,Org2
AH,4per[c]__Org2,met,Org2
AH,e4p[c]__Org2,met,Org2
AH,h2o[c]__Org2,met,Org2
AH,h[c]__Org2,met,Org2
AH,nad[c]__Org2,met,Org2
AH,nadh[c]__Org2,met,Org2
AH,ECOAH1__Org2,rxn,Org2
AH,3hbcoa[c]__Org2,met,Org2
AH,b2coa[c]__Org2,met,Org2
AH,h2o[c]__Org2,met,Org2
AH,ECOAH1R__Org2,rxn,Org2
AH,3hbcoa_R[c]__Org2,met,Org2
AH,b2coa[c]__Org2,met,Org2
AH,h2o[c]__Org2,met,Org2
AH,EHGLAT__Org2,rxn,Org2
AH,4h2oglt[c]__Org2,met,Org2
AH,e4hglu[c]__Org2,met,Org2
AH,akg[c]__Org2,met,Org2
AH,glu_L[c]__Org2,met,Org2
AH,ENO__Org2,rxn,Org2
AH,2pg[c]__Org2,met,Org2
AH,h2o[c]__Org2,met,Org2
AH,pep[c]__Org2,met,Org2
AH,EX_12dhchol(e)__Org2,rxn,Org2
AH,12dhchol[e]__Org2,met,Org2
AH,12dhchol_m,met,Org2
AH,EX_12ppd_S(e)__Org2,rxn,Org2
AH,12ppd_S[e]__Org2,met,Org2
AH,12ppd_S_m,met,Org2
AH,EX_4ahmmp(e)__Org2,rxn,Org2
AH,4ahmmp[e]__Org2,met,Org2
AH,4ahmmp_m,met,Org2
AH,EX_7a_czp(e)__Org2,rxn,Org2
AH,7a_czp[e]__Org2,met,Org2
AH,7a_czp_m,met,Org2
AH,EX_C02528(e)__Org2,rxn,Org2
AH,C02528[e]__Org2,met,Org2
AH,C02528_m,met,Org2
AH,EX_ac(e)__Org2,rxn,Org2
AH,ac[e]__Org2,met,Org2
AH,ac_m,met,Org2
AH,EX_ala_L(e)__Org2,rxn,Org2
AH,ala_L[e]__Org2,met,Org2
AH,ala_L_m,met,Org2
AH,EX_alaasp(e)__Org2,rxn,Org2
AH,alaasp[e]__Org2,met,Org2
AH,alaasp_m,met,Org2
AH,EX_alagln(e)__Org2,rxn,Org2
AH,alagln[e]__Org2,met,Org2
AH,alagln_m,met,Org2
AH,EX_alaglu(e)__Org2,rxn,Org2
AH,alaglu[e]__Org2,met,Org2
AH,alaglu_m,met,Org2
AH,EX_alagly(e)__Org2,rxn,Org2
AH,alagly[e]__Org2,met,Org2
AH,alagly_m,met,Org2
AH,EX_alahis(e)__Org2,rxn,Org2
AH,alahis[e]__Org2,met,Org2
AH,alahis_m,met,Org2
AH,EX_alaleu(e)__Org2,rxn,Org2
AH,alaleu[e]__Org2,met,Org2
AH,alaleu_m,met,Org2
AH,EX_alathr(e)__Org2,rxn,Org2
AH,alathr[e]__Org2,met,Org2
AH,alathr_m,met,Org2
AH,EX_anzp(e)__Org2,rxn,Org2
AH,anzp[e]__Org2,met,Org2
AH,anzp_m,met,Org2
AH,EX_arab_L(e)__Org2,rxn,Org2
AH,arab_L[e]__Org2,met,Org2
AH,arab_L_m,met,Org2
AH,EX_asn_L(e)__Org2,rxn,Org2
AH,asn_L[e]__Org2,met,Org2
AH,asn_L_m,met,Org2
AH,DM_biomass(e)__Org2,rxn,Org2
AH,biomass[c]__Org2,met,Org2
AH,EX_btn(e)__Org2,rxn,Org2
AH,btn[e]__Org2,met,Org2
AH,btn_m,met,Org2
AH,EX_but(e)__Org2,rxn,Org2
AH,but[e]__Org2,met,Org2
AH,but_m,met,Org2
AH,EX_ca2(e)__Org2,rxn,Org2
AH,ca2[e]__Org2,met,Org2
AH,ca2_m,met,Org2
AH,EX_cd2(e)__Org2,rxn,Org2
AH,cd2[e]__Org2,met,Org2
AH,cd2_m,met,Org2
AH,EX_cgly(e)__Org2,rxn,Org2
AH,cgly[e]__Org2,met,Org2
AH,cgly_m,met,Org2
AH,EX_chlphncl(e)__Org2,rxn,Org2
AH,chlphncl[e]__Org2,met,Org2
AH,chlphncl_m,met,Org2
AH,EX_cholate(e)__Org2,rxn,Org2
AH,cholate[e]__Org2,met,Org2
AH,cholate_m,met,Org2
AH,EX_cl(e)__Org2,rxn,Org2
AH,cl[e]__Org2,met,Org2
AH,cl_m,met,Org2
AH,EX_co2(e)__Org2,rxn,Org2
AH,co2[e]__Org2,met,Org2
AH,co2_m,met,Org2
AH,EX_cobalt2(e)__Org2,rxn,Org2
AH,cobalt2[e]__Org2,met,Org2
AH,cobalt2_m,met,Org2
AH,EX_cro4(e)__Org2,rxn,Org2
AH,cro4[e]__Org2,met,Org2
AH,cro4_m,met,Org2
AH,EX_cu2(e)__Org2,rxn,Org2
AH,cu2[e]__Org2,met,Org2
AH,cu2_m,met,Org2
AH,EX_czp(e)__Org2,rxn,Org2
AH,czp[e]__Org2,met,Org2
AH,czp_m,met,Org2
AH,EX_dgchol(e)__Org2,rxn,Org2
AH,dgchol[e]__Org2,met,Org2
AH,dgchol_m,met,Org2
AH,EX_drib(e)__Org2,rxn,Org2
AH,drib[e]__Org2,met,Org2
AH,drib_m,met,Org2
AH,EX_fe2(e)__Org2,rxn,Org2
AH,fe2[e]__Org2,met,Org2
AH,fe2_m,met,Org2
AH,EX_fe3(e)__Org2,rxn,Org2
AH,fe3[e]__Org2,met,Org2
AH,fe3_m,met,Org2
AH,EX_fol(e)__Org2,rxn,Org2
AH,fol[e]__Org2,met,Org2
AH,fol_m,met,Org2
AH,EX_for(e)__Org2,rxn,Org2
AH,for[e]__Org2,met,Org2
AH,for_m,met,Org2
AH,EX_fru(e)__Org2,rxn,Org2
AH,fru[e]__Org2,met,Org2
AH,fru_m,met,Org2
AH,EX_gal(e)__Org2,rxn,Org2
AH,gal[e]__Org2,met,Org2
AH,gal_m,met,Org2
AH,EX_gchola(e)__Org2,rxn,Org2
AH,gchola[e]__Org2,met,Org2
AH,gchola_m,met,Org2
AH,EX_glc_D(e)__Org2,rxn,Org2
AH,glc_D[e]__Org2,met,Org2
AH,glc_D_m,met,Org2
AH,EX_gln_L(e)__Org2,rxn,Org2
AH,gln_L[e]__Org2,met,Org2
AH,gln_L_m,met,Org2
AH,EX_glu_L(e)__Org2,rxn,Org2
AH,glu_L[e]__Org2,met,Org2
AH,glu_L_m,met,Org2
AH,EX_gly(e)__Org2,rxn,Org2
AH,gly[e]__Org2,met,Org2
AH,gly_m,met,Org2
AH,EX_glyasn(e)__Org2,rxn,Org2
AH,glyasn[e]__Org2,met,Org2
AH,glyasn_m,met,Org2
AH,EX_glyasp(e)__Org2,rxn,Org2
AH,glyasp[e]__Org2,met,Org2
AH,glyasp_m,met,Org2
AH,EX_glyc(e)__Org2,rxn,Org2
AH,glyc[e]__Org2,met,Org2
AH,glyc_m,met,Org2
AH,EX_glycys(e)__Org2,rxn,Org2
AH,glycys[e]__Org2,met,Org2
AH,glycys_m,met,Org2
AH,EX_glygln(e)__Org2,rxn,Org2
AH,glygln[e]__Org2,met,Org2
AH,glygln_m,met,Org2
AH,EX_glyglu(e)__Org2,rxn,Org2
AH,glyglu[e]__Org2,met,Org2
AH,glyglu_m,met,Org2
AH,EX_glyleu(e)__Org2,rxn,Org2
AH,glyleu[e]__Org2,met,Org2
AH,glyleu_m,met,Org2
AH,EX_glymet(e)__Org2,rxn,Org2
AH,glymet[e]__Org2,met,Org2
AH,glymet_m,met,Org2
AH,EX_glyphe(e)__Org2,rxn,Org2
AH,glyphe[e]__Org2,met,Org2
AH,glyphe_m,met,Org2
AH,EX_glypro(e)__Org2,rxn,Org2
AH,glypro[e]__Org2,met,Org2
AH,glypro_m,met,Org2
AH,EX_glytyr(e)__Org2,rxn,Org2
AH,glytyr[e]__Org2,met,Org2
AH,glytyr_m,met,Org2
AH,EX_h(e)__Org2,rxn,Org2
AH,h[e]__Org2,met,Org2
AH,h_m,met,Org2
AH,EX_h2(e)__Org2,rxn,Org2
AH,h2[e]__Org2,met,Org2
AH,h2_m,met,Org2
AH,EX_h2o(e)__Org2,rxn,Org2
AH,h2o[e]__Org2,met,Org2
AH,h2o_m,met,Org2
AH,EX_hg2(e)__Org2,rxn,Org2
AH,hg2[e]__Org2,met,Org2
AH,hg2_m,met,Org2
AH,EX_his_L(e)__Org2,rxn,Org2
AH,his_L[e]__Org2,met,Org2
AH,his_L_m,met,Org2
AH,EX_hxan(e)__Org2,rxn,Org2
AH,hxan[e]__Org2,met,Org2
AH,hxan_m,met,Org2
AH,EX_ile_L(e)__Org2,rxn,Org2
AH,ile_L[e]__Org2,met,Org2
AH,ile_L_m,met,Org2
AH,EX_inulin(e)__Org2,rxn,Org2
AH,inulin[e]__Org2,met,Org2
AH,inulin_m,met,Org2
AH,EX_k(e)__Org2,rxn,Org2
AH,k[e]__Org2,met,Org2
AH,k_m,met,Org2
AH,EX_kesto(e)__Org2,rxn,Org2
AH,kesto[e]__Org2,met,Org2
AH,kesto_m,met,Org2
AH,EX_kestopt(e)__Org2,rxn,Org2
AH,kestopt[e]__Org2,met,Org2
AH,kestopt_m,met,Org2
AH,EX_kestottr(e)__Org2,rxn,Org2
AH,kestottr[e]__Org2,met,Org2
AH,kestottr_m,met,Org2
AH,EX_lac_D(e)__Org2,rxn,Org2
AH,lac_D[e]__Org2,met,Org2
AH,lac_D_m,met,Org2
AH,EX_lac_L(e)__Org2,rxn,Org2
AH,lac_L[e]__Org2,met,Org2
AH,lac_L_m,met,Org2
AH,EX_lactl(e)__Org2,rxn,Org2
AH,lactl[e]__Org2,met,Org2
AH,lactl_m,met,Org2
AH,EX_lcts(e)__Org2,rxn,Org2
AH,lcts[e]__Org2,met,Org2
AH,lcts_m,met,Org2
AH,EX_leu_L(e)__Org2,rxn,Org2
AH,leu_L[e]__Org2,met,Org2
AH,leu_L_m,met,Org2
AH,EX_lys_L(e)__Org2,rxn,Org2
AH,lys_L[e]__Org2,met,Org2
AH,lys_L_m,met,Org2
AH,EX_malt(e)__Org2,rxn,Org2
AH,malt[e]__Org2,met,Org2
AH,malt_m,met,Org2
AH,EX_man(e)__Org2,rxn,Org2
AH,man[e]__Org2,met,Org2
AH,man_m,met,Org2
AH,EX_melib(e)__Org2,rxn,Org2
AH,melib[e]__Org2,met,Org2
AH,melib_m,met,Org2
AH,EX_met_D(e)__Org2,rxn,Org2
AH,met_D[e]__Org2,met,Org2
AH,met_D_m,met,Org2
AH,EX_met_L(e)__Org2,rxn,Org2
AH,met_L[e]__Org2,met,Org2
AH,met_L_m,met,Org2
AH,EX_metala(e)__Org2,rxn,Org2
AH,metala[e]__Org2,met,Org2
AH,metala_m,met,Org2
AH,EX_metsox_S_L(e)__Org2,rxn,Org2
AH,metsox_S_L[e]__Org2,met,Org2
AH,metsox_S_L_m,met,Org2
AH,EX_mg2(e)__Org2,rxn,Org2
AH,mg2[e]__Org2,met,Org2
AH,mg2_m,met,Org2
AH,EX_mn2(e)__Org2,rxn,Org2
AH,mn2[e]__Org2,met,Org2
AH,mn2_m,met,Org2
AH,EX_mnl(e)__Org2,rxn,Org2
AH,mnl[e]__Org2,met,Org2
AH,mnl_m,met,Org2
AH,EX_mobd(e)__Org2,rxn,Org2
AH,mobd[e]__Org2,met,Org2
AH,mobd_m,met,Org2
AH,EX_na1(e)__Org2,rxn,Org2
AH,na1[e]__Org2,met,Org2
AH,na1_m,met,Org2
AH,EX_nac(e)__Org2,rxn,Org2
AH,nac[e]__Org2,met,Org2
AH,nac_m,met,Org2
AH,EX_nchlphncl(e)__Org2,rxn,Org2
AH,nchlphncl[e]__Org2,met,Org2
AH,nchlphncl_m,met,Org2
AH,EX_nh4(e)__Org2,rxn,Org2
AH,nh4[e]__Org2,met,Org2
AH,nh4_m,met,Org2
AH,EX_nmn(e)__Org2,rxn,Org2
AH,nmn[e]__Org2,met,Org2
AH,nmn_m,met,Org2
AH,EX_nzp(e)__Org2,rxn,Org2
AH,nzp[e]__Org2,met,Org2
AH,nzp_m,met,Org2
AH,EX_o2(e)__Org2,rxn,Org2
AH,o2[e]__Org2,met,Org2
AH,o2_m,met,Org2
AH,EX_pb(e)__Org2,rxn,Org2
AH,pb[e]__Org2,met,Org2
AH,pb_m,met,Org2
AH,EX_pcresol(e)__Org2,rxn,Org2
AH,pcresol[e]__Org2,met,Org2
AH,pcresol_m,met,Org2
AH,EX_phe_L(e)__Org2,rxn,Org2
AH,phe_L[e]__Org2,met,Org2
AH,phe_L_m,met,Org2
AH,EX_pi(e)__Org2,rxn,Org2
AH,pi[e]__Org2,met,Org2
AH,pi_m,met,Org2
AH,EX_pnto_R(e)__Org2,rxn,Org2
AH,pnto_R[e]__Org2,met,Org2
AH,pnto_R_m,met,Org2
AH,EX_ppa(e)__Org2,rxn,Org2
AH,ppa[e]__Org2,met,Org2
AH,ppa_m,met,Org2
AH,EX_pro_L(e)__Org2,rxn,Org2
AH,pro_L[e]__Org2,met,Org2
AH,pro_L_m,met,Org2
AH,EX_ptrc(e)__Org2,rxn,Org2
AH,ptrc[e]__Org2,met,Org2
AH,ptrc_m,met,Org2
AH,EX_pydam(e)__Org2,rxn,Org2
AH,pydam[e]__Org2,met,Org2
AH,pydam_m,met,Org2
AH,EX_pydx(e)__Org2,rxn,Org2
AH,pydx[e]__Org2,met,Org2
AH,pydx_m,met,Org2
AH,EX_pydxn(e)__Org2,rxn,Org2
AH,pydxn[e]__Org2,met,Org2
AH,pydxn_m,met,Org2
AH,EX_rbflvrd(e)__Org2,rxn,Org2
AH,rbflvrd[e]__Org2,met,Org2
AH,rbflvrd_m,met,Org2
AH,EX_rib_D(e)__Org2,rxn,Org2
AH,rib_D[e]__Org2,met,Org2
AH,rib_D_m,met,Org2
AH,EX_ribflv(e)__Org2,rxn,Org2
AH,ribflv[e]__Org2,met,Org2
AH,ribflv_m,met,Org2
AH,EX_sbt_D(e)__Org2,rxn,Org2
AH,sbt_D[e]__Org2,met,Org2
AH,sbt_D_m,met,Org2
AH,EX_ser_L(e)__Org2,rxn,Org2
AH,ser_L[e]__Org2,met,Org2
AH,ser_L_m,met,Org2
AH,EX_so4(e)__Org2,rxn,Org2
AH,so4[e]__Org2,met,Org2
AH,so4_m,met,Org2
AH,EX_spmd(e)__Org2,rxn,Org2
AH,spmd[e]__Org2,met,Org2
AH,spmd_m,met,Org2
AH,EX_succ(e)__Org2,rxn,Org2
AH,succ[e]__Org2,met,Org2
AH,succ_m,met,Org2
AH,EX_taur(e)__Org2,rxn,Org2
AH,taur[e]__Org2,met,Org2
AH,taur_m,met,Org2
AH,EX_tchola(e)__Org2,rxn,Org2
AH,tchola[e]__Org2,met,Org2
AH,tchola_m,met,Org2
AH,EX_tdchola(e)__Org2,rxn,Org2
AH,tdchola[e]__Org2,met,Org2
AH,tdchola_m,met,Org2
AH,EX_thm(e)__Org2,rxn,Org2
AH,thm[e]__Org2,met,Org2
AH,thm_m,met,Org2
AH,EX_trp_L(e)__Org2,rxn,Org2
AH,trp_L[e]__Org2,met,Org2
AH,trp_L_m,met,Org2
AH,EX_ura(e)__Org2,rxn,Org2
AH,ura[e]__Org2,met,Org2
AH,ura_m,met,Org2
AH,EX_val_L(e)__Org2,rxn,Org2
AH,val_L[e]__Org2,met,Org2
AH,val_L_m,met,Org2
AH,EX_xan(e)__Org2,rxn,Org2
AH,xan[e]__Org2,met,Org2
AH,xan_m,met,Org2
AH,EX_xyl_D(e)__Org2,rxn,Org2
AH,xyl_D[e]__Org2,met,Org2
AH,xyl_D_m,met,Org2
AH,EX_zn2(e)__Org2,rxn,Org2
AH,zn2[e]__Org2,met,Org2
AH,zn2_m,met,Org2
AH,FACOAL140__Org2,rxn,Org2
AH,ttdca[c]__Org2,met,Org2
AH,amp[c]__Org2,met,Org2
AH,atp[c]__Org2,met,Org2
AH,coa[c]__Org2,met,Org2
AH,ppi[c]__Org2,met,Org2
AH,tdcoa[c]__Org2,met,Org2
AH,FACOAL160i__Org2,rxn,Org2
AH,hdca[c]__Org2,met,Org2
AH,amp[c]__Org2,met,Org2
AH,atp[c]__Org2,met,Org2
AH,coa[c]__Org2,met,Org2
AH,pmtcoa[c]__Org2,met,Org2
AH,ppi[c]__Org2,met,Org2
AH,FACOAL161__Org2,rxn,Org2
AH,hdcea[c]__Org2,met,Org2
AH,hdcoa[c]__Org2,met,Org2
AH,amp[c]__Org2,met,Org2
AH,atp[c]__Org2,met,Org2
AH,coa[c]__Org2,met,Org2
AH,ppi[c]__Org2,met,Org2
AH,FACOAL180i__Org2,rxn,Org2
AH,ocdca[c]__Org2,met,Org2
AH,amp[c]__Org2,met,Org2
AH,atp[c]__Org2,met,Org2
AH,coa[c]__Org2,met,Org2
AH,ppi[c]__Org2,met,Org2
AH,stcoa[c]__Org2,met,Org2
AH,FACOAL181i__Org2,rxn,Org2
AH,ocdcea[c]__Org2,met,Org2
AH,odecoa[c]__Org2,met,Org2
AH,amp[c]__Org2,met,Org2
AH,atp[c]__Org2,met,Org2
AH,coa[c]__Org2,met,Org2
AH,ppi[c]__Org2,met,Org2
AH,FACOALAI15__Org2,rxn,Org2
AH,fa4[c]__Org2,met,Org2
AH,aipdcoa[c]__Org2,met,Org2
AH,amp[c]__Org2,met,Org2
AH,atp[c]__Org2,met,Org2
AH,coa[c]__Org2,met,Org2
AH,ppi[c]__Org2,met,Org2
AH,FACOALAI17__Org2,rxn,Org2
AH,fa12[c]__Org2,met,Org2
AH,aihpdcoa[c]__Org2,met,Org2
AH,amp[c]__Org2,met,Org2
AH,atp[c]__Org2,met,Org2
AH,coa[c]__Org2,met,Org2
AH,ppi[c]__Org2,met,Org2
AH,FACOALI14__Org2,rxn,Org2
AH,fa1[c]__Org2,met,Org2
AH,amp[c]__Org2,met,Org2
AH,atp[c]__Org2,met,Org2
AH,coa[c]__Org2,met,Org2
AH,itdcoa[c]__Org2,met,Org2
AH,ppi[c]__Org2,met,Org2
AH,FACOALI15__Org2,rxn,Org2
AH,fa3[c]__Org2,met,Org2
AH,amp[c]__Org2,met,Org2
AH,atp[c]__Org2,met,Org2
AH,coa[c]__Org2,met,Org2
AH,ipdcoa[c]__Org2,met,Org2
AH,ppi[c]__Org2,met,Org2
AH,FACOALI16__Org2,rxn,Org2
AH,fa6[c]__Org2,met,Org2
AH,amp[c]__Org2,met,Org2
AH,atp[c]__Org2,met,Org2
AH,coa[c]__Org2,met,Org2
AH,ihdcoa[c]__Org2,met,Org2
AH,ppi[c]__Org2,met,Org2
AH,FACOALI17__Org2,rxn,Org2
AH,fa11[c]__Org2,met,Org2
AH,amp[c]__Org2,met,Org2
AH,atp[c]__Org2,met,Org2
AH,coa[c]__Org2,met,Org2
AH,ihpdcoa[c]__Org2,met,Org2
AH,ppi[c]__Org2,met,Org2
AH,FBA__Org2,rxn,Org2
AH,fdp[c]__Org2,met,Org2
AH,dhap[c]__Org2,met,Org2
AH,g3p[c]__Org2,met,Org2
AH,FBA2__Org2,rxn,Org2
AH,f1p[c]__Org2,met,Org2
AH,dhap[c]__Org2,met,Org2
AH,glyald[c]__Org2,met,Org2
AH,FBA3__Org2,rxn,Org2
AH,s17bp[c]__Org2,met,Org2
AH,dhap[c]__Org2,met,Org2
AH,e4p[c]__Org2,met,Org2
AH,FBP__Org2,rxn,Org2
AH,f6p[c]__Org2,met,Org2
AH,fdp[c]__Org2,met,Org2
AH,h2o[c]__Org2,met,Org2
AH,pi[c]__Org2,met,Org2
AH,FDNADOX_H__Org2,rxn,Org2
AH,fdxox[c]__Org2,met,Org2
AH,fdxrd[c]__Org2,met,Org2
AH,h[e]__Org2,met,Org2
AH,nad[c]__Org2,met,Org2
AH,nadh[c]__Org2,met,Org2
AH,FE2abc__Org2,rxn,Org2
AH,fe2[c]__Org2,met,Org2
AH,adp[c]__Org2,met,Org2
AH,atp[c]__Org2,met,Org2
AH,fe2[e]__Org2,met,Org2
AH,h2o[c]__Org2,met,Org2
AH,h[c]__Org2,met,Org2
AH,pi[c]__Org2,met,Org2
AH,FE3abc__Org2,rxn,Org2
AH,fe3[c]__Org2,met,Org2
AH,adp[c]__Org2,met,Org2
AH,atp[c]__Org2,met,Org2
AH,fe3[e]__Org2,met,Org2
AH,h2o[c]__Org2,met,Org2
AH,h[c]__Org2,met,Org2
AH,pi[c]__Org2,met,Org2
AH,FMNAT__Org2,rxn,Org2
AH,atp[c]__Org2,met,Org2
AH,fad[c]__Org2,met,Org2
AH,fmn[c]__Org2,met,Org2
AH,h[c]__Org2,met,Org2
AH,ppi[c]__Org2,met,Org2
AH,FOLABCCte__Org2,rxn,Org2
AH,adp[c]__Org2,met,Org2
AH,atp[c]__Org2,met,Org2
AH,fol[c]__Org2,met,Org2
AH,fol[e]__Org2,met,Org2
AH,h2o[c]__Org2,met,Org2
AH,h[c]__Org2,met,Org2
AH,pi[c]__Org2,met,Org2
AH,FOLD3__Org2,rxn,Org2
AH,2ahhmd[c]__Org2,met,Org2
AH,4abz[c]__Org2,met,Org2
AH,dhpt[c]__Org2,met,Org2
AH,ppi[c]__Org2,met,Org2
AH,FORt__Org2,rxn,Org2
AH,for[c]__Org2,met,Org2
AH,for[e]__Org2,met,Org2
AH,FPGS__Org2,rxn,Org2
AH,5thf[c]__Org2,met,Org2
AH,adp[c]__Org2,met,Org2
AH,atp[c]__Org2,met,Org2
AH,glu_L[c]__Org2,met,Org2
AH,h2o[c]__Org2,met,Org2
AH,h[c]__Org2,met,Org2
AH,pi[c]__Org2,met,Org2
AH,thf[c]__Org2,met,Org2
AH,FPGS7__Org2,rxn,Org2
AH,10fthf5glu[c]__Org2,met,Org2
AH,10fthf[c]__Org2,met,Org2
AH,adp[c]__Org2,met,Org2
AH,atp[c]__Org2,met,Org2
AH,glu_L[c]__Org2,met,Org2
AH,h2o[c]__Org2,met,Org2
AH,h[c]__Org2,met,Org2
AH,pi[c]__Org2,met,Org2
AH,FPGS_tm__Org2,rxn,Org2
AH,thfglu[c]__Org2,met,Org2
AH,adp[c]__Org2,met,Org2
AH,atp[c]__Org2,met,Org2
AH,glu_L[c]__Org2,met,Org2
AH,h[c]__Org2,met,Org2
AH,pi[c]__Org2,met,Org2
AH,thf[c]__Org2,met,Org2
AH,FRD7__Org2,rxn,Org2
AH,q8[c]__Org2,met,Org2
AH,q8h2[c]__Org2,met,Org2
AH,succ[c]__Org2,met,Org2
AH,fum[c]__Org2,met,Org2
AH,FRTT__Org2,rxn,Org2
AH,frdp[c]__Org2,met,Org2
AH,ggdp[c]__Org2,met,Org2
AH,ipdp[c]__Org2,met,Org2
AH,ppi[c]__Org2,met,Org2
AH,FRUK__Org2,rxn,Org2
AH,adp[c]__Org2,met,Org2
AH,atp[c]__Org2,met,Org2
AH,f1p[c]__Org2,met,Org2
AH,fdp[c]__Org2,met,Org2
AH,h[c]__Org2,met,Org2
AH,FRUpts__Org2,rxn,Org2
AH,f1p[c]__Org2,met,Org2
AH,fru[e]__Org2,met,Org2
AH,pep[c]__Org2,met,Org2
AH,pyr[c]__Org2,met,Org2
AH,FTHFCL__Org2,rxn,Org2
AH,5fthf[c]__Org2,met,Org2
AH,methf[c]__Org2,met,Org2
AH,adp[c]__Org2,met,Org2
AH,atp[c]__Org2,met,Org2
AH,pi[c]__Org2,met,Org2
AH,FTHFL__Org2,rxn,Org2
AH,10fthf[c]__Org2,met,Org2
AH,adp[c]__Org2,met,Org2
AH,atp[c]__Org2,met,Org2
AH,for[c]__Org2,met,Org2
AH,pi[c]__Org2,met,Org2
AH,thf[c]__Org2,met,Org2
AH,FUM__Org2,rxn,Org2
AH,mal_L[c]__Org2,met,Org2
AH,fum[c]__Org2,met,Org2
AH,h2o[c]__Org2,met,Org2
AH,G1PACT__Org2,rxn,Org2
AH,acgam1p[c]__Org2,met,Org2
AH,gam1p[c]__Org2,met,Org2
AH,accoa[c]__Org2,met,Org2
AH,coa[c]__Org2,met,Org2
AH,h[c]__Org2,met,Org2
AH,G1PTT__Org2,rxn,Org2
AH,dtdpglu[c]__Org2,met,Org2
AH,g1p[c]__Org2,met,Org2
AH,dttp[c]__Org2,met,Org2
AH,h[c]__Org2,met,Org2
AH,ppi[c]__Org2,met,Org2
AH,G1SAT__Org2,rxn,Org2
AH,5aop[c]__Org2,met,Org2
AH,glu1sa[c]__Org2,met,Org2
AH,G3PAT120__Org2,rxn,Org2
AH,glyc3p[c]__Org2,met,Org2
AH,1ddecg3p[c]__Org2,met,Org2
AH,ACP[c]__Org2,met,Org2
AH,ddcaACP[c]__Org2,met,Org2
AH,G3PAT140__Org2,rxn,Org2
AH,1tdecg3p[c]__Org2,met,Org2
AH,ACP[c]__Org2,met,Org2
AH,glyc3p[c]__Org2,met,Org2
AH,myrsACP[c]__Org2,met,Org2
AH,G3PAT141__Org2,rxn,Org2
AH,1tdec7eg3p[c]__Org2,met,Org2
AH,ACP[c]__Org2,met,Org2
AH,glyc3p[c]__Org2,met,Org2
AH,tdeACP[c]__Org2,met,Org2
AH,G3PAT160__Org2,rxn,Org2
AH,1hdecg3p[c]__Org2,met,Org2
AH,ACP[c]__Org2,met,Org2
AH,glyc3p[c]__Org2,met,Org2
AH,palmACP[c]__Org2,met,Org2
AH,G3PAT161__Org2,rxn,Org2
AH,1hdec9eg3p[c]__Org2,met,Org2
AH,ACP[c]__Org2,met,Org2
AH,glyc3p[c]__Org2,met,Org2
AH,hdeACP[c]__Org2,met,Org2
AH,G3PAT180__Org2,rxn,Org2
AH,1odecg3p[c]__Org2,met,Org2
AH,ACP[c]__Org2,met,Org2
AH,glyc3p[c]__Org2,met,Org2
AH,ocdcaACP[c]__Org2,met,Org2
AH,G3PAT181__Org2,rxn,Org2
AH,1odec11eg3p[c]__Org2,met,Org2
AH,ACP[c]__Org2,met,Org2
AH,glyc3p[c]__Org2,met,Org2
AH,octeACP[c]__Org2,met,Org2
AH,G3PATAI15__Org2,rxn,Org2
AH,1aipdecg3p[c]__Org2,met,Org2
AH,aipdcoa[c]__Org2,met,Org2
AH,coa[c]__Org2,met,Org2
AH,glyc3p[c]__Org2,met,Org2
AH,h[c]__Org2,met,Org2
AH,G3PATAI17__Org2,rxn,Org2
AH,1aihpdecg3p[c]__Org2,met,Org2
AH,aihpdcoa[c]__Org2,met,Org2
AH,coa[c]__Org2,met,Org2
AH,glyc3p[c]__Org2,met,Org2
AH,G3PATI14__Org2,rxn,Org2
AH,1itdecg3p[c]__Org2,met,Org2
AH,coa[c]__Org2,met,Org2
AH,glyc3p[c]__Org2,met,Org2
AH,h[c]__Org2,met,Org2
AH,itdcoa[c]__Org2,met,Org2
AH,G3PATI15__Org2,rxn,Org2
AH,1ipdecg3p[c]__Org2,met,Org2
AH,coa[c]__Org2,met,Org2
AH,glyc3p[c]__Org2,met,Org2
AH,h[c]__Org2,met,Org2
AH,ipdcoa[c]__Org2,met,Org2
AH,G3PATI16__Org2,rxn,Org2
AH,1ihdecg3p[c]__Org2,met,Org2
AH,coa[c]__Org2,met,Org2
AH,glyc3p[c]__Org2,met,Org2
AH,h[c]__Org2,met,Org2
AH,ihdcoa[c]__Org2,met,Org2
AH,G3PATI17__Org2,rxn,Org2
AH,1ihpdecg3p[c]__Org2,met,Org2
AH,coa[c]__Org2,met,Org2
AH,glyc3p[c]__Org2,met,Org2
AH,ihpdcoa[c]__Org2,met,Org2
AH,G3PCT__Org2,rxn,Org2
AH,cdpglyc[c]__Org2,met,Org2
AH,ctp[c]__Org2,met,Org2
AH,glyc3p[c]__Org2,met,Org2
AH,h[c]__Org2,met,Org2
AH,ppi[c]__Org2,met,Org2
AH,G3PD1__Org2,rxn,Org2
AH,dhap[c]__Org2,met,Org2
AH,glyc3p[c]__Org2,met,Org2
AH,h[c]__Org2,met,Org2
AH,nad[c]__Org2,met,Org2
AH,nadh[c]__Org2,met,Org2
AH,G3PD2__Org2,rxn,Org2
AH,dhap[c]__Org2,met,Org2
AH,glyc3p[c]__Org2,met,Org2
AH,h[c]__Org2,met,Org2
AH,nadp[c]__Org2,met,Org2
AH,nadph[c]__Org2,met,Org2
AH,G5SADs__Org2,rxn,Org2
AH,1pyr5c[c]__Org2,met,Org2
AH,glu5sa[c]__Org2,met,Org2
AH,h2o[c]__Org2,met,Org2
AH,h[c]__Org2,met,Org2
AH,G5SDr__Org2,rxn,Org2
AH,glu5p[c]__Org2,met,Org2
AH,glu5sa[c]__Org2,met,Org2
AH,h[c]__Org2,met,Org2
AH,nadp[c]__Org2,met,Org2
AH,nadph[c]__Org2,met,Org2
AH,pi[c]__Org2,met,Org2
AH,G6PDA__Org2,rxn,Org2
AH,f6p[c]__Org2,met,Org2
AH,gam6p[c]__Org2,met,Org2
AH,h2o[c]__Org2,met,Org2
AH,nh4[c]__Org2,met,Org2
AH,G6PI__Org2,rxn,Org2
AH,g6p[c]__Org2,met,Org2
AH,g6p_B[c]__Org2,met,Org2
AH,G6PI3__Org2,rxn,Org2
AH,f6p[c]__Org2,met,Org2
AH,g6p_B[c]__Org2,met,Org2
AH,GALASE_LACTL__Org2,rxn,Org2
AH,fru[c]__Org2,met,Org2
AH,gal[c]__Org2,met,Org2
AH,lactl[c]__Org2,met,Org2
AH,h2o[c]__Org2,met,Org2
AH,GALK__Org2,rxn,Org2
AH,gal1p[c]__Org2,met,Org2
AH,adp[c]__Org2,met,Org2
AH,atp[c]__Org2,met,Org2
AH,gal[c]__Org2,met,Org2
AH,h[c]__Org2,met,Org2
AH,GALM1r__Org2,rxn,Org2
AH,glc_bD[c]__Org2,met,Org2
AH,glc_D[c]__Org2,met,Org2
AH,GALT__Org2,rxn,Org2
AH,udpgal[c]__Org2,met,Org2
AH,gal1p[c]__Org2,met,Org2
AH,h[c]__Org2,met,Org2
AH,ppi[c]__Org2,met,Org2
AH,utp[c]__Org2,met,Org2
AH,GALabc__Org2,rxn,Org2
AH,adp[c]__Org2,met,Org2
AH,atp[c]__Org2,met,Org2
AH,gal[c]__Org2,met,Org2
AH,gal[e]__Org2,met,Org2
AH,h2o[c]__Org2,met,Org2
AH,h[c]__Org2,met,Org2
AH,pi[c]__Org2,met,Org2
AH,GALt1r__Org2,rxn,Org2
AH,gal[c]__Org2,met,Org2
AH,gal[e]__Org2,met,Org2
AH,GAPD__Org2,rxn,Org2
AH,13dpg[c]__Org2,met,Org2
AH,g3p[c]__Org2,met,Org2
AH,h[c]__Org2,met,Org2
AH,nad[c]__Org2,met,Org2
AH,nadh[c]__Org2,met,Org2
AH,pi[c]__Org2,met,Org2
AH,GARFTi__Org2,rxn,Org2
AH,fgam[c]__Org2,met,Org2
AH,gar[c]__Org2,met,Org2
AH,10fthf[c]__Org2,met,Org2
AH,h[c]__Org2,met,Org2
AH,thf[c]__Org2,met,Org2
AH,GCDCHOLBHSe__Org2,rxn,Org2
AH,C02528[e]__Org2,met,Org2
AH,dgchol[e]__Org2,met,Org2
AH,gly[e]__Org2,met,Org2
AH,h2o[e]__Org2,met,Org2
AH,h[e]__Org2,met,Org2
AH,GCHOLBHSe__Org2,rxn,Org2
AH,cholate[e]__Org2,met,Org2
AH,gchola[e]__Org2,met,Org2
AH,gly[e]__Org2,met,Org2
AH,h2o[e]__Org2,met,Org2
AH,h[e]__Org2,met,Org2
AH,GF6PTA__Org2,rxn,Org2
AH,f6p[c]__Org2,met,Org2
AH,gam6p[c]__Org2,met,Org2
AH,gln_L[c]__Org2,met,Org2
AH,glu_L[c]__Org2,met,Org2
AH,GGTT__Org2,rxn,Org2
AH,pendp[c]__Org2,met,Org2
AH,ggdp[c]__Org2,met,Org2
AH,ipdp[c]__Org2,met,Org2
AH,ppi[c]__Org2,met,Org2
AH,GHMT2r__Org2,rxn,Org2
AH,mlthf[c]__Org2,met,Org2
AH,gly[c]__Org2,met,Org2
AH,h2o[c]__Org2,met,Org2
AH,ser_L[c]__Org2,met,Org2
AH,thf[c]__Org2,met,Org2
AH,GK1__Org2,rxn,Org2
AH,adp[c]__Org2,met,Org2
AH,atp[c]__Org2,met,Org2
AH,gdp[c]__Org2,met,Org2
AH,gmp[c]__Org2,met,Org2
AH,GK2__Org2,rxn,Org2
AH,dadp[c]__Org2,met,Org2
AH,datp[c]__Org2,met,Org2
AH,gdp[c]__Org2,met,Org2
AH,gmp[c]__Org2,met,Org2
AH,GLCP3__Org2,rxn,Org2
AH,glycogen[c]__Org2,met,Org2
AH,glycogenb[c]__Org2,met,Org2
AH,g1p[c]__Org2,met,Org2
AH,h[c]__Org2,met,Org2
AH,pi[c]__Org2,met,Org2
AH,GLCS3__Org2,rxn,Org2
AH,adpglc[c]__Org2,met,Org2
AH,adp[c]__Org2,met,Org2
AH,glycogen[c]__Org2,met,Org2
AH,glycogenb[c]__Org2,met,Org2
AH,GLCabc__Org2,rxn,Org2
AH,adp[c]__Org2,met,Org2
AH,atp[c]__Org2,met,Org2
AH,glc_D[c]__Org2,met,Org2
AH,glc_D[e]__Org2,met,Org2
AH,h2o[c]__Org2,met,Org2
AH,h[c]__Org2,met,Org2
AH,pi[c]__Org2,met,Org2
AH,GLGC__Org2,rxn,Org2
AH,adpglc[c]__Org2,met,Org2
AH,atp[c]__Org2,met,Org2
AH,g1p[c]__Org2,met,Org2
AH,h[c]__Org2,met,Org2
AH,ppi[c]__Org2,met,Org2
AH,GLNS__Org2,rxn,Org2
AH,adp[c]__Org2,met,Org2
AH,atp[c]__Org2,met,Org2
AH,gln_L[c]__Org2,met,Org2
AH,glu_L[c]__Org2,met,Org2
AH,h[c]__Org2,met,Org2
AH,nh4[c]__Org2,met,Org2
AH,pi[c]__Org2,met,Org2
AH,GLNSP1__Org2,rxn,Org2
AH,uaaAgla[c]__Org2,met,Org2
AH,uaaAgtla[c]__Org2,met,Org2
AH,adp[c]__Org2,met,Org2
AH,atp[c]__Org2,met,Org2
AH,h[c]__Org2,met,Org2
AH,nh4[c]__Org2,met,Org2
AH,pi[c]__Org2,met,Org2
AH,GLNSP2__Org2,rxn,Org2
AH,uaaGgla[c]__Org2,met,Org2
AH,uaaGgtla[c]__Org2,met,Org2
AH,adp[c]__Org2,met,Org2
AH,atp[c]__Org2,met,Org2
AH,h[c]__Org2,met,Org2
AH,nh4[c]__Org2,met,Org2
AH,pi[c]__Org2,met,Org2
AH,GLNSP3__Org2,rxn,Org2
AH,uaagmda[c]__Org2,met,Org2
AH,uaagtmda[c]__Org2,met,Org2
AH,adp[c]__Org2,met,Org2
AH,atp[c]__Org2,met,Org2
AH,h[c]__Org2,met,Org2
AH,nh4[c]__Org2,met,Org2
AH,pi[c]__Org2,met,Org2
AH,GLTPD__Org2,rxn,Org2
AH,galt1p[c]__Org2,met,Org2
AH,tag6p_D[c]__Org2,met,Org2
AH,h[c]__Org2,met,Org2
AH,nad[c]__Org2,met,Org2
AH,nadh[c]__Org2,met,Org2
AH,GLU5K__Org2,rxn,Org2
AH,adp[c]__Org2,met,Org2
AH,atp[c]__Org2,met,Org2
AH,glu5p[c]__Org2,met,Org2
AH,glu_L[c]__Org2,met,Org2
AH,GLUDy__Org2,rxn,Org2
AH,akg[c]__Org2,met,Org2
AH,glu_L[c]__Org2,met,Org2
AH,h2o[c]__Org2,met,Org2
AH,h[c]__Org2,met,Org2
AH,nadp[c]__Org2,met,Org2
AH,nadph[c]__Org2,met,Org2
AH,nh4[c]__Org2,met,Org2
AH,GLUOX__Org2,rxn,Org2
AH,akg[c]__Org2,met,Org2
AH,gln_L[c]__Org2,met,Org2
AH,glu_L[c]__Org2,met,Org2
AH,h[c]__Org2,met,Org2
AH,nadp[c]__Org2,met,Org2
AH,nadph[c]__Org2,met,Org2
AH,GLUPRT__Org2,rxn,Org2
AH,pram[c]__Org2,met,Org2
AH,gln_L[c]__Org2,met,Org2
AH,glu_L[c]__Org2,met,Org2
AH,h2o[c]__Org2,met,Org2
AH,ppi[c]__Org2,met,Org2
AH,prpp[c]__Org2,met,Org2
AH,GLUR__Org2,rxn,Org2
AH,glu_D[c]__Org2,met,Org2
AH,glu_L[c]__Org2,met,Org2
AH,GLUSx__Org2,rxn,Org2
AH,akg[c]__Org2,met,Org2
AH,gln_L[c]__Org2,met,Org2
AH,glu_L[c]__Org2,met,Org2
AH,h[c]__Org2,met,Org2
AH,nad[c]__Org2,met,Org2
AH,nadh[c]__Org2,met,Org2
AH,GLUSy__Org2,rxn,Org2
AH,akg[c]__Org2,met,Org2
AH,gln_L[c]__Org2,met,Org2
AH,glu_L[c]__Org2,met,Org2
AH,h[c]__Org2,met,Org2
AH,nadp[c]__Org2,met,Org2
AH,nadph[c]__Org2,met,Org2
AH,GLUTRR__Org2,rxn,Org2
AH,glutrna[c]__Org2,met,Org2
AH,trnaglu[c]__Org2,met,Org2
AH,glu1sa[c]__Org2,met,Org2
AH,h[c]__Org2,met,Org2
AH,nadp[c]__Org2,met,Org2
AH,nadph[c]__Org2,met,Org2
AH,GLUTRS__Org2,rxn,Org2
AH,amp[c]__Org2,met,Org2
AH,atp[c]__Org2,met,Org2
AH,glu_L[c]__Org2,met,Org2
AH,glutrna[c]__Org2,met,Org2
AH,ppi[c]__Org2,met,Org2
AH,trnaglu[c]__Org2,met,Org2
AH,GLUt2r__Org2,rxn,Org2
AH,glu_L[c]__Org2,met,Org2
AH,glu_L[e]__Org2,met,Org2
AH,h[c]__Org2,met,Org2
AH,h[e]__Org2,met,Org2
AH,GLYASN1c__Org2,rxn,Org2
AH,glyasn[c]__Org2,met,Org2
AH,asn_L[c]__Org2,met,Org2
AH,gly[c]__Org2,met,Org2
AH,h2o[c]__Org2,met,Org2
AH,GLYASNabc__Org2,rxn,Org2
AH,adp[c]__Org2,met,Org2
AH,atp[c]__Org2,met,Org2
AH,glyasn[c]__Org2,met,Org2
AH,glyasn[e]__Org2,met,Org2
AH,h2o[c]__Org2,met,Org2
AH,h[c]__Org2,met,Org2
AH,pi[c]__Org2,met,Org2
AH,GLYASP1c__Org2,rxn,Org2
AH,glyasp[c]__Org2,met,Org2
AH,asp_L[c]__Org2,met,Org2
AH,gly[c]__Org2,met,Org2
AH,h2o[c]__Org2,met,Org2
AH,GLYASPabc__Org2,rxn,Org2
AH,adp[c]__Org2,met,Org2
AH,atp[c]__Org2,met,Org2
AH,glyasp[c]__Org2,met,Org2
AH,glyasp[e]__Org2,met,Org2
AH,h2o[c]__Org2,met,Org2
AH,h[c]__Org2,met,Org2
AH,pi[c]__Org2,met,Org2
AH,GLYCDH__Org2,rxn,Org2
AH,3hppnl[c]__Org2,met,Org2
AH,glyc[c]__Org2,met,Org2
AH,h2o[c]__Org2,met,Org2
AH,GLYCDx__Org2,rxn,Org2
AH,dha[c]__Org2,met,Org2
AH,glyc[c]__Org2,met,Org2
AH,h[c]__Org2,met,Org2
AH,nad[c]__Org2,met,Org2
AH,nadh[c]__Org2,met,Org2
AH,GLYCYSabc__Org2,rxn,Org2
AH,adp[c]__Org2,met,Org2
AH,atp[c]__Org2,met,Org2
AH,glycys[c]__Org2,met,Org2
AH,glycys[e]__Org2,met,Org2
AH,h2o[c]__Org2,met,Org2
AH,h[c]__Org2,met,Org2
AH,pi[c]__Org2,met,Org2
AH,GLYCt__Org2,rxn,Org2
AH,glyc[c]__Org2,met,Org2
AH,glyc[e]__Org2,met,Org2
AH,GLYGLN1c__Org2,rxn,Org2
AH,glygln[c]__Org2,met,Org2
AH,gln_L[c]__Org2,met,Org2
AH,gly[c]__Org2,met,Org2
AH,h2o[c]__Org2,met,Org2
AH,GLYGLNabc__Org2,rxn,Org2
AH,adp[c]__Org2,met,Org2
AH,atp[c]__Org2,met,Org2
AH,glygln[c]__Org2,met,Org2
AH,glygln[e]__Org2,met,Org2
AH,h2o[c]__Org2,met,Org2
AH,h[c]__Org2,met,Org2
AH,pi[c]__Org2,met,Org2
AH,GLYGLU1c__Org2,rxn,Org2
AH,glyglu[c]__Org2,met,Org2
AH,glu_L[c]__Org2,met,Org2
AH,gly[c]__Org2,met,Org2
AH,h2o[c]__Org2,met,Org2
AH,GLYGLUabc__Org2,rxn,Org2
AH,adp[c]__Org2,met,Org2
AH,atp[c]__Org2,met,Org2
AH,glyglu[c]__Org2,met,Org2
AH,glyglu[e]__Org2,met,Org2
AH,h2o[c]__Org2,met,Org2
AH,h[c]__Org2,met,Org2
AH,pi[c]__Org2,met,Org2
AH,GLYH__Org2,rxn,Org2
AH,lald_L[c]__Org2,met,Org2
AH,glyc[c]__Org2,met,Org2
AH,h2o[c]__Org2,met,Org2
AH,GLYK__Org2,rxn,Org2
AH,adp[c]__Org2,met,Org2
AH,atp[c]__Org2,met,Org2
AH,glyc3p[c]__Org2,met,Org2
AH,glyc[c]__Org2,met,Org2
AH,h[c]__Org2,met,Org2
AH,GLYLEUHYDROc__Org2,rxn,Org2
AH,glyleu[c]__Org2,met,Org2
AH,gly[c]__Org2,met,Org2
AH,h2o[c]__Org2,met,Org2
AH,leu_L[c]__Org2,met,Org2
AH,GLYLEUPEPT1tc__Org2,rxn,Org2
AH,glyleu[c]__Org2,met,Org2
AH,glyleu[e]__Org2,met,Org2
AH,h[c]__Org2,met,Org2
AH,h[e]__Org2,met,Org2
AH,GLYMET1c__Org2,rxn,Org2
AH,glymet[c]__Org2,met,Org2
AH,gly[c]__Org2,met,Org2
AH,h2o[c]__Org2,met,Org2
AH,met_L[c]__Org2,met,Org2
AH,GLYMETabc__Org2,rxn,Org2
AH,adp[c]__Org2,met,Org2
AH,atp[c]__Org2,met,Org2
AH,glymet[c]__Org2,met,Org2
AH,glymet[e]__Org2,met,Org2
AH,h2o[c]__Org2,met,Org2
AH,h[c]__Org2,met,Org2
AH,pi[c]__Org2,met,Org2
AH,GLYOX__Org2,rxn,Org2
AH,gthrd[c]__Org2,met,Org2
AH,lgt_S[c]__Org2,met,Org2
AH,h2o[c]__Org2,met,Org2
AH,h[c]__Org2,met,Org2
AH,lac_D[c]__Org2,met,Org2
AH,GLYPHEHYc__Org2,rxn,Org2
AH,glyphe[c]__Org2,met,Org2
AH,phe_L[c]__Org2,met,Org2
AH,gly[c]__Org2,met,Org2
AH,h2o[c]__Org2,met,Org2
AH,GLYPHEabc__Org2,rxn,Org2
AH,adp[c]__Org2,met,Org2
AH,atp[c]__Org2,met,Org2
AH,glyphe[c]__Org2,met,Org2
AH,glyphe[e]__Org2,met,Org2
AH,h2o[c]__Org2,met,Org2
AH,h[c]__Org2,met,Org2
AH,pi[c]__Org2,met,Org2
AH,GLYPROPRO1c__Org2,rxn,Org2
AH,glypro[c]__Org2,met,Org2
AH,pro_L[c]__Org2,met,Org2
AH,gly[c]__Org2,met,Org2
AH,h2o[c]__Org2,met,Org2
AH,GLYPROabc__Org2,rxn,Org2
AH,adp[c]__Org2,met,Org2
AH,atp[c]__Org2,met,Org2
AH,glypro[c]__Org2,met,Org2
AH,glypro[e]__Org2,met,Org2
AH,h2o[c]__Org2,met,Org2
AH,h[c]__Org2,met,Org2
AH,pi[c]__Org2,met,Org2
AH,GLYTYR1c__Org2,rxn,Org2
AH,glytyr[c]__Org2,met,Org2
AH,gly[c]__Org2,met,Org2
AH,h2o[c]__Org2,met,Org2
AH,tyr_L[c]__Org2,met,Org2
AH,GLYTYRabc__Org2,rxn,Org2
AH,adp[c]__Org2,met,Org2
AH,atp[c]__Org2,met,Org2
AH,glytyr[c]__Org2,met,Org2
AH,glytyr[e]__Org2,met,Org2
AH,h2o[c]__Org2,met,Org2
AH,h[c]__Org2,met,Org2
AH,pi[c]__Org2,met,Org2
AH,GMPS2__Org2,rxn,Org2
AH,xmp[c]__Org2,met,Org2
AH,amp[c]__Org2,met,Org2
AH,atp[c]__Org2,met,Org2
AH,gln_L[c]__Org2,met,Org2
AH,glu_L[c]__Org2,met,Org2
AH,gmp[c]__Org2,met,Org2
AH,h2o[c]__Org2,met,Org2
AH,h[c]__Org2,met,Org2
AH,ppi[c]__Org2,met,Org2
AH,GRTT__Org2,rxn,Org2
AH,frdp[c]__Org2,met,Org2
AH,grdp[c]__Org2,met,Org2
AH,ipdp[c]__Org2,met,Org2
AH,ppi[c]__Org2,met,Org2
AH,GTPCI__Org2,rxn,Org2
AH,ahdt[c]__Org2,met,Org2
AH,for[c]__Org2,met,Org2
AH,gtp[c]__Org2,met,Org2
AH,h2o[c]__Org2,met,Org2
AH,h[c]__Org2,met,Org2
AH,GTPCII__Org2,rxn,Org2
AH,25dhpp[c]__Org2,met,Org2
AH,for[c]__Org2,met,Org2
AH,gtp[c]__Org2,met,Org2
AH,h2o[c]__Org2,met,Org2
AH,h[c]__Org2,met,Org2
AH,ppi[c]__Org2,met,Org2
AH,GTPCII2__Org2,rxn,Org2
AH,25drapp[c]__Org2,met,Org2
AH,for[c]__Org2,met,Org2
AH,gtp[c]__Org2,met,Org2
AH,h2o[c]__Org2,met,Org2
AH,h[c]__Org2,met,Org2
AH,ppi[c]__Org2,met,Org2
AH,GTPDPK__Org2,rxn,Org2
AH,gdptp[c]__Org2,met,Org2
AH,amp[c]__Org2,met,Org2
AH,atp[c]__Org2,met,Org2
AH,gtp[c]__Org2,met,Org2
AH,h[c]__Org2,met,Org2
AH,GUAPRT__Org2,rxn,Org2
AH,gua[c]__Org2,met,Org2
AH,gmp[c]__Org2,met,Org2
AH,ppi[c]__Org2,met,Org2
AH,prpp[c]__Org2,met,Org2
AH,H2Ot__Org2,rxn,Org2
AH,h2o[c]__Org2,met,Org2
AH,h2o[e]__Org2,met,Org2
AH,H2td__Org2,rxn,Org2
AH,h2[c]__Org2,met,Org2
AH,h2[e]__Org2,met,Org2
AH,HACD1__Org2,rxn,Org2
AH,3hbcoa[c]__Org2,met,Org2
AH,aacoa[c]__Org2,met,Org2
AH,h[c]__Org2,met,Org2
AH,nad[c]__Org2,met,Org2
AH,nadh[c]__Org2,met,Org2
AH,HACD2__Org2,rxn,Org2
AH,3hhcoa[c]__Org2,met,Org2
AH,3ohcoa[c]__Org2,met,Org2
AH,h[c]__Org2,met,Org2
AH,nad[c]__Org2,met,Org2
AH,nadh[c]__Org2,met,Org2
AH,HACD3__Org2,rxn,Org2
AH,3hocoa[c]__Org2,met,Org2
AH,3oocoa[c]__Org2,met,Org2
AH,h[c]__Org2,met,Org2
AH,nad[c]__Org2,met,Org2
AH,nadh[c]__Org2,met,Org2
AH,HACD4__Org2,rxn,Org2
AH,3hdcoa[c]__Org2,met,Org2
AH,3odcoa[c]__Org2,met,Org2
AH,h[c]__Org2,met,Org2
AH,nad[c]__Org2,met,Org2
AH,nadh[c]__Org2,met,Org2
AH,HACD5__Org2,rxn,Org2
AH,3hddcoa[c]__Org2,met,Org2
AH,3oddcoa[c]__Org2,met,Org2
AH,h[c]__Org2,met,Org2
AH,nad[c]__Org2,met,Org2
AH,nadh[c]__Org2,met,Org2
AH,HACD6__Org2,rxn,Org2
AH,3htdcoa[c]__Org2,met,Org2
AH,3otdcoa[c]__Org2,met,Org2
AH,h[c]__Org2,met,Org2
AH,nad[c]__Org2,met,Org2
AH,nadh[c]__Org2,met,Org2
AH,HACD7__Org2,rxn,Org2
AH,3hhdcoa[c]__Org2,met,Org2
AH,3ohdcoa[c]__Org2,met,Org2
AH,h[c]__Org2,met,Org2
AH,nad[c]__Org2,met,Org2
AH,nadh[c]__Org2,met,Org2
AH,HACD9__Org2,rxn,Org2
AH,2maacoa[c]__Org2,met,Org2
AH,3hmbcoa[c]__Org2,met,Org2
AH,h[c]__Org2,met,Org2
AH,nad[c]__Org2,met,Org2
AH,nadh[c]__Org2,met,Org2
AH,HADPCOADH3__Org2,rxn,Org2
AH,3hadpcoa[c]__Org2,met,Org2
AH,oxadpcoa[c]__Org2,met,Org2
AH,h[c]__Org2,met,Org2
AH,nad[c]__Org2,met,Org2
AH,nadh[c]__Org2,met,Org2
AH,HDG3PACT__Org2,rxn,Org2
AH,1hdecg3p[c]__Org2,met,Org2
AH,coa[c]__Org2,met,Org2
AH,glyc3p[c]__Org2,met,Org2
AH,ihdcoa[c]__Org2,met,Org2
AH,HETZK__Org2,rxn,Org2
AH,4mhetz[c]__Org2,met,Org2
AH,4mpetz[c]__Org2,met,Org2
AH,adp[c]__Org2,met,Org2
AH,atp[c]__Org2,met,Org2
AH,h[c]__Org2,met,Org2
AH,HEX1__Org2,rxn,Org2
AH,adp[c]__Org2,met,Org2
AH,atp[c]__Org2,met,Org2
AH,g6p[c]__Org2,met,Org2
AH,glc_D[c]__Org2,met,Org2
AH,h[c]__Org2,met,Org2
AH,HEX7__Org2,rxn,Org2
AH,adp[c]__Org2,met,Org2
AH,atp[c]__Org2,met,Org2
AH,f6p[c]__Org2,met,Org2
AH,fru[c]__Org2,met,Org2
AH,h[c]__Org2,met,Org2
AH,HEXTT__Org2,rxn,Org2
AH,hepdp[c]__Org2,met,Org2
AH,hexdp[c]__Org2,met,Org2
AH,ipdp[c]__Org2,met,Org2
AH,ppi[c]__Org2,met,Org2
AH,HEXb__Org2,rxn,Org2
AH,adp[c]__Org2,met,Org2
AH,atp[c]__Org2,met,Org2
AH,g6p_B[c]__Org2,met,Org2
AH,glc_bD[c]__Org2,met,Org2
AH,h[c]__Org2,met,Org2
AH,HG2abc__Org2,rxn,Org2
AH,hg2[c]__Org2,met,Org2
AH,adp[c]__Org2,met,Org2
AH,atp[c]__Org2,met,Org2
AH,h2o[c]__Org2,met,Org2
AH,h[c]__Org2,met,Org2
AH,hg2[e]__Org2,met,Org2
AH,pi[c]__Org2,met,Org2
AH,HIBD__Org2,rxn,Org2
AH,2mop[c]__Org2,met,Org2
AH,3hmp[c]__Org2,met,Org2
AH,h[c]__Org2,met,Org2
AH,nad[c]__Org2,met,Org2
AH,nadh[c]__Org2,met,Org2
AH,HISTD__Org2,rxn,Org2
AH,histd[c]__Org2,met,Org2
AH,h2o[c]__Org2,met,Org2
AH,h[c]__Org2,met,Org2
AH,his_L[c]__Org2,met,Org2
AH,nad[c]__Org2,met,Org2
AH,nadh[c]__Org2,met,Org2
AH,HISTDOX__Org2,rxn,Org2
AH,histl_L[c]__Org2,met,Org2
AH,h[c]__Org2,met,Org2
AH,histd[c]__Org2,met,Org2
AH,nad[c]__Org2,met,Org2
AH,nadh[c]__Org2,met,Org2
AH,HISTLOX__Org2,rxn,Org2
AH,h2o[c]__Org2,met,Org2
AH,h[c]__Org2,met,Org2
AH,his_L[c]__Org2,met,Org2
AH,histl_L[c]__Org2,met,Org2
AH,nad[c]__Org2,met,Org2
AH,nadh[c]__Org2,met,Org2
AH,HISTP__Org2,rxn,Org2
AH,hisp[c]__Org2,met,Org2
AH,h2o[c]__Org2,met,Org2
AH,histd[c]__Org2,met,Org2
AH,pi[c]__Org2,met,Org2
AH,HISt2r__Org2,rxn,Org2
AH,h[c]__Org2,met,Org2
AH,h[e]__Org2,met,Org2
AH,his_L[c]__Org2,met,Org2
AH,his_L[e]__Org2,met,Org2
AH,HMBS__Org2,rxn,Org2
AH,hmbil[c]__Org2,met,Org2
AH,ppbng[c]__Org2,met,Org2
AH,h2o[c]__Org2,met,Org2
AH,nh4[c]__Org2,met,Org2
AH,HMPK1__Org2,rxn,Org2
AH,4ahmmp[c]__Org2,met,Org2
AH,4ampm[c]__Org2,met,Org2
AH,adp[c]__Org2,met,Org2
AH,atp[c]__Org2,met,Org2
AH,h[c]__Org2,met,Org2
AH,HMPyrHsym__Org2,rxn,Org2
AH,4ahmmp[c]__Org2,met,Org2
AH,4ahmmp[e]__Org2,met,Org2
AH,h[c]__Org2,met,Org2
AH,h[e]__Org2,met,Org2
AH,HPPK__Org2,rxn,Org2
AH,2ahhmd[c]__Org2,met,Org2
AH,2ahhmp[c]__Org2,met,Org2
AH,amp[c]__Org2,met,Org2
AH,atp[c]__Org2,met,Org2
AH,h[c]__Org2,met,Org2
AH,HPPK2__Org2,rxn,Org2
AH,6hmhpt[c]__Org2,met,Org2
AH,6hmhptpp[c]__Org2,met,Org2
AH,amp[c]__Org2,met,Org2
AH,atp[c]__Org2,met,Org2
AH,h[c]__Org2,met,Org2
AH,HSDx__Org2,rxn,Org2
AH,hom_L[c]__Org2,met,Org2
AH,aspsa[c]__Org2,met,Org2
AH,h[c]__Org2,met,Org2
AH,nad[c]__Org2,met,Org2
AH,nadh[c]__Org2,met,Org2
AH,HSDy__Org2,rxn,Org2
AH,aspsa[c]__Org2,met,Org2
AH,h[c]__Org2,met,Org2
AH,hom_L[c]__Org2,met,Org2
AH,nadp[c]__Org2,met,Org2
AH,nadph[c]__Org2,met,Org2
AH,HSK__Org2,rxn,Org2
AH,phom[c]__Org2,met,Org2
AH,adp[c]__Org2,met,Org2
AH,atp[c]__Org2,met,Org2
AH,h[c]__Org2,met,Org2
AH,hom_L[c]__Org2,met,Org2
AH,HSST__Org2,rxn,Org2
AH,succoa[c]__Org2,met,Org2
AH,suchms[c]__Org2,met,Org2
AH,coa[c]__Org2,met,Org2
AH,hom_L[c]__Org2,met,Org2
AH,HSTPTr__Org2,rxn,Org2
AH,imacp[c]__Org2,met,Org2
AH,akg[c]__Org2,met,Org2
AH,glu_L[c]__Org2,met,Org2
AH,hisp[c]__Org2,met,Org2
AH,HXPRT__Org2,rxn,Org2
AH,hxan[c]__Org2,met,Org2
AH,imp[c]__Org2,met,Org2
AH,ppi[c]__Org2,met,Org2
AH,prpp[c]__Org2,met,Org2
AH,HYD4__Org2,rxn,Org2
AH,fdxox[c]__Org2,met,Org2
AH,fdxrd[c]__Org2,met,Org2
AH,h2[c]__Org2,met,Org2
AH,HYXNt__Org2,rxn,Org2
AH,hxan[c]__Org2,met,Org2
AH,hxan[e]__Org2,met,Org2
AH,IBCOATA__Org2,rxn,Org2
AH,2mpropACP[c]__Org2,met,Org2
AH,ACP[c]__Org2,met,Org2
AH,coa[c]__Org2,met,Org2
AH,ibcoa[c]__Org2,met,Org2
AH,ICDHy__Org2,rxn,Org2
AH,akg[c]__Org2,met,Org2
AH,co2[c]__Org2,met,Org2
AH,icit[c]__Org2,met,Org2
AH,nadp[c]__Org2,met,Org2
AH,nadph[c]__Org2,met,Org2
AH,IG3PS__Org2,rxn,Org2
AH,eig3p[c]__Org2,met,Org2
AH,prlp[c]__Org2,met,Org2
AH,aicar[c]__Org2,met,Org2
AH,gln_L[c]__Org2,met,Org2
AH,glu_L[c]__Org2,met,Org2
AH,h[c]__Org2,met,Org2
AH,IGPDH__Org2,rxn,Org2
AH,eig3p[c]__Org2,met,Org2
AH,h2o[c]__Org2,met,Org2
AH,imacp[c]__Org2,met,Org2
AH,IGPS__Org2,rxn,Org2
AH,2cpr5p[c]__Org2,met,Org2
AH,3ig3p[c]__Org2,met,Org2
AH,co2[c]__Org2,met,Org2
AH,h2o[c]__Org2,met,Org2
AH,h[c]__Org2,met,Org2
AH,IHDCOATA__Org2,rxn,Org2
AH,14mpentdecACP[c]__Org2,met,Org2
AH,ACP[c]__Org2,met,Org2
AH,coa[c]__Org2,met,Org2
AH,ihdcoa[c]__Org2,met,Org2
AH,IHPDCOATA__Org2,rxn,Org2
AH,15mpalmACP[c]__Org2,met,Org2
AH,ACP[c]__Org2,met,Org2
AH,coa[c]__Org2,met,Org2
AH,ihpdcoa[c]__Org2,met,Org2
AH,ILETA__Org2,rxn,Org2
AH,ile_L[c]__Org2,met,Org2
AH,3mop[c]__Org2,met,Org2
AH,akg[c]__Org2,met,Org2
AH,glu_L[c]__Org2,met,Org2
AH,ILEabc__Org2,rxn,Org2
AH,adp[c]__Org2,met,Org2
AH,atp[c]__Org2,met,Org2
AH,h2o[c]__Org2,met,Org2
AH,h[c]__Org2,met,Org2
AH,ile_L[c]__Org2,met,Org2
AH,ile_L[e]__Org2,met,Org2
AH,pi[c]__Org2,met,Org2
AH,IMPC__Org2,rxn,Org2
AH,fprica[c]__Org2,met,Org2
AH,h2o[c]__Org2,met,Org2
AH,imp[c]__Org2,met,Org2
AH,IMPD__Org2,rxn,Org2
AH,h2o[c]__Org2,met,Org2
AH,h[c]__Org2,met,Org2
AH,imp[c]__Org2,met,Org2
AH,nad[c]__Org2,met,Org2
AH,nadh[c]__Org2,met,Org2
AH,xmp[c]__Org2,met,Org2
AH,INULINASE__Org2,rxn,Org2
AH,inulin[c]__Org2,met,Org2
AH,fru[c]__Org2,met,Org2
AH,glc_D[c]__Org2,met,Org2
AH,h2o[c]__Org2,met,Org2
AH,INULINabc__Org2,rxn,Org2
AH,adp[c]__Org2,met,Org2
AH,atp[c]__Org2,met,Org2
AH,h2o[c]__Org2,met,Org2
AH,h[c]__Org2,met,Org2
AH,inulin[c]__Org2,met,Org2
AH,inulin[e]__Org2,met,Org2
AH,pi[c]__Org2,met,Org2
AH,IOR2__Org2,rxn,Org2
AH,phaccoa[c]__Org2,met,Org2
AH,phpyr[c]__Org2,met,Org2
AH,co2[c]__Org2,met,Org2
AH,coa[c]__Org2,met,Org2
AH,fdxox[c]__Org2,met,Org2
AH,fdxrd[c]__Org2,met,Org2
AH,h[c]__Org2,met,Org2
AH,IOR3__Org2,rxn,Org2
AH,34hpp[c]__Org2,met,Org2
AH,hphaccoa[c]__Org2,met,Org2
AH,co2[c]__Org2,met,Org2
AH,coa[c]__Org2,met,Org2
AH,fdxox[c]__Org2,met,Org2
AH,fdxrd[c]__Org2,met,Org2
AH,h[c]__Org2,met,Org2
AH,IPDCOATA__Org2,rxn,Org2
AH,13mmyrsACP[c]__Org2,met,Org2
AH,ACP[c]__Org2,met,Org2
AH,coa[c]__Org2,met,Org2
AH,ipdcoa[c]__Org2,met,Org2
AH,IPDDI__Org2,rxn,Org2
AH,dmpp[c]__Org2,met,Org2
AH,ipdp[c]__Org2,met,Org2
AH,IPDPS__Org2,rxn,Org2
AH,h2mb4p[c]__Org2,met,Org2
AH,h2o[c]__Org2,met,Org2
AH,h[c]__Org2,met,Org2
AH,ipdp[c]__Org2,met,Org2
AH,nad[c]__Org2,met,Org2
AH,nadh[c]__Org2,met,Org2
AH,IPDPS2__Org2,rxn,Org2
AH,h2mb4p[c]__Org2,met,Org2
AH,h2o[c]__Org2,met,Org2
AH,h[c]__Org2,met,Org2
AH,ipdp[c]__Org2,met,Org2
AH,nadp[c]__Org2,met,Org2
AH,nadph[c]__Org2,met,Org2
AH,IPMD2__Org2,rxn,Org2
AH,e3mmal[c]__Org2,met,Org2
AH,2obut[c]__Org2,met,Org2
AH,co2[c]__Org2,met,Org2
AH,nad[c]__Org2,met,Org2
AH,nadh[c]__Org2,met,Org2
AH,IPMDr__Org2,rxn,Org2
AH,3c2hmp[c]__Org2,met,Org2
AH,3c4mop[c]__Org2,met,Org2
AH,h[c]__Org2,met,Org2
AH,nad[c]__Org2,met,Org2
AH,nadh[c]__Org2,met,Org2
AH,ITDCOATA__Org2,rxn,Org2
AH,12mtridecACP[c]__Org2,met,Org2
AH,ACP[c]__Org2,met,Org2
AH,coa[c]__Org2,met,Org2
AH,itdcoa[c]__Org2,met,Org2
AH,IVCOATA__Org2,rxn,Org2
AH,ivcoa[c]__Org2,met,Org2
AH,3mbutACP[c]__Org2,met,Org2
AH,ACP[c]__Org2,met,Org2
AH,coa[c]__Org2,met,Org2
AH,KARA1__Org2,rxn,Org2
AH,23dhmb[c]__Org2,met,Org2
AH,alac_S[c]__Org2,met,Org2
AH,h[c]__Org2,met,Org2
AH,nadp[c]__Org2,met,Org2
AH,nadph[c]__Org2,met,Org2
AH,KARA2__Org2,rxn,Org2
AH,23dhmp[c]__Org2,met,Org2
AH,2ahbut[c]__Org2,met,Org2
AH,h[c]__Org2,met,Org2
AH,nadp[c]__Org2,met,Org2
AH,nadph[c]__Org2,met,Org2
AH,KARA3__Org2,rxn,Org2
AH,23dhmb[c]__Org2,met,Org2
AH,33hmeoxobut[c]__Org2,met,Org2
AH,h[c]__Org2,met,Org2
AH,nadp[c]__Org2,met,Org2
AH,nadph[c]__Org2,met,Org2
AH,KAS14__Org2,rxn,Org2
AH,ACP[c]__Org2,met,Org2
AH,acACP[c]__Org2,met,Org2
AH,actACP[c]__Org2,met,Org2
AH,co2[c]__Org2,met,Org2
AH,h[c]__Org2,met,Org2
AH,malACP[c]__Org2,met,Org2
AH,KESTOASEe__Org2,rxn,Org2
AH,fru[e]__Org2,met,Org2
AH,glc_D[e]__Org2,met,Org2
AH,h2o[e]__Org2,met,Org2
AH,kesto[e]__Org2,met,Org2
AH,KESTOPTASEe__Org2,rxn,Org2
AH,fru[e]__Org2,met,Org2
AH,glc_D[e]__Org2,met,Org2
AH,h2o[e]__Org2,met,Org2
AH,kestopt[e]__Org2,met,Org2
AH,KESTOTTRASEe__Org2,rxn,Org2
AH,fru[e]__Org2,met,Org2
AH,glc_D[e]__Org2,met,Org2
AH,h2o[e]__Org2,met,Org2
AH,kestottr[e]__Org2,met,Org2
AH,Kt1r__Org2,rxn,Org2
AH,k[c]__Org2,met,Org2
AH,k[e]__Org2,met,Org2
AH,Kt3__Org2,rxn,Org2
AH,h[c]__Org2,met,Org2
AH,h[e]__Org2,met,Org2
AH,k[c]__Org2,met,Org2
AH,k[e]__Org2,met,Org2
AH,L2A6ODs__Org2,rxn,Org2
AH,h2o[c]__Org2,met,Org2
AH,h[c]__Org2,met,Org2
AH,l2a6o[c]__Org2,met,Org2
AH,thdp[c]__Org2,met,Org2
AH,LACTLt__Org2,rxn,Org2
AH,h[c]__Org2,met,Org2
AH,h[e]__Org2,met,Org2
AH,lactl[c]__Org2,met,Org2
AH,lactl[e]__Org2,met,Org2
AH,LACZ__Org2,rxn,Org2
AH,lcts[c]__Org2,met,Org2
AH,gal[c]__Org2,met,Org2
AH,glc_D[c]__Org2,met,Org2
AH,h2o[c]__Org2,met,Org2
AH,LARGNAT__Org2,rxn,Org2
AH,Largn[c]__Org2,met,Org2
AH,asp_L[c]__Org2,met,Org2
AH,oaa[c]__Org2,met,Org2
AH,pphn[c]__Org2,met,Org2
AH,LCARS__Org2,rxn,Org2
AH,12ppd_S[c]__Org2,met,Org2
AH,h[c]__Org2,met,Org2
AH,lald_L[c]__Org2,met,Org2
AH,nad[c]__Org2,met,Org2
AH,nadh[c]__Org2,met,Org2
AH,LCTSabc__Org2,rxn,Org2
AH,adp[c]__Org2,met,Org2
AH,atp[c]__Org2,met,Org2
AH,h2o[c]__Org2,met,Org2
AH,h[c]__Org2,met,Org2
AH,lcts[c]__Org2,met,Org2
AH,lcts[e]__Org2,met,Org2
AH,pi[c]__Org2,met,Org2
AH,LDH_D__Org2,rxn,Org2
AH,h[c]__Org2,met,Org2
AH,lac_D[c]__Org2,met,Org2
AH,nad[c]__Org2,met,Org2
AH,nadh[c]__Org2,met,Org2
AH,pyr[c]__Org2,met,Org2
AH,LDH_L__Org2,rxn,Org2
AH,lac_L[c]__Org2,met,Org2
AH,h[c]__Org2,met,Org2
AH,nad[c]__Org2,met,Org2
AH,nadh[c]__Org2,met,Org2
AH,pyr[c]__Org2,met,Org2
AH,LEUTA__Org2,rxn,Org2
AH,4mop[c]__Org2,met,Org2
AH,akg[c]__Org2,met,Org2
AH,glu_L[c]__Org2,met,Org2
AH,leu_L[c]__Org2,met,Org2
AH,LEUabc__Org2,rxn,Org2
AH,adp[c]__Org2,met,Org2
AH,atp[c]__Org2,met,Org2
AH,h2o[c]__Org2,met,Org2
AH,h[c]__Org2,met,Org2
AH,leu_L[c]__Org2,met,Org2
AH,leu_L[e]__Org2,met,Org2
AH,pi[c]__Org2,met,Org2
AH,LGTHL__Org2,rxn,Org2
AH,mthgxl[c]__Org2,met,Org2
AH,gthrd[c]__Org2,met,Org2
AH,lgt_S[c]__Org2,met,Org2
AH,LPLIPAL1A120__Org2,rxn,Org2
AH,ddca[c]__Org2,met,Org2
AH,1ddecg3p[c]__Org2,met,Org2
AH,glyc3p[c]__Org2,met,Org2
AH,h2o[c]__Org2,met,Org2
AH,h[c]__Org2,met,Org2
AH,LPLIPAL1A140__Org2,rxn,Org2
AH,1tdecg3p[c]__Org2,met,Org2
AH,glyc3p[c]__Org2,met,Org2
AH,h2o[c]__Org2,met,Org2
AH,h[c]__Org2,met,Org2
AH,ttdca[c]__Org2,met,Org2
AH,LPLIPAL1A141__Org2,rxn,Org2
AH,ttdcea[c]__Org2,met,Org2
AH,1tdec7eg3p[c]__Org2,met,Org2
AH,glyc3p[c]__Org2,met,Org2
AH,h2o[c]__Org2,met,Org2
AH,h[c]__Org2,met,Org2
AH,LPLIPAL1A160__Org2,rxn,Org2
AH,1hdecg3p[c]__Org2,met,Org2
AH,glyc3p[c]__Org2,met,Org2
AH,h2o[c]__Org2,met,Org2
AH,h[c]__Org2,met,Org2
AH,hdca[c]__Org2,met,Org2
AH,LPLIPAL1A161__Org2,rxn,Org2
AH,1hdec9eg3p[c]__Org2,met,Org2
AH,glyc3p[c]__Org2,met,Org2
AH,h2o[c]__Org2,met,Org2
AH,h[c]__Org2,met,Org2
AH,hdcea[c]__Org2,met,Org2
AH,LPLIPAL1A180__Org2,rxn,Org2
AH,1odecg3p[c]__Org2,met,Org2
AH,glyc3p[c]__Org2,met,Org2
AH,h2o[c]__Org2,met,Org2
AH,h[c]__Org2,met,Org2
AH,ocdca[c]__Org2,met,Org2
AH,LPLIPAL1A181__Org2,rxn,Org2
AH,1odec11eg3p[c]__Org2,met,Org2
AH,glyc3p[c]__Org2,met,Org2
AH,h2o[c]__Org2,met,Org2
AH,h[c]__Org2,met,Org2
AH,ocdcea[c]__Org2,met,Org2
AH,LPLIPAL1E120__Org2,rxn,Org2
AH,1agpe120[c]__Org2,met,Org2
AH,g3pe[c]__Org2,met,Org2
AH,ddca[c]__Org2,met,Org2
AH,h2o[c]__Org2,met,Org2
AH,h[c]__Org2,met,Org2
AH,LPLIPAL1E140__Org2,rxn,Org2
AH,1agpe140[c]__Org2,met,Org2
AH,g3pe[c]__Org2,met,Org2
AH,h2o[c]__Org2,met,Org2
AH,h[c]__Org2,met,Org2
AH,ttdca[c]__Org2,met,Org2
AH,LPLIPAL1E141__Org2,rxn,Org2
AH,1agpe141[c]__Org2,met,Org2
AH,g3pe[c]__Org2,met,Org2
AH,h2o[c]__Org2,met,Org2
AH,h[c]__Org2,met,Org2
AH,ttdcea[c]__Org2,met,Org2
AH,LPLIPAL1E160__Org2,rxn,Org2
AH,1agpe160[c]__Org2,met,Org2
AH,g3pe[c]__Org2,met,Org2
AH,h2o[c]__Org2,met,Org2
AH,h[c]__Org2,met,Org2
AH,hdca[c]__Org2,met,Org2
AH,LPLIPAL1E161__Org2,rxn,Org2
AH,1agpe161[c]__Org2,met,Org2
AH,g3pe[c]__Org2,met,Org2
AH,h2o[c]__Org2,met,Org2
AH,h[c]__Org2,met,Org2
AH,hdcea[c]__Org2,met,Org2
AH,LPLIPAL1E180__Org2,rxn,Org2
AH,1agpe180[c]__Org2,met,Org2
AH,g3pe[c]__Org2,met,Org2
AH,h2o[c]__Org2,met,Org2
AH,h[c]__Org2,met,Org2
AH,ocdca[c]__Org2,met,Org2
AH,LPLIPAL1E181__Org2,rxn,Org2
AH,1agpe181[c]__Org2,met,Org2
AH,g3pe[c]__Org2,met,Org2
AH,h2o[c]__Org2,met,Org2
AH,h[c]__Org2,met,Org2
AH,ocdcea[c]__Org2,met,Org2
AH,LPLIPAL1G120__Org2,rxn,Org2
AH,1agpg120[c]__Org2,met,Org2
AH,g3pg[c]__Org2,met,Org2
AH,ddca[c]__Org2,met,Org2
AH,h2o[c]__Org2,met,Org2
AH,h[c]__Org2,met,Org2
AH,LPLIPAL1G140__Org2,rxn,Org2
AH,1agpg140[c]__Org2,met,Org2
AH,g3pg[c]__Org2,met,Org2
AH,h2o[c]__Org2,met,Org2
AH,h[c]__Org2,met,Org2
AH,ttdca[c]__Org2,met,Org2
AH,LPLIPAL1G141__Org2,rxn,Org2
AH,1agpg141[c]__Org2,met,Org2
AH,g3pg[c]__Org2,met,Org2
AH,h2o[c]__Org2,met,Org2
AH,h[c]__Org2,met,Org2
AH,ttdcea[c]__Org2,met,Org2
AH,LPLIPAL1G160__Org2,rxn,Org2
AH,1agpg160[c]__Org2,met,Org2
AH,g3pg[c]__Org2,met,Org2
AH,h2o[c]__Org2,met,Org2
AH,h[c]__Org2,met,Org2
AH,hdca[c]__Org2,met,Org2
AH,LPLIPAL1G161__Org2,rxn,Org2
AH,1agpg161[c]__Org2,met,Org2
AH,g3pg[c]__Org2,met,Org2
AH,h2o[c]__Org2,met,Org2
AH,h[c]__Org2,met,Org2
AH,hdcea[c]__Org2,met,Org2
AH,LPLIPAL1G180__Org2,rxn,Org2
AH,1agpg180[c]__Org2,met,Org2
AH,g3pg[c]__Org2,met,Org2
AH,h2o[c]__Org2,met,Org2
AH,h[c]__Org2,met,Org2
AH,ocdca[c]__Org2,met,Org2
AH,LPLIPAL1G181__Org2,rxn,Org2
AH,1agpg181[c]__Org2,met,Org2
AH,g3pg[c]__Org2,met,Org2
AH,h2o[c]__Org2,met,Org2
AH,h[c]__Org2,met,Org2
AH,ocdcea[c]__Org2,met,Org2
AH,LPLIPAL2A120__Org2,rxn,Org2
AH,2ddecg3p[c]__Org2,met,Org2
AH,ddca[c]__Org2,met,Org2
AH,glyc3p[c]__Org2,met,Org2
AH,h2o[c]__Org2,met,Org2
AH,h[c]__Org2,met,Org2
AH,LPLIPAL2A140__Org2,rxn,Org2
AH,2tdecg3p[c]__Org2,met,Org2
AH,glyc3p[c]__Org2,met,Org2
AH,h2o[c]__Org2,met,Org2
AH,h[c]__Org2,met,Org2
AH,ttdca[c]__Org2,met,Org2
AH,LPLIPAL2A141__Org2,rxn,Org2
AH,2tdec7eg3p[c]__Org2,met,Org2
AH,glyc3p[c]__Org2,met,Org2
AH,h2o[c]__Org2,met,Org2
AH,h[c]__Org2,met,Org2
AH,ttdcea[c]__Org2,met,Org2
AH,LPLIPAL2A160__Org2,rxn,Org2
AH,2hdecg3p[c]__Org2,met,Org2
AH,glyc3p[c]__Org2,met,Org2
AH,h2o[c]__Org2,met,Org2
AH,h[c]__Org2,met,Org2
AH,hdca[c]__Org2,met,Org2
AH,LPLIPAL2A161__Org2,rxn,Org2
AH,2hdec9eg3p[c]__Org2,met,Org2
AH,glyc3p[c]__Org2,met,Org2
AH,h2o[c]__Org2,met,Org2
AH,h[c]__Org2,met,Org2
AH,hdcea[c]__Org2,met,Org2
AH,LPLIPAL2A180__Org2,rxn,Org2
AH,2odecg3p[c]__Org2,met,Org2
AH,glyc3p[c]__Org2,met,Org2
AH,h2o[c]__Org2,met,Org2
AH,h[c]__Org2,met,Org2
AH,ocdca[c]__Org2,met,Org2
AH,LPLIPAL2A181__Org2,rxn,Org2
AH,2odec11eg3p[c]__Org2,met,Org2
AH,glyc3p[c]__Org2,met,Org2
AH,h2o[c]__Org2,met,Org2
AH,h[c]__Org2,met,Org2
AH,ocdcea[c]__Org2,met,Org2
AH,LPLIPAL2E120__Org2,rxn,Org2
AH,2agpe120[c]__Org2,met,Org2
AH,ddca[c]__Org2,met,Org2
AH,g3pe[c]__Org2,met,Org2
AH,h2o[c]__Org2,met,Org2
AH,h[c]__Org2,met,Org2
AH,LPLIPAL2E140__Org2,rxn,Org2
AH,2agpe140[c]__Org2,met,Org2
AH,g3pe[c]__Org2,met,Org2
AH,h2o[c]__Org2,met,Org2
AH,h[c]__Org2,met,Org2
AH,ttdca[c]__Org2,met,Org2
AH,LPLIPAL2E141__Org2,rxn,Org2
AH,2agpe141[c]__Org2,met,Org2
AH,g3pe[c]__Org2,met,Org2
AH,h2o[c]__Org2,met,Org2
AH,h[c]__Org2,met,Org2
AH,ttdcea[c]__Org2,met,Org2
AH,LPLIPAL2E160__Org2,rxn,Org2
AH,2agpe160[c]__Org2,met,Org2
AH,g3pe[c]__Org2,met,Org2
AH,h2o[c]__Org2,met,Org2
AH,h[c]__Org2,met,Org2
AH,hdca[c]__Org2,met,Org2
AH,LPLIPAL2E161__Org2,rxn,Org2
AH,2agpe161[c]__Org2,met,Org2
AH,g3pe[c]__Org2,met,Org2
AH,h2o[c]__Org2,met,Org2
AH,h[c]__Org2,met,Org2
AH,hdcea[c]__Org2,met,Org2
AH,LPLIPAL2E180__Org2,rxn,Org2
AH,2agpe180[c]__Org2,met,Org2
AH,g3pe[c]__Org2,met,Org2
AH,h2o[c]__Org2,met,Org2
AH,h[c]__Org2,met,Org2
AH,ocdca[c]__Org2,met,Org2
AH,LPLIPAL2E181__Org2,rxn,Org2
AH,2agpe181[c]__Org2,met,Org2
AH,g3pe[c]__Org2,met,Org2
AH,h2o[c]__Org2,met,Org2
AH,h[c]__Org2,met,Org2
AH,ocdcea[c]__Org2,met,Org2
AH,LPLIPAL2G120__Org2,rxn,Org2
AH,2agpg120[c]__Org2,met,Org2
AH,ddca[c]__Org2,met,Org2
AH,g3pg[c]__Org2,met,Org2
AH,h2o[c]__Org2,met,Org2
AH,h[c]__Org2,met,Org2
AH,LPLIPAL2G140__Org2,rxn,Org2
AH,2agpg140[c]__Org2,met,Org2
AH,g3pg[c]__Org2,met,Org2
AH,h2o[c]__Org2,met,Org2
AH,h[c]__Org2,met,Org2
AH,ttdca[c]__Org2,met,Org2
AH,LPLIPAL2G141__Org2,rxn,Org2
AH,2agpg141[c]__Org2,met,Org2
AH,g3pg[c]__Org2,met,Org2
AH,h2o[c]__Org2,met,Org2
AH,h[c]__Org2,met,Org2
AH,ttdcea[c]__Org2,met,Org2
AH,LPLIPAL2G160__Org2,rxn,Org2
AH,2agpg160[c]__Org2,met,Org2
AH,g3pg[c]__Org2,met,Org2
AH,h2o[c]__Org2,met,Org2
AH,h[c]__Org2,met,Org2
AH,hdca[c]__Org2,met,Org2
AH,LPLIPAL2G161__Org2,rxn,Org2
AH,2agpg161[c]__Org2,met,Org2
AH,g3pg[c]__Org2,met,Org2
AH,h2o[c]__Org2,met,Org2
AH,h[c]__Org2,met,Org2
AH,hdcea[c]__Org2,met,Org2
AH,LPLIPAL2G180__Org2,rxn,Org2
AH,2agpg180[c]__Org2,met,Org2
AH,g3pg[c]__Org2,met,Org2
AH,h2o[c]__Org2,met,Org2
AH,h[c]__Org2,met,Org2
AH,ocdca[c]__Org2,met,Org2
AH,LPLIPAL2G181__Org2,rxn,Org2
AH,2agpg181[c]__Org2,met,Org2
AH,g3pg[c]__Org2,met,Org2
AH,h2o[c]__Org2,met,Org2
AH,h[c]__Org2,met,Org2
AH,ocdcea[c]__Org2,met,Org2
AH,LYSDC__Org2,rxn,Org2
AH,15dap[c]__Org2,met,Org2
AH,lys_L[c]__Org2,met,Org2
AH,co2[c]__Org2,met,Org2
AH,h[c]__Org2,met,Org2
AH,LYSt2r__Org2,rxn,Org2
AH,h[c]__Org2,met,Org2
AH,h[e]__Org2,met,Org2
AH,lys_L[c]__Org2,met,Org2
AH,lys_L[e]__Org2,met,Org2
AH,L_LACD__Org2,rxn,Org2
AH,ficytC[c]__Org2,met,Org2
AH,focytC[c]__Org2,met,Org2
AH,h[c]__Org2,met,Org2
AH,lac_L[c]__Org2,met,Org2
AH,pyr[c]__Org2,met,Org2
AH,L_LACD2__Org2,rxn,Org2
AH,lac_L[c]__Org2,met,Org2
AH,pyr[c]__Org2,met,Org2
AH,q8[c]__Org2,met,Org2
AH,q8h2[c]__Org2,met,Org2
AH,L_LACD3__Org2,rxn,Org2
AH,lac_L[c]__Org2,met,Org2
AH,mql8[c]__Org2,met,Org2
AH,mqn8[c]__Org2,met,Org2
AH,pyr[c]__Org2,met,Org2
AH,L_LACt2r__Org2,rxn,Org2
AH,h[c]__Org2,met,Org2
AH,h[e]__Org2,met,Org2
AH,lac_L[c]__Org2,met,Org2
AH,lac_L[e]__Org2,met,Org2
AH,M1PD__Org2,rxn,Org2
AH,mnl1p[c]__Org2,met,Org2
AH,f6p[c]__Org2,met,Org2
AH,h[c]__Org2,met,Org2
AH,nad[c]__Org2,met,Org2
AH,nadh[c]__Org2,met,Org2
AH,MACCOAT__Org2,rxn,Org2
AH,ppcoa[c]__Org2,met,Org2
AH,2maacoa[c]__Org2,met,Org2
AH,accoa[c]__Org2,met,Org2
AH,coa[c]__Org2,met,Org2
AH,MALT__Org2,rxn,Org2
AH,glc_D[c]__Org2,met,Org2
AH,h2o[c]__Org2,met,Org2
AH,malt[c]__Org2,met,Org2
AH,MALTATr__Org2,rxn,Org2
AH,acmalt[c]__Org2,met,Org2
AH,accoa[c]__Org2,met,Org2
AH,coa[c]__Org2,met,Org2
AH,malt[c]__Org2,met,Org2
AH,MALTabc__Org2,rxn,Org2
AH,adp[c]__Org2,met,Org2
AH,atp[c]__Org2,met,Org2
AH,h2o[c]__Org2,met,Org2
AH,h[c]__Org2,met,Org2
AH,malt[c]__Org2,met,Org2
AH,malt[e]__Org2,met,Org2
AH,pi[c]__Org2,met,Org2
AH,MAN6PI__Org2,rxn,Org2
AH,man6p[c]__Org2,met,Org2
AH,f6p[c]__Org2,met,Org2
AH,MANpts__Org2,rxn,Org2
AH,man6p[c]__Org2,met,Org2
AH,man[e]__Org2,met,Org2
AH,pep[c]__Org2,met,Org2
AH,pyr[c]__Org2,met,Org2
AH,MCOATA__Org2,rxn,Org2
AH,ACP[c]__Org2,met,Org2
AH,coa[c]__Org2,met,Org2
AH,malACP[c]__Org2,met,Org2
AH,malcoa[c]__Org2,met,Org2
AH,ME2__Org2,rxn,Org2
AH,co2[c]__Org2,met,Org2
AH,mal_L[c]__Org2,met,Org2
AH,nadp[c]__Org2,met,Org2
AH,nadph[c]__Org2,met,Org2
AH,pyr[c]__Org2,met,Org2
AH,MECDPDH2__Org2,rxn,Org2
AH,2mecdp[c]__Org2,met,Org2
AH,h2mb4p[c]__Org2,met,Org2
AH,h2o[c]__Org2,met,Org2
AH,nad[c]__Org2,met,Org2
AH,nadh[c]__Org2,met,Org2
AH,MECDPS__Org2,rxn,Org2
AH,2mecdp[c]__Org2,met,Org2
AH,2p4c2me[c]__Org2,met,Org2
AH,cmp[c]__Org2,met,Org2
AH,MELIBt2r__Org2,rxn,Org2
AH,melib[c]__Org2,met,Org2
AH,h[c]__Org2,met,Org2
AH,h[e]__Org2,met,Org2
AH,melib[e]__Org2,met,Org2
AH,MEPCT__Org2,rxn,Org2
AH,2me4p[c]__Org2,met,Org2
AH,4c2me[c]__Org2,met,Org2
AH,ctp[c]__Org2,met,Org2
AH,h[c]__Org2,met,Org2
AH,ppi[c]__Org2,met,Org2
AH,METALA1c__Org2,rxn,Org2
AH,metala[c]__Org2,met,Org2
AH,ala_L[c]__Org2,met,Org2
AH,h2o[c]__Org2,met,Org2
AH,met_L[c]__Org2,met,Org2
AH,METALAabc__Org2,rxn,Org2
AH,adp[c]__Org2,met,Org2
AH,atp[c]__Org2,met,Org2
AH,h2o[c]__Org2,met,Org2
AH,h[c]__Org2,met,Org2
AH,metala[c]__Org2,met,Org2
AH,metala[e]__Org2,met,Org2
AH,pi[c]__Org2,met,Org2
AH,METAT__Org2,rxn,Org2
AH,amet[c]__Org2,met,Org2
AH,atp[c]__Org2,met,Org2
AH,h2o[c]__Org2,met,Org2
AH,met_L[c]__Org2,met,Org2
AH,pi[c]__Org2,met,Org2
AH,ppi[c]__Org2,met,Org2
AH,METDabc__Org2,rxn,Org2
AH,met_D[c]__Org2,met,Org2
AH,adp[c]__Org2,met,Org2
AH,atp[c]__Org2,met,Org2
AH,h2o[c]__Org2,met,Org2
AH,h[c]__Org2,met,Org2
AH,met_D[e]__Org2,met,Org2
AH,pi[c]__Org2,met,Org2
AH,METFR__Org2,rxn,Org2
AH,5mthf[c]__Org2,met,Org2
AH,h[c]__Org2,met,Org2
AH,mlthf[c]__Org2,met,Org2
AH,nadp[c]__Org2,met,Org2
AH,nadph[c]__Org2,met,Org2
AH,METS__Org2,rxn,Org2
AH,5mthf[c]__Org2,met,Org2
AH,h[c]__Org2,met,Org2
AH,hcys_L[c]__Org2,met,Org2
AH,met_L[c]__Org2,met,Org2
AH,thf[c]__Org2,met,Org2
AH,METSOX1abc__Org2,rxn,Org2
AH,metsox_S_L[c]__Org2,met,Org2
AH,adp[c]__Org2,met,Org2
AH,atp[c]__Org2,met,Org2
AH,h2o[c]__Org2,met,Org2
AH,h[c]__Org2,met,Org2
AH,metsox_S_L[e]__Org2,met,Org2
AH,pi[c]__Org2,met,Org2
AH,METSOX2abc__Org2,rxn,Org2
AH,metsox_R_L[c]__Org2,met,Org2
AH,metsox_R_L[e]__Org2,met,Org2
AH,adp[c]__Org2,met,Org2
AH,atp[c]__Org2,met,Org2
AH,h2o[c]__Org2,met,Org2
AH,h[c]__Org2,met,Org2
AH,pi[c]__Org2,met,Org2
AH,METabc__Org2,rxn,Org2
AH,adp[c]__Org2,met,Org2
AH,atp[c]__Org2,met,Org2
AH,h2o[c]__Org2,met,Org2
AH,h[c]__Org2,met,Org2
AH,met_L[c]__Org2,met,Org2
AH,met_L[e]__Org2,met,Org2
AH,pi[c]__Org2,met,Org2
AH,MG2abc__Org2,rxn,Org2
AH,mg2[c]__Org2,met,Org2
AH,adp[c]__Org2,met,Org2
AH,atp[c]__Org2,met,Org2
AH,h2o[c]__Org2,met,Org2
AH,h[c]__Org2,met,Org2
AH,mg2[e]__Org2,met,Org2
AH,pi[c]__Org2,met,Org2
AH,MGSA__Org2,rxn,Org2
AH,dhap[c]__Org2,met,Org2
AH,mthgxl[c]__Org2,met,Org2
AH,pi[c]__Org2,met,Org2
AH,MGt5__Org2,rxn,Org2
AH,mg2[c]__Org2,met,Org2
AH,mg2[e]__Org2,met,Org2
AH,MMSAD2__Org2,rxn,Org2
AH,coa[c]__Org2,met,Org2
AH,h[c]__Org2,met,Org2
AH,nad[c]__Org2,met,Org2
AH,nadh[c]__Org2,met,Org2
AH,ppal[c]__Org2,met,Org2
AH,ppcoa[c]__Org2,met,Org2
AH,MNLpts__Org2,rxn,Org2
AH,mnl1p[c]__Org2,met,Org2
AH,mnl[e]__Org2,met,Org2
AH,pep[c]__Org2,met,Org2
AH,pyr[c]__Org2,met,Org2
AH,MNabc__Org2,rxn,Org2
AH,mn2[c]__Org2,met,Org2
AH,adp[c]__Org2,met,Org2
AH,atp[c]__Org2,met,Org2
AH,h2o[c]__Org2,met,Org2
AH,h[c]__Org2,met,Org2
AH,mn2[e]__Org2,met,Org2
AH,pi[c]__Org2,met,Org2
AH,MOBDabc__Org2,rxn,Org2
AH,mobd[c]__Org2,met,Org2
AH,adp[c]__Org2,met,Org2
AH,atp[c]__Org2,met,Org2
AH,h2o[c]__Org2,met,Org2
AH,h[c]__Org2,met,Org2
AH,mobd[e]__Org2,met,Org2
AH,pi[c]__Org2,met,Org2
AH,MOHMT__Org2,rxn,Org2
AH,2dhp[c]__Org2,met,Org2
AH,3mob[c]__Org2,met,Org2
AH,h2o[c]__Org2,met,Org2
AH,mlthf[c]__Org2,met,Org2
AH,thf[c]__Org2,met,Org2
AH,MTAN__Org2,rxn,Org2
AH,5mta[c]__Org2,met,Org2
AH,5mtr[c]__Org2,met,Org2
AH,ade[c]__Org2,met,Org2
AH,h2o[c]__Org2,met,Org2
AH,MTHFC__Org2,rxn,Org2
AH,10fthf[c]__Org2,met,Org2
AH,h2o[c]__Org2,met,Org2
AH,h[c]__Org2,met,Org2
AH,methf[c]__Org2,met,Org2
AH,MTHFD__Org2,rxn,Org2
AH,methf[c]__Org2,met,Org2
AH,mlthf[c]__Org2,met,Org2
AH,nadp[c]__Org2,met,Org2
AH,nadph[c]__Org2,met,Org2
AH,MTRK__Org2,rxn,Org2
AH,5mdr1p[c]__Org2,met,Org2
AH,5mtr[c]__Org2,met,Org2
AH,adp[c]__Org2,met,Org2
AH,atp[c]__Org2,met,Org2
AH,h[c]__Org2,met,Org2
AH,NACt2r__Org2,rxn,Org2
AH,nac[c]__Org2,met,Org2
AH,h[c]__Org2,met,Org2
AH,h[e]__Org2,met,Org2
AH,nac[e]__Org2,met,Org2
AH,NADH10__Org2,rxn,Org2
AH,h[c]__Org2,met,Org2
AH,mql8[c]__Org2,met,Org2
AH,mqn8[c]__Org2,met,Org2
AH,nad[c]__Org2,met,Org2
AH,nadh[c]__Org2,met,Org2
AH,NADH5__Org2,rxn,Org2
AH,h[c]__Org2,met,Org2
AH,nad[c]__Org2,met,Org2
AH,nadh[c]__Org2,met,Org2
AH,q8[c]__Org2,met,Org2
AH,q8h2[c]__Org2,met,Org2
AH,NADH9__Org2,rxn,Org2
AH,2dmmq8[c]__Org2,met,Org2
AH,2dmmql8[c]__Org2,met,Org2
AH,h[c]__Org2,met,Org2
AH,nad[c]__Org2,met,Org2
AH,nadh[c]__Org2,met,Org2
AH,NADK__Org2,rxn,Org2
AH,adp[c]__Org2,met,Org2
AH,atp[c]__Org2,met,Org2
AH,h[c]__Org2,met,Org2
AH,nad[c]__Org2,met,Org2
AH,nadp[c]__Org2,met,Org2
AH,NADK2__Org2,rxn,Org2
AH,dtdp[c]__Org2,met,Org2
AH,dttp[c]__Org2,met,Org2
AH,h[c]__Org2,met,Org2
AH,nad[c]__Org2,met,Org2
AH,nadp[c]__Org2,met,Org2
AH,NADS1__Org2,rxn,Org2
AH,dnad[c]__Org2,met,Org2
AH,amp[c]__Org2,met,Org2
AH,atp[c]__Org2,met,Org2
AH,h[c]__Org2,met,Org2
AH,nad[c]__Org2,met,Org2
AH,nh4[c]__Org2,met,Org2
AH,ppi[c]__Org2,met,Org2
AH,NADS2__Org2,rxn,Org2
AH,amp[c]__Org2,met,Org2
AH,atp[c]__Org2,met,Org2
AH,dnad[c]__Org2,met,Org2
AH,gln_L[c]__Org2,met,Org2
AH,glu_L[c]__Org2,met,Org2
AH,h2o[c]__Org2,met,Org2
AH,h[c]__Org2,met,Org2
AH,nad[c]__Org2,met,Org2
AH,ppi[c]__Org2,met,Org2
AH,NAPRT__Org2,rxn,Org2
AH,nicrnt[c]__Org2,met,Org2
AH,h[c]__Org2,met,Org2
AH,nac[c]__Org2,met,Org2
AH,ppi[c]__Org2,met,Org2
AH,prpp[c]__Org2,met,Org2
AH,NAt3_1__Org2,rxn,Org2
AH,h[c]__Org2,met,Org2
AH,h[e]__Org2,met,Org2
AH,na1[c]__Org2,met,Org2
AH,na1[e]__Org2,met,Org2
AH,NH4tb__Org2,rxn,Org2
AH,nh4[c]__Org2,met,Org2
AH,nh4[e]__Org2,met,Org2
AH,NIT_n1p4__Org2,rxn,Org2
AH,n2[c]__Org2,met,Org2
AH,adp[c]__Org2,met,Org2
AH,atp[c]__Org2,met,Org2
AH,fdxox[c]__Org2,met,Org2
AH,fdxrd[c]__Org2,met,Org2
AH,h2[c]__Org2,met,Org2
AH,h2o[c]__Org2,met,Org2
AH,h[c]__Org2,met,Org2
AH,nh4[c]__Org2,met,Org2
AH,pi[c]__Org2,met,Org2
AH,NMNP__Org2,rxn,Org2
AH,nmn[c]__Org2,met,Org2
AH,nmn[e]__Org2,met,Org2
AH,NNAM__Org2,rxn,Org2
AH,ncam[c]__Org2,met,Org2
AH,h2o[c]__Org2,met,Org2
AH,nac[c]__Org2,met,Org2
AH,nh4[c]__Org2,met,Org2
AH,NNATr__Org2,rxn,Org2
AH,atp[c]__Org2,met,Org2
AH,dnad[c]__Org2,met,Org2
AH,h[c]__Org2,met,Org2
AH,nicrnt[c]__Org2,met,Org2
AH,ppi[c]__Org2,met,Org2
AH,NNDMBRT__Org2,rxn,Org2
AH,5prdmbz[c]__Org2,met,Org2
AH,dmbzid[c]__Org2,met,Org2
AH,h[c]__Org2,met,Org2
AH,nac[c]__Org2,met,Org2
AH,nicrnt[c]__Org2,met,Org2
AH,NNDPR__Org2,rxn,Org2
AH,quln[c]__Org2,met,Org2
AH,co2[c]__Org2,met,Org2
AH,h[c]__Org2,met,Org2
AH,nicrnt[c]__Org2,met,Org2
AH,ppi[c]__Org2,met,Org2
AH,prpp[c]__Org2,met,Org2
AH,NZP_NR__Org2,rxn,Org2
AH,anzp[c]__Org2,met,Org2
AH,nzp[c]__Org2,met,Org2
AH,h2o[c]__Org2,met,Org2
AH,h[c]__Org2,met,Org2
AH,nadp[c]__Org2,met,Org2
AH,nadph[c]__Org2,met,Org2
AH,O2t__Org2,rxn,Org2
AH,o2[c]__Org2,met,Org2
AH,o2[e]__Org2,met,Org2
AH,OAADC__Org2,rxn,Org2
AH,co2[c]__Org2,met,Org2
AH,h[c]__Org2,met,Org2
AH,oaa[c]__Org2,met,Org2
AH,pyr[c]__Org2,met,Org2
AH,OAASr__Org2,rxn,Org2
AH,accoa[c]__Org2,met,Org2
AH,cit[c]__Org2,met,Org2
AH,coa[c]__Org2,met,Org2
AH,h2o[c]__Org2,met,Org2
AH,h[c]__Org2,met,Org2
AH,oaa[c]__Org2,met,Org2
AH,OBTFL__Org2,rxn,Org2
AH,2obut[c]__Org2,met,Org2
AH,coa[c]__Org2,met,Org2
AH,for[c]__Org2,met,Org2
AH,ppcoa[c]__Org2,met,Org2
AH,OCBT__Org2,rxn,Org2
AH,cbp[c]__Org2,met,Org2
AH,citr_L[c]__Org2,met,Org2
AH,h[c]__Org2,met,Org2
AH,orn[c]__Org2,met,Org2
AH,pi[c]__Org2,met,Org2
AH,OHPBAT__Org2,rxn,Org2
AH,ohpb[c]__Org2,met,Org2
AH,akg[c]__Org2,met,Org2
AH,glu_L[c]__Org2,met,Org2
AH,phthr[c]__Org2,met,Org2
AH,OMCDC__Org2,rxn,Org2
AH,3c4mop[c]__Org2,met,Org2
AH,4mop[c]__Org2,met,Org2
AH,co2[c]__Org2,met,Org2
AH,h[c]__Org2,met,Org2
AH,OMPDC__Org2,rxn,Org2
AH,orot5p[c]__Org2,met,Org2
AH,co2[c]__Org2,met,Org2
AH,h[c]__Org2,met,Org2
AH,ump[c]__Org2,met,Org2
AH,ORNDC__Org2,rxn,Org2
AH,ptrc[c]__Org2,met,Org2
AH,co2[c]__Org2,met,Org2
AH,h[c]__Org2,met,Org2
AH,orn[c]__Org2,met,Org2
AH,ORNTAC__Org2,rxn,Org2
AH,acglu[c]__Org2,met,Org2
AH,acorn[c]__Org2,met,Org2
AH,glu_L[c]__Org2,met,Org2
AH,orn[c]__Org2,met,Org2
AH,OROTPT__Org2,rxn,Org2
AH,orot5p[c]__Org2,met,Org2
AH,orot[c]__Org2,met,Org2
AH,ppi[c]__Org2,met,Org2
AH,prpp[c]__Org2,met,Org2
AH,P5CRyr__Org2,rxn,Org2
AH,1pyr5c[c]__Org2,met,Org2
AH,h[c]__Org2,met,Org2
AH,nadp[c]__Org2,met,Org2
AH,nadph[c]__Org2,met,Org2
AH,pro_L[c]__Org2,met,Org2
AH,PACCOAL2r__Org2,rxn,Org2
AH,4hphac[c]__Org2,met,Org2
AH,amp[c]__Org2,met,Org2
AH,atp[c]__Org2,met,Org2
AH,coa[c]__Org2,met,Org2
AH,hphaccoa[c]__Org2,met,Org2
AH,ppi[c]__Org2,met,Org2
AH,PACCOALr__Org2,rxn,Org2
AH,pac[c]__Org2,met,Org2
AH,amp[c]__Org2,met,Org2
AH,atp[c]__Org2,met,Org2
AH,coa[c]__Org2,met,Org2
AH,phaccoa[c]__Org2,met,Org2
AH,ppi[c]__Org2,met,Org2
AH,PANTS__Org2,rxn,Org2
AH,pnto_R[c]__Org2,met,Org2
AH,ala_B[c]__Org2,met,Org2
AH,amp[c]__Org2,met,Org2
AH,atp[c]__Org2,met,Org2
AH,h[c]__Org2,met,Org2
AH,pant_R[c]__Org2,met,Org2
AH,ppi[c]__Org2,met,Org2
AH,PAPPT2__Org2,rxn,Org2
AH,uGgla[c]__Org2,met,Org2
AH,uaGgla[c]__Org2,met,Org2
AH,udcpp[c]__Org2,met,Org2
AH,ump[c]__Org2,met,Org2
AH,PAPPT3__Org2,rxn,Org2
AH,uagmda[c]__Org2,met,Org2
AH,ugmda[c]__Org2,met,Org2
AH,udcpp[c]__Org2,met,Org2
AH,ump[c]__Org2,met,Org2
AH,PBt__Org2,rxn,Org2
AH,pb[c]__Org2,met,Org2
AH,adp[c]__Org2,met,Org2
AH,atp[c]__Org2,met,Org2
AH,h2o[c]__Org2,met,Org2
AH,h[c]__Org2,met,Org2
AH,pb[e]__Org2,met,Org2
AH,pi[c]__Org2,met,Org2
AH,PC__Org2,rxn,Org2
AH,adp[c]__Org2,met,Org2
AH,atp[c]__Org2,met,Org2
AH,h[c]__Org2,met,Org2
AH,hco3[c]__Org2,met,Org2
AH,oaa[c]__Org2,met,Org2
AH,pi[c]__Org2,met,Org2
AH,pyr[c]__Org2,met,Org2
AH,PC11M__Org2,rxn,Org2
AH,pre4[c]__Org2,met,Org2
AH,pre5[c]__Org2,met,Org2
AH,ahcys[c]__Org2,met,Org2
AH,amet[c]__Org2,met,Org2
AH,h[c]__Org2,met,Org2
AH,PC17M__Org2,rxn,Org2
AH,pre3b[c]__Org2,met,Org2
AH,ahcys[c]__Org2,met,Org2
AH,amet[c]__Org2,met,Org2
AH,h[c]__Org2,met,Org2
AH,pre4[c]__Org2,met,Org2
AH,PC20M__Org2,rxn,Org2
AH,dscl[c]__Org2,met,Org2
AH,pre3a[c]__Org2,met,Org2
AH,ahcys[c]__Org2,met,Org2
AH,amet[c]__Org2,met,Org2
AH,h[c]__Org2,met,Org2
AH,PC6AR__Org2,rxn,Org2
AH,pre6a[c]__Org2,met,Org2
AH,pre6b[c]__Org2,met,Org2
AH,h[c]__Org2,met,Org2
AH,nadp[c]__Org2,met,Org2
AH,nadph[c]__Org2,met,Org2
AH,PC6YM__Org2,rxn,Org2
AH,pre8[c]__Org2,met,Org2
AH,ahcys[c]__Org2,met,Org2
AH,amet[c]__Org2,met,Org2
AH,co2[c]__Org2,met,Org2
AH,h[c]__Org2,met,Org2
AH,pre6b[c]__Org2,met,Org2
AH,PC8XM__Org2,rxn,Org2
AH,hgbyr[c]__Org2,met,Org2
AH,h[c]__Org2,met,Org2
AH,pre8[c]__Org2,met,Org2
AH,PCRESOLt2r__Org2,rxn,Org2
AH,h[c]__Org2,met,Org2
AH,h[e]__Org2,met,Org2
AH,pcresol[c]__Org2,met,Org2
AH,pcresol[e]__Org2,met,Org2
AH,PDHbr__Org2,rxn,Org2
AH,adhlam[c]__Org2,met,Org2
AH,dhlam[c]__Org2,met,Org2
AH,accoa[c]__Org2,met,Org2
AH,coa[c]__Org2,met,Org2
AH,PDHc__Org2,rxn,Org2
AH,lpam[c]__Org2,met,Org2
AH,dhlam[c]__Org2,met,Org2
AH,h[c]__Org2,met,Org2
AH,nad[c]__Org2,met,Org2
AH,nadh[c]__Org2,met,Org2
AH,PEPGLY__Org2,rxn,Org2
AH,PGP[c]__Org2,met,Org2
AH,PGPm1[c]__Org2,met,Org2
AH,udcpdp[c]__Org2,met,Org2
AH,co2[c]__Org2,met,Org2
AH,h[c]__Org2,met,Org2
AH,uaagmda[c]__Org2,met,Org2
AH,PERD__Org2,rxn,Org2
AH,4per[c]__Org2,met,Org2
AH,h[c]__Org2,met,Org2
AH,nad[c]__Org2,met,Org2
AH,nadh[c]__Org2,met,Org2
AH,ohpb[c]__Org2,met,Org2
AH,PFK__Org2,rxn,Org2
AH,adp[c]__Org2,met,Org2
AH,atp[c]__Org2,met,Org2
AH,f6p[c]__Org2,met,Org2
AH,fdp[c]__Org2,met,Org2
AH,h[c]__Org2,met,Org2
AH,PFK(ppi)__Org2,rxn,Org2
AH,f6p[c]__Org2,met,Org2
AH,fdp[c]__Org2,met,Org2
AH,h[c]__Org2,met,Org2
AH,pi[c]__Org2,met,Org2
AH,ppi[c]__Org2,met,Org2
AH,PFK_2__Org2,rxn,Org2
AH,tagdp_D[c]__Org2,met,Org2
AH,adp[c]__Org2,met,Org2
AH,atp[c]__Org2,met,Org2
AH,h[c]__Org2,met,Org2
AH,tag6p_D[c]__Org2,met,Org2
AH,PFK_3__Org2,rxn,Org2
AH,s7p[c]__Org2,met,Org2
AH,adp[c]__Org2,met,Org2
AH,atp[c]__Org2,met,Org2
AH,h[c]__Org2,met,Org2
AH,s17bp[c]__Org2,met,Org2
AH,PFL__Org2,rxn,Org2
AH,accoa[c]__Org2,met,Org2
AH,coa[c]__Org2,met,Org2
AH,for[c]__Org2,met,Org2
AH,pyr[c]__Org2,met,Org2
AH,PGAMT__Org2,rxn,Org2
AH,gam1p[c]__Org2,met,Org2
AH,gam6p[c]__Org2,met,Org2
AH,PGCDr__Org2,rxn,Org2
AH,3php[c]__Org2,met,Org2
AH,3pg[c]__Org2,met,Org2
AH,h[c]__Org2,met,Org2
AH,nad[c]__Org2,met,Org2
AH,nadh[c]__Org2,met,Org2
AH,PGI__Org2,rxn,Org2
AH,f6p[c]__Org2,met,Org2
AH,g6p[c]__Org2,met,Org2
AH,PGK__Org2,rxn,Org2
AH,13dpg[c]__Org2,met,Org2
AH,3pg[c]__Org2,met,Org2
AH,adp[c]__Org2,met,Org2
AH,atp[c]__Org2,met,Org2
AH,PGLYCP__Org2,rxn,Org2
AH,2pglyc[c]__Org2,met,Org2
AH,glyclt[c]__Org2,met,Org2
AH,h2o[c]__Org2,met,Org2
AH,pi[c]__Org2,met,Org2
AH,PGM__Org2,rxn,Org2
AH,2pg[c]__Org2,met,Org2
AH,3pg[c]__Org2,met,Org2
AH,PGMT__Org2,rxn,Org2
AH,g1p[c]__Org2,met,Org2
AH,g6p[c]__Org2,met,Org2
AH,PGPGT__Org2,rxn,Org2
AH,prl45tcaglc[c]__Org2,met,Org2
AH,udp[c]__Org2,met,Org2
AH,udpg[c]__Org2,met,Org2
AH,h[c]__Org2,met,Org2
AH,prl45tca[c]__Org2,met,Org2
AH,PGPP120__Org2,rxn,Org2
AH,pg120[c]__Org2,met,Org2
AH,pgp120[c]__Org2,met,Org2
AH,h2o[c]__Org2,met,Org2
AH,pi[c]__Org2,met,Org2
AH,PGPP140__Org2,rxn,Org2
AH,pgp140[c]__Org2,met,Org2
AH,h2o[c]__Org2,met,Org2
AH,pg140[c]__Org2,met,Org2
AH,pi[c]__Org2,met,Org2
AH,PGPP141__Org2,rxn,Org2
AH,pg141[c]__Org2,met,Org2
AH,pgp141[c]__Org2,met,Org2
AH,h2o[c]__Org2,met,Org2
AH,pi[c]__Org2,met,Org2
AH,PGPP160__Org2,rxn,Org2
AH,pgp160[c]__Org2,met,Org2
AH,h2o[c]__Org2,met,Org2
AH,pg160[c]__Org2,met,Org2
AH,pi[c]__Org2,met,Org2
AH,PGPP161__Org2,rxn,Org2
AH,pg161[c]__Org2,met,Org2
AH,pgp161[c]__Org2,met,Org2
AH,h2o[c]__Org2,met,Org2
AH,pi[c]__Org2,met,Org2
AH,PGPP180__Org2,rxn,Org2
AH,pgp180[c]__Org2,met,Org2
AH,h2o[c]__Org2,met,Org2
AH,pg180[c]__Org2,met,Org2
AH,pi[c]__Org2,met,Org2
AH,PGPP181__Org2,rxn,Org2
AH,pg181[c]__Org2,met,Org2
AH,pgp181[c]__Org2,met,Org2
AH,h2o[c]__Org2,met,Org2
AH,pi[c]__Org2,met,Org2
AH,PGPPAI15__Org2,rxn,Org2
AH,pgpai15[c]__Org2,met,Org2
AH,h2o[c]__Org2,met,Org2
AH,pgai15[c]__Org2,met,Org2
AH,pi[c]__Org2,met,Org2
AH,PGPPAI17__Org2,rxn,Org2
AH,pgpai17[c]__Org2,met,Org2
AH,h2o[c]__Org2,met,Org2
AH,pgai17[c]__Org2,met,Org2
AH,pi[c]__Org2,met,Org2
AH,PGPPI14__Org2,rxn,Org2
AH,pgpi14[c]__Org2,met,Org2
AH,h2o[c]__Org2,met,Org2
AH,pgi14[c]__Org2,met,Org2
AH,pi[c]__Org2,met,Org2
AH,PGPPI15__Org2,rxn,Org2
AH,pgpi15[c]__Org2,met,Org2
AH,h2o[c]__Org2,met,Org2
AH,pgi15[c]__Org2,met,Org2
AH,pi[c]__Org2,met,Org2
AH,PGPPI16__Org2,rxn,Org2
AH,pgpi16[c]__Org2,met,Org2
AH,h2o[c]__Org2,met,Org2
AH,pgi16[c]__Org2,met,Org2
AH,pi[c]__Org2,met,Org2
AH,PGPPI17__Org2,rxn,Org2
AH,pgpi17[c]__Org2,met,Org2
AH,h2o[c]__Org2,met,Org2
AH,pgi17[c]__Org2,met,Org2
AH,pi[c]__Org2,met,Org2
AH,PGSA120__Org2,rxn,Org2
AH,cdpdddecg[c]__Org2,met,Org2
AH,cmp[c]__Org2,met,Org2
AH,glyc3p[c]__Org2,met,Org2
AH,h[c]__Org2,met,Org2
AH,pgp120[c]__Org2,met,Org2
AH,PGSA140__Org2,rxn,Org2
AH,cdpdtdecg[c]__Org2,met,Org2
AH,cmp[c]__Org2,met,Org2
AH,glyc3p[c]__Org2,met,Org2
AH,h[c]__Org2,met,Org2
AH,pgp140[c]__Org2,met,Org2
AH,PGSA141__Org2,rxn,Org2
AH,cdpdtdec7eg[c]__Org2,met,Org2
AH,cmp[c]__Org2,met,Org2
AH,glyc3p[c]__Org2,met,Org2
AH,h[c]__Org2,met,Org2
AH,pgp141[c]__Org2,met,Org2
AH,PGSA160__Org2,rxn,Org2
AH,cdpdhdecg[c]__Org2,met,Org2
AH,cmp[c]__Org2,met,Org2
AH,glyc3p[c]__Org2,met,Org2
AH,h[c]__Org2,met,Org2
AH,pgp160[c]__Org2,met,Org2
AH,PGSA161__Org2,rxn,Org2
AH,cdpdhdec9eg[c]__Org2,met,Org2
AH,cmp[c]__Org2,met,Org2
AH,glyc3p[c]__Org2,met,Org2
AH,h[c]__Org2,met,Org2
AH,pgp161[c]__Org2,met,Org2
AH,PGSA180__Org2,rxn,Org2
AH,cdpdodecg[c]__Org2,met,Org2
AH,cmp[c]__Org2,met,Org2
AH,glyc3p[c]__Org2,met,Org2
AH,h[c]__Org2,met,Org2
AH,pgp180[c]__Org2,met,Org2
AH,PGSA181__Org2,rxn,Org2
AH,cdpdodec11eg[c]__Org2,met,Org2
AH,cmp[c]__Org2,met,Org2
AH,glyc3p[c]__Org2,met,Org2
AH,h[c]__Org2,met,Org2
AH,pgp181[c]__Org2,met,Org2
AH,PGSAAI15__Org2,rxn,Org2
AH,cdpdaipdecg[c]__Org2,met,Org2
AH,cmp[c]__Org2,met,Org2
AH,glyc3p[c]__Org2,met,Org2
AH,h[c]__Org2,met,Org2
AH,pgpai15[c]__Org2,met,Org2
AH,PGSAAI17__Org2,rxn,Org2
AH,cdpdaihpdecg[c]__Org2,met,Org2
AH,cmp[c]__Org2,met,Org2
AH,glyc3p[c]__Org2,met,Org2
AH,h[c]__Org2,met,Org2
AH,pgpai17[c]__Org2,met,Org2
AH,PGSAI14__Org2,rxn,Org2
AH,cdpditdecg[c]__Org2,met,Org2
AH,cmp[c]__Org2,met,Org2
AH,glyc3p[c]__Org2,met,Org2
AH,h[c]__Org2,met,Org2
AH,pgpi14[c]__Org2,met,Org2
AH,PGSAI15__Org2,rxn,Org2
AH,cdpdipdecg[c]__Org2,met,Org2
AH,cmp[c]__Org2,met,Org2
AH,glyc3p[c]__Org2,met,Org2
AH,h[c]__Org2,met,Org2
AH,pgpi15[c]__Org2,met,Org2
AH,PGSAI16__Org2,rxn,Org2
AH,cdpdihdecg[c]__Org2,met,Org2
AH,cmp[c]__Org2,met,Org2
AH,glyc3p[c]__Org2,met,Org2
AH,h[c]__Org2,met,Org2
AH,pgpi16[c]__Org2,met,Org2
AH,PGSAI17__Org2,rxn,Org2
AH,cdpdihpdecg[c]__Org2,met,Org2
AH,cmp[c]__Org2,met,Org2
AH,glyc3p[c]__Org2,met,Org2
AH,h[c]__Org2,met,Org2
AH,pgpi17[c]__Org2,met,Org2
AH,PHETA1__Org2,rxn,Org2
AH,akg[c]__Org2,met,Org2
AH,glu_L[c]__Org2,met,Org2
AH,phe_L[c]__Org2,met,Org2
AH,phpyr[c]__Org2,met,Org2
AH,PHPB2i__Org2,rxn,Org2
AH,3hbcoa[c]__Org2,met,Org2
AH,aacoa[c]__Org2,met,Org2
AH,h[c]__Org2,met,Org2
AH,nadp[c]__Org2,met,Org2
AH,nadph[c]__Org2,met,Org2
AH,PIabc__Org2,rxn,Org2
AH,adp[c]__Org2,met,Org2
AH,atp[c]__Org2,met,Org2
AH,h2o[c]__Org2,met,Org2
AH,h[c]__Org2,met,Org2
AH,pi[c]__Org2,met,Org2
AH,pi[e]__Org2,met,Org2
AH,PIt7ir__Org2,rxn,Org2
AH,na1[c]__Org2,met,Org2
AH,na1[e]__Org2,met,Org2
AH,pi[c]__Org2,met,Org2
AH,pi[e]__Org2,met,Org2
AH,PLPS__Org2,rxn,Org2
AH,pydx5p[c]__Org2,met,Org2
AH,g3p[c]__Org2,met,Org2
AH,gln_L[c]__Org2,met,Org2
AH,glu_L[c]__Org2,met,Org2
AH,h2o[c]__Org2,met,Org2
AH,h[c]__Org2,met,Org2
AH,pi[c]__Org2,met,Org2
AH,ru5p_D[c]__Org2,met,Org2
AH,PMANM__Org2,rxn,Org2
AH,man1p[c]__Org2,met,Org2
AH,man6p[c]__Org2,met,Org2
AH,PMDPHT__Org2,rxn,Org2
AH,4r5au[c]__Org2,met,Org2
AH,5aprbu[c]__Org2,met,Org2
AH,h2o[c]__Org2,met,Org2
AH,pi[c]__Org2,met,Org2
AH,PMPK__Org2,rxn,Org2
AH,2mahmp[c]__Org2,met,Org2
AH,4ampm[c]__Org2,met,Org2
AH,adp[c]__Org2,met,Org2
AH,atp[c]__Org2,met,Org2
AH,PMTCOATA__Org2,rxn,Org2
AH,ACP[c]__Org2,met,Org2
AH,coa[c]__Org2,met,Org2
AH,palmACP[c]__Org2,met,Org2
AH,pmtcoa[c]__Org2,met,Org2
AH,PNTK__Org2,rxn,Org2
AH,4ppan[c]__Org2,met,Org2
AH,adp[c]__Org2,met,Org2
AH,atp[c]__Org2,met,Org2
AH,h[c]__Org2,met,Org2
AH,pnto_R[c]__Org2,met,Org2
AH,PNTOt4__Org2,rxn,Org2
AH,na1[c]__Org2,met,Org2
AH,na1[e]__Org2,met,Org2
AH,pnto_R[c]__Org2,met,Org2
AH,pnto_R[e]__Org2,met,Org2
AH,POR4__Org2,rxn,Org2
AH,accoa[c]__Org2,met,Org2
AH,co2[c]__Org2,met,Org2
AH,coa[c]__Org2,met,Org2
AH,fdxox[c]__Org2,met,Org2
AH,fdxrd[c]__Org2,met,Org2
AH,h[c]__Org2,met,Org2
AH,pyr[c]__Org2,met,Org2
AH,PPA__Org2,rxn,Org2
AH,h2o[c]__Org2,met,Org2
AH,h[c]__Org2,met,Org2
AH,pi[c]__Org2,met,Org2
AH,ppi[c]__Org2,met,Org2
AH,PPAKr__Org2,rxn,Org2
AH,ppa[c]__Org2,met,Org2
AH,ppap[c]__Org2,met,Org2
AH,adp[c]__Org2,met,Org2
AH,atp[c]__Org2,met,Org2
AH,PPAt2r__Org2,rxn,Org2
AH,h[c]__Org2,met,Org2
AH,h[e]__Org2,met,Org2
AH,ppa[c]__Org2,met,Org2
AH,ppa[e]__Org2,met,Org2
AH,PPBNGS__Org2,rxn,Org2
AH,5aop[c]__Org2,met,Org2
AH,h2o[c]__Org2,met,Org2
AH,h[c]__Org2,met,Org2
AH,ppbng[c]__Org2,met,Org2
AH,PPCDC__Org2,rxn,Org2
AH,4ppcys[c]__Org2,met,Org2
AH,pan4p[c]__Org2,met,Org2
AH,co2[c]__Org2,met,Org2
AH,h[c]__Org2,met,Org2
AH,PPCKr__Org2,rxn,Org2
AH,adp[c]__Org2,met,Org2
AH,atp[c]__Org2,met,Org2
AH,co2[c]__Org2,met,Org2
AH,oaa[c]__Org2,met,Org2
AH,pep[c]__Org2,met,Org2
AH,PPDK__Org2,rxn,Org2
AH,amp[c]__Org2,met,Org2
AH,atp[c]__Org2,met,Org2
AH,h[c]__Org2,met,Org2
AH,pep[c]__Org2,met,Org2
AH,pi[c]__Org2,met,Org2
AH,ppi[c]__Org2,met,Org2
AH,pyr[c]__Org2,met,Org2
AH,PPNCL3__Org2,rxn,Org2
AH,4ppan[c]__Org2,met,Org2
AH,4ppcys[c]__Org2,met,Org2
AH,amp[c]__Org2,met,Org2
AH,atp[c]__Org2,met,Org2
AH,cys_L[c]__Org2,met,Org2
AH,h[c]__Org2,met,Org2
AH,ppi[c]__Org2,met,Org2
AH,PPND__Org2,rxn,Org2
AH,34hpp[c]__Org2,met,Org2
AH,co2[c]__Org2,met,Org2
AH,nad[c]__Org2,met,Org2
AH,nadh[c]__Org2,met,Org2
AH,pphn[c]__Org2,met,Org2
AH,PPND2__Org2,rxn,Org2
AH,34hpp[c]__Org2,met,Org2
AH,co2[c]__Org2,met,Org2
AH,nadp[c]__Org2,met,Org2
AH,nadph[c]__Org2,met,Org2
AH,pphn[c]__Org2,met,Org2
AH,PPNDH__Org2,rxn,Org2
AH,co2[c]__Org2,met,Org2
AH,h2o[c]__Org2,met,Org2
AH,h[c]__Org2,met,Org2
AH,phpyr[c]__Org2,met,Org2
AH,pphn[c]__Org2,met,Org2
AH,PPTT__Org2,rxn,Org2
AH,hexdp[c]__Org2,met,Org2
AH,ipdp[c]__Org2,met,Org2
AH,pendp[c]__Org2,met,Org2
AH,ppi[c]__Org2,met,Org2
AH,PRAGS__Org2,rxn,Org2
AH,adp[c]__Org2,met,Org2
AH,atp[c]__Org2,met,Org2
AH,gar[c]__Org2,met,Org2
AH,gly[c]__Org2,met,Org2
AH,h[c]__Org2,met,Org2
AH,pi[c]__Org2,met,Org2
AH,pram[c]__Org2,met,Org2
AH,PRAI__Org2,rxn,Org2
AH,2cpr5p[c]__Org2,met,Org2
AH,pran[c]__Org2,met,Org2
AH,PRAIS__Org2,rxn,Org2
AH,fpram[c]__Org2,met,Org2
AH,adp[c]__Org2,met,Org2
AH,air[c]__Org2,met,Org2
AH,atp[c]__Org2,met,Org2
AH,h[c]__Org2,met,Org2
AH,pi[c]__Org2,met,Org2
AH,PRAMPC__Org2,rxn,Org2
AH,prbamp[c]__Org2,met,Org2
AH,prfp[c]__Org2,met,Org2
AH,h2o[c]__Org2,met,Org2
AH,PRASCSi__Org2,rxn,Org2
AH,25aics[c]__Org2,met,Org2
AH,5aizc[c]__Org2,met,Org2
AH,adp[c]__Org2,met,Org2
AH,asp_L[c]__Org2,met,Org2
AH,atp[c]__Org2,met,Org2
AH,h[c]__Org2,met,Org2
AH,pi[c]__Org2,met,Org2
AH,PRATPP__Org2,rxn,Org2
AH,h2o[c]__Org2,met,Org2
AH,h[c]__Org2,met,Org2
AH,ppi[c]__Org2,met,Org2
AH,prbamp[c]__Org2,met,Org2
AH,prbatp[c]__Org2,met,Org2
AH,PRFGS__Org2,rxn,Org2
AH,adp[c]__Org2,met,Org2
AH,atp[c]__Org2,met,Org2
AH,fgam[c]__Org2,met,Org2
AH,fpram[c]__Org2,met,Org2
AH,gln_L[c]__Org2,met,Org2
AH,glu_L[c]__Org2,met,Org2
AH,h2o[c]__Org2,met,Org2
AH,h[c]__Org2,met,Org2
AH,pi[c]__Org2,met,Org2
AH,PRMICI__Org2,rxn,Org2
AH,prfp[c]__Org2,met,Org2
AH,prlp[c]__Org2,met,Org2
AH,PRO1x__Org2,rxn,Org2
AH,1pyr5c[c]__Org2,met,Org2
AH,h[c]__Org2,met,Org2
AH,nad[c]__Org2,met,Org2
AH,nadh[c]__Org2,met,Org2
AH,pro_L[c]__Org2,met,Org2
AH,PROt4r__Org2,rxn,Org2
AH,na1[c]__Org2,met,Org2
AH,na1[e]__Org2,met,Org2
AH,pro_L[c]__Org2,met,Org2
AH,pro_L[e]__Org2,met,Org2
AH,PRPPS__Org2,rxn,Org2
AH,r5p[c]__Org2,met,Org2
AH,amp[c]__Org2,met,Org2
AH,atp[c]__Org2,met,Org2
AH,h[c]__Org2,met,Org2
AH,prpp[c]__Org2,met,Org2
AH,PSCVT__Org2,rxn,Org2
AH,skm5p[c]__Org2,met,Org2
AH,3psme[c]__Org2,met,Org2
AH,pep[c]__Org2,met,Org2
AH,pi[c]__Org2,met,Org2
AH,PSD120__Org2,rxn,Org2
AH,pe120[c]__Org2,met,Org2
AH,ps120[c]__Org2,met,Org2
AH,co2[c]__Org2,met,Org2
AH,h[c]__Org2,met,Org2
AH,PSD140__Org2,rxn,Org2
AH,pe140[c]__Org2,met,Org2
AH,ps140[c]__Org2,met,Org2
AH,co2[c]__Org2,met,Org2
AH,h[c]__Org2,met,Org2
AH,PSD141__Org2,rxn,Org2
AH,pe141[c]__Org2,met,Org2
AH,ps141[c]__Org2,met,Org2
AH,co2[c]__Org2,met,Org2
AH,h[c]__Org2,met,Org2
AH,PSD160__Org2,rxn,Org2
AH,pe160[c]__Org2,met,Org2
AH,ps160[c]__Org2,met,Org2
AH,co2[c]__Org2,met,Org2
AH,h[c]__Org2,met,Org2
AH,PSD161__Org2,rxn,Org2
AH,pe161[c]__Org2,met,Org2
AH,ps161[c]__Org2,met,Org2
AH,co2[c]__Org2,met,Org2
AH,h[c]__Org2,met,Org2
AH,PSD180__Org2,rxn,Org2
AH,pe180[c]__Org2,met,Org2
AH,ps180[c]__Org2,met,Org2
AH,co2[c]__Org2,met,Org2
AH,h[c]__Org2,met,Org2
AH,PSD181__Org2,rxn,Org2
AH,pe181[c]__Org2,met,Org2
AH,ps181[c]__Org2,met,Org2
AH,co2[c]__Org2,met,Org2
AH,h[c]__Org2,met,Org2
AH,PSDAI15__Org2,rxn,Org2
AH,peai15[c]__Org2,met,Org2
AH,psai15[c]__Org2,met,Org2
AH,co2[c]__Org2,met,Org2
AH,h[c]__Org2,met,Org2
AH,PSDAI17__Org2,rxn,Org2
AH,peai17[c]__Org2,met,Org2
AH,psai17[c]__Org2,met,Org2
AH,co2[c]__Org2,met,Org2
AH,h[c]__Org2,met,Org2
AH,PSDI14__Org2,rxn,Org2
AH,pei14[c]__Org2,met,Org2
AH,psi14[c]__Org2,met,Org2
AH,co2[c]__Org2,met,Org2
AH,h[c]__Org2,met,Org2
AH,PSDI15__Org2,rxn,Org2
AH,pei15[c]__Org2,met,Org2
AH,psi15[c]__Org2,met,Org2
AH,co2[c]__Org2,met,Org2
AH,h[c]__Org2,met,Org2
AH,PSDI16__Org2,rxn,Org2
AH,pei16[c]__Org2,met,Org2
AH,psi16[c]__Org2,met,Org2
AH,co2[c]__Org2,met,Org2
AH,h[c]__Org2,met,Org2
AH,PSDI17__Org2,rxn,Org2
AH,pei17[c]__Org2,met,Org2
AH,psi17[c]__Org2,met,Org2
AH,co2[c]__Org2,met,Org2
AH,h[c]__Org2,met,Org2
AH,PSERT__Org2,rxn,Org2
AH,pser_L[c]__Org2,met,Org2
AH,3php[c]__Org2,met,Org2
AH,akg[c]__Org2,met,Org2
AH,glu_L[c]__Org2,met,Org2
AH,PSSA120__Org2,rxn,Org2
AH,cdpdddecg[c]__Org2,met,Org2
AH,cmp[c]__Org2,met,Org2
AH,h[c]__Org2,met,Org2
AH,ps120[c]__Org2,met,Org2
AH,ser_L[c]__Org2,met,Org2
AH,PSSA140__Org2,rxn,Org2
AH,cdpdtdecg[c]__Org2,met,Org2
AH,cmp[c]__Org2,met,Org2
AH,h[c]__Org2,met,Org2
AH,ps140[c]__Org2,met,Org2
AH,ser_L[c]__Org2,met,Org2
AH,PSSA141__Org2,rxn,Org2
AH,cdpdtdec7eg[c]__Org2,met,Org2
AH,cmp[c]__Org2,met,Org2
AH,h[c]__Org2,met,Org2
AH,ps141[c]__Org2,met,Org2
AH,ser_L[c]__Org2,met,Org2
AH,PSSA160__Org2,rxn,Org2
AH,cdpdhdecg[c]__Org2,met,Org2
AH,cmp[c]__Org2,met,Org2
AH,h[c]__Org2,met,Org2
AH,ps160[c]__Org2,met,Org2
AH,ser_L[c]__Org2,met,Org2
AH,PSSA161__Org2,rxn,Org2
AH,cdpdhdec9eg[c]__Org2,met,Org2
AH,cmp[c]__Org2,met,Org2
AH,h[c]__Org2,met,Org2
AH,ps161[c]__Org2,met,Org2
AH,ser_L[c]__Org2,met,Org2
AH,PSSA180__Org2,rxn,Org2
AH,cdpdodecg[c]__Org2,met,Org2
AH,cmp[c]__Org2,met,Org2
AH,h[c]__Org2,met,Org2
AH,ps180[c]__Org2,met,Org2
AH,ser_L[c]__Org2,met,Org2
AH,PSSA181__Org2,rxn,Org2
AH,cdpdodec11eg[c]__Org2,met,Org2
AH,cmp[c]__Org2,met,Org2
AH,h[c]__Org2,met,Org2
AH,ps181[c]__Org2,met,Org2
AH,ser_L[c]__Org2,met,Org2
AH,PSSAAI15__Org2,rxn,Org2
AH,cdpdaipdecg[c]__Org2,met,Org2
AH,cmp[c]__Org2,met,Org2
AH,h[c]__Org2,met,Org2
AH,psai15[c]__Org2,met,Org2
AH,ser_L[c]__Org2,met,Org2
AH,PSSAAI17__Org2,rxn,Org2
AH,cdpdaihpdecg[c]__Org2,met,Org2
AH,cmp[c]__Org2,met,Org2
AH,h[c]__Org2,met,Org2
AH,psai17[c]__Org2,met,Org2
AH,ser_L[c]__Org2,met,Org2
AH,PSSAI14__Org2,rxn,Org2
AH,cdpditdecg[c]__Org2,met,Org2
AH,cmp[c]__Org2,met,Org2
AH,h[c]__Org2,met,Org2
AH,psi14[c]__Org2,met,Org2
AH,ser_L[c]__Org2,met,Org2
AH,PSSAI15__Org2,rxn,Org2
AH,cdpdipdecg[c]__Org2,met,Org2
AH,cmp[c]__Org2,met,Org2
AH,h[c]__Org2,met,Org2
AH,psi15[c]__Org2,met,Org2
AH,ser_L[c]__Org2,met,Org2
AH,PSSAI16__Org2,rxn,Org2
AH,cdpdihdecg[c]__Org2,met,Org2
AH,cmp[c]__Org2,met,Org2
AH,h[c]__Org2,met,Org2
AH,psi16[c]__Org2,met,Org2
AH,ser_L[c]__Org2,met,Org2
AH,PSSAI17__Org2,rxn,Org2
AH,cdpdihpdecg[c]__Org2,met,Org2
AH,cmp[c]__Org2,met,Org2
AH,h[c]__Org2,met,Org2
AH,psi17[c]__Org2,met,Org2
AH,ser_L[c]__Org2,met,Org2
AH,PTA2__Org2,rxn,Org2
AH,coa[c]__Org2,met,Org2
AH,pi[c]__Org2,met,Org2
AH,ppap[c]__Org2,met,Org2
AH,ppcoa[c]__Org2,met,Org2
AH,PTAr__Org2,rxn,Org2
AH,accoa[c]__Org2,met,Org2
AH,actp[c]__Org2,met,Org2
AH,coa[c]__Org2,met,Org2
AH,pi[c]__Org2,met,Org2
AH,PTPAT__Org2,rxn,Org2
AH,atp[c]__Org2,met,Org2
AH,dpcoa[c]__Org2,met,Org2
AH,h[c]__Org2,met,Org2
AH,pan4p[c]__Org2,met,Org2
AH,ppi[c]__Org2,met,Org2
AH,PTRCabc__Org2,rxn,Org2
AH,adp[c]__Org2,met,Org2
AH,atp[c]__Org2,met,Org2
AH,h2o[c]__Org2,met,Org2
AH,h[c]__Org2,met,Org2
AH,pi[c]__Org2,met,Org2
AH,ptrc[c]__Org2,met,Org2
AH,ptrc[e]__Org2,met,Org2
AH,PYDAMK__Org2,rxn,Org2
AH,pyam5p[c]__Org2,met,Org2
AH,pydam[c]__Org2,met,Org2
AH,adp[c]__Org2,met,Org2
AH,atp[c]__Org2,met,Org2
AH,h[c]__Org2,met,Org2
AH,PYDAMtr__Org2,rxn,Org2
AH,pydam[c]__Org2,met,Org2
AH,pydam[e]__Org2,met,Org2
AH,PYDXK__Org2,rxn,Org2
AH,pydx[c]__Org2,met,Org2
AH,adp[c]__Org2,met,Org2
AH,atp[c]__Org2,met,Org2
AH,h[c]__Org2,met,Org2
AH,pydx5p[c]__Org2,met,Org2
AH,PYDXNK__Org2,rxn,Org2
AH,pdx5p[c]__Org2,met,Org2
AH,pydxn[c]__Org2,met,Org2
AH,adp[c]__Org2,met,Org2
AH,atp[c]__Org2,met,Org2
AH,h[c]__Org2,met,Org2
AH,PYDXNtr__Org2,rxn,Org2
AH,pydxn[c]__Org2,met,Org2
AH,pydxn[e]__Org2,met,Org2
AH,PYDXtr__Org2,rxn,Org2
AH,pydx[c]__Org2,met,Org2
AH,pydx[e]__Org2,met,Org2
AH,PYK__Org2,rxn,Org2
AH,adp[c]__Org2,met,Org2
AH,atp[c]__Org2,met,Org2
AH,h[c]__Org2,met,Org2
AH,pep[c]__Org2,met,Org2
AH,pyr[c]__Org2,met,Org2
AH,QULNS__Org2,rxn,Org2
AH,dhap[c]__Org2,met,Org2
AH,h2o[c]__Org2,met,Org2
AH,iasp[c]__Org2,met,Org2
AH,pi[c]__Org2,met,Org2
AH,quln[c]__Org2,met,Org2
AH,R05224__Org2,rxn,Org2
AH,hgbam[c]__Org2,met,Org2
AH,adp[c]__Org2,met,Org2
AH,atp[c]__Org2,met,Org2
AH,gln_L[c]__Org2,met,Org2
AH,glu_L[c]__Org2,met,Org2
AH,h2o[c]__Org2,met,Org2
AH,h[c]__Org2,met,Org2
AH,hgbyr[c]__Org2,met,Org2
AH,ppi[c]__Org2,met,Org2
AH,RB5PE__Org2,rxn,Org2
AH,ru5p_L[c]__Org2,met,Org2
AH,xu5p_L[c]__Org2,met,Org2
AH,RBFK__Org2,rxn,Org2
AH,ribflv[c]__Org2,met,Org2
AH,adp[c]__Org2,met,Org2
AH,atp[c]__Org2,met,Org2
AH,fmn[c]__Org2,met,Org2
AH,h[c]__Org2,met,Org2
AH,RBFSa__Org2,rxn,Org2
AH,dmlz[c]__Org2,met,Org2
AH,4r5au[c]__Org2,met,Org2
AH,db4p[c]__Org2,met,Org2
AH,h2o[c]__Org2,met,Org2
AH,pi[c]__Org2,met,Org2
AH,RBFSb__Org2,rxn,Org2
AH,4r5au[c]__Org2,met,Org2
AH,dmlz[c]__Org2,met,Org2
AH,ribflv[c]__Org2,met,Org2
AH,RBK__Org2,rxn,Org2
AH,rib_D[c]__Org2,met,Org2
AH,adp[c]__Org2,met,Org2
AH,atp[c]__Org2,met,Org2
AH,h[c]__Org2,met,Org2
AH,r5p[c]__Org2,met,Org2
AH,RBK_D__Org2,rxn,Org2
AH,rbl_D[c]__Org2,met,Org2
AH,adp[c]__Org2,met,Org2
AH,atp[c]__Org2,met,Org2
AH,h[c]__Org2,met,Org2
AH,ru5p_D[c]__Org2,met,Org2
AH,RBK_L1__Org2,rxn,Org2
AH,rbl_L[c]__Org2,met,Org2
AH,adp[c]__Org2,met,Org2
AH,atp[c]__Org2,met,Org2
AH,h[c]__Org2,met,Org2
AH,ru5p_L[c]__Org2,met,Org2
AH,RHCCE__Org2,rxn,Org2
AH,dhptd[c]__Org2,met,Org2
AH,hcys_L[c]__Org2,met,Org2
AH,rhcys[c]__Org2,met,Org2
AH,RIBABCte__Org2,rxn,Org2
AH,adp[c]__Org2,met,Org2
AH,atp[c]__Org2,met,Org2
AH,h2o[c]__Org2,met,Org2
AH,h[c]__Org2,met,Org2
AH,pi[c]__Org2,met,Org2
AH,rib_D[c]__Org2,met,Org2
AH,rib_D[e]__Org2,met,Org2
AH,RIBabc__Org2,rxn,Org2
AH,adp[c]__Org2,met,Org2
AH,atp[c]__Org2,met,Org2
AH,h2o[c]__Org2,met,Org2
AH,h[c]__Org2,met,Org2
AH,pi[c]__Org2,met,Org2
AH,rib_D[c]__Org2,met,Org2
AH,rib_D[e]__Org2,met,Org2
AH,RNTR1__Org2,rxn,Org2
AH,atp[c]__Org2,met,Org2
AH,datp[c]__Org2,met,Org2
AH,h2o[c]__Org2,met,Org2
AH,trdox[c]__Org2,met,Org2
AH,trdrd[c]__Org2,met,Org2
AH,RNTR2__Org2,rxn,Org2
AH,dgtp[c]__Org2,met,Org2
AH,gtp[c]__Org2,met,Org2
AH,h2o[c]__Org2,met,Org2
AH,trdox[c]__Org2,met,Org2
AH,trdrd[c]__Org2,met,Org2
AH,RNTR3__Org2,rxn,Org2
AH,ctp[c]__Org2,met,Org2
AH,dctp[c]__Org2,met,Org2
AH,h2o[c]__Org2,met,Org2
AH,trdox[c]__Org2,met,Org2
AH,trdrd[c]__Org2,met,Org2
AH,RNTR4__Org2,rxn,Org2
AH,dutp[c]__Org2,met,Org2
AH,h2o[c]__Org2,met,Org2
AH,trdox[c]__Org2,met,Org2
AH,trdrd[c]__Org2,met,Org2
AH,utp[c]__Org2,met,Org2
AH,RPE__Org2,rxn,Org2
AH,xu5p_D[c]__Org2,met,Org2
AH,ru5p_D[c]__Org2,met,Org2
AH,RPI__Org2,rxn,Org2
AH,r5p[c]__Org2,met,Org2
AH,ru5p_D[c]__Org2,met,Org2
AH,RZ5PP__Org2,rxn,Org2
AH,5prdmbz[c]__Org2,met,Org2
AH,h2o[c]__Org2,met,Org2
AH,pi[c]__Org2,met,Org2
AH,rdmbzi[c]__Org2,met,Org2
AH,SADT__Org2,rxn,Org2
AH,so4[c]__Org2,met,Org2
AH,aps[c]__Org2,met,Org2
AH,atp[c]__Org2,met,Org2
AH,h[c]__Org2,met,Org2
AH,ppi[c]__Org2,met,Org2
AH,SADT2__Org2,rxn,Org2
AH,aps[c]__Org2,met,Org2
AH,atp[c]__Org2,met,Org2
AH,gdp[c]__Org2,met,Org2
AH,gtp[c]__Org2,met,Org2
AH,h2o[c]__Org2,met,Org2
AH,pi[c]__Org2,met,Org2
AH,ppi[c]__Org2,met,Org2
AH,so4[c]__Org2,met,Org2
AH,SBTD_D2__Org2,rxn,Org2
AH,sbt_D[c]__Org2,met,Org2
AH,fru[c]__Org2,met,Org2
AH,h[c]__Org2,met,Org2
AH,nad[c]__Org2,met,Org2
AH,nadh[c]__Org2,met,Org2
AH,SBTPD__Org2,rxn,Org2
AH,sbt6p[c]__Org2,met,Org2
AH,f6p[c]__Org2,met,Org2
AH,h[c]__Org2,met,Org2
AH,nad[c]__Org2,met,Org2
AH,nadh[c]__Org2,met,Org2
AH,SBTpts__Org2,rxn,Org2
AH,pep[c]__Org2,met,Org2
AH,pyr[c]__Org2,met,Org2
AH,sbt6p[c]__Org2,met,Org2
AH,sbt_D[e]__Org2,met,Org2
AH,SBTt6__Org2,rxn,Org2
AH,h[c]__Org2,met,Org2
AH,h[e]__Org2,met,Org2
AH,sbt_D[c]__Org2,met,Org2
AH,sbt_D[e]__Org2,met,Org2
AH,SDPTA__Org2,rxn,Org2
AH,sl26da[c]__Org2,met,Org2
AH,sl2a6o[c]__Org2,met,Org2
AH,akg[c]__Org2,met,Org2
AH,glu_L[c]__Org2,met,Org2
AH,SELNPS__Org2,rxn,Org2
AH,seln[c]__Org2,met,Org2
AH,selnp[c]__Org2,met,Org2
AH,amp[c]__Org2,met,Org2
AH,atp[c]__Org2,met,Org2
AH,h2o[c]__Org2,met,Org2
AH,pi[c]__Org2,met,Org2
AH,SERATi__Org2,rxn,Org2
AH,accoa[c]__Org2,met,Org2
AH,acser[c]__Org2,met,Org2
AH,coa[c]__Org2,met,Org2
AH,ser_L[c]__Org2,met,Org2
AH,SERt2r__Org2,rxn,Org2
AH,h[c]__Org2,met,Org2
AH,h[e]__Org2,met,Org2
AH,ser_L[c]__Org2,met,Org2
AH,ser_L[e]__Org2,met,Org2
AH,SGAT__Org2,rxn,Org2
AH,1odecg3p[c]__Org2,met,Org2
AH,coa[c]__Org2,met,Org2
AH,glyc3p[c]__Org2,met,Org2
AH,stcoa[c]__Org2,met,Org2
AH,SHCHCC__Org2,rxn,Org2
AH,copre2[c]__Org2,met,Org2
AH,cobalt2[c]__Org2,met,Org2
AH,dscl[c]__Org2,met,Org2
AH,h[c]__Org2,met,Org2
AH,SHCHCC2__Org2,rxn,Org2
AH,scl[c]__Org2,met,Org2
AH,cobalt2[c]__Org2,met,Org2
AH,copre2[c]__Org2,met,Org2
AH,h[c]__Org2,met,Org2
AH,SHK3Dr__Org2,rxn,Org2
AH,skm[c]__Org2,met,Org2
AH,3dhsk[c]__Org2,met,Org2
AH,h[c]__Org2,met,Org2
AH,nadp[c]__Org2,met,Org2
AH,nadph[c]__Org2,met,Org2
AH,SHKK__Org2,rxn,Org2
AH,adp[c]__Org2,met,Org2
AH,atp[c]__Org2,met,Org2
AH,h[c]__Org2,met,Org2
AH,skm5p[c]__Org2,met,Org2
AH,skm[c]__Org2,met,Org2
AH,SO4t2__Org2,rxn,Org2
AH,h[c]__Org2,met,Org2
AH,h[e]__Org2,met,Org2
AH,so4[c]__Org2,met,Org2
AH,so4[e]__Org2,met,Org2
AH,SPMDabc__Org2,rxn,Org2
AH,spmd[c]__Org2,met,Org2
AH,adp[c]__Org2,met,Org2
AH,atp[c]__Org2,met,Org2
AH,h2o[c]__Org2,met,Org2
AH,h[c]__Org2,met,Org2
AH,pi[c]__Org2,met,Org2
AH,spmd[e]__Org2,met,Org2
AH,STCOATA__Org2,rxn,Org2
AH,ACP[c]__Org2,met,Org2
AH,coa[c]__Org2,met,Org2
AH,ocdcaACP[c]__Org2,met,Org2
AH,stcoa[c]__Org2,met,Org2
AH,SUCCt2r__Org2,rxn,Org2
AH,h[c]__Org2,met,Org2
AH,h[e]__Org2,met,Org2
AH,succ[c]__Org2,met,Org2
AH,succ[e]__Org2,met,Org2
AH,TALA__Org2,rxn,Org2
AH,e4p[c]__Org2,met,Org2
AH,f6p[c]__Org2,met,Org2
AH,g3p[c]__Org2,met,Org2
AH,s7p[c]__Org2,met,Org2
AH,TARTD__Org2,rxn,Org2
AH,tartr_L[c]__Org2,met,Org2
AH,h2o[c]__Org2,met,Org2
AH,oaa[c]__Org2,met,Org2
AH,TCDCHOLBHSe__Org2,rxn,Org2
AH,C02528[e]__Org2,met,Org2
AH,h2o[e]__Org2,met,Org2
AH,h[e]__Org2,met,Org2
AH,taur[e]__Org2,met,Org2
AH,tdchola[e]__Org2,met,Org2
AH,TCHOLBHSe__Org2,rxn,Org2
AH,cholate[e]__Org2,met,Org2
AH,h2o[e]__Org2,met,Org2
AH,h[e]__Org2,met,Org2
AH,taur[e]__Org2,met,Org2
AH,tchola[e]__Org2,met,Org2
AH,TDCOATA__Org2,rxn,Org2
AH,ACP[c]__Org2,met,Org2
AH,coa[c]__Org2,met,Org2
AH,myrsACP[c]__Org2,met,Org2
AH,tdcoa[c]__Org2,met,Org2
AH,TDG3PACT__Org2,rxn,Org2
AH,1tdecg3p[c]__Org2,met,Org2
AH,coa[c]__Org2,met,Org2
AH,glyc3p[c]__Org2,met,Org2
AH,tdcoa[c]__Org2,met,Org2
AH,TDPDRE__Org2,rxn,Org2
AH,dtdp4d6dg[c]__Org2,met,Org2
AH,dtdp4d6dm[c]__Org2,met,Org2
AH,TDPDRRr__Org2,rxn,Org2
AH,dtdprmn[c]__Org2,met,Org2
AH,dtdp4d6dm[c]__Org2,met,Org2
AH,h[c]__Org2,met,Org2
AH,nadp[c]__Org2,met,Org2
AH,nadph[c]__Org2,met,Org2
AH,TDPGDH__Org2,rxn,Org2
AH,dtdp4d6dg[c]__Org2,met,Org2
AH,dtdpglu[c]__Org2,met,Org2
AH,h2o[c]__Org2,met,Org2
AH,TECA4S__Org2,rxn,Org2
AH,tcam[c]__Org2,met,Org2
AH,udpacgal[c]__Org2,met,Org2
AH,h2o[c]__Org2,met,Org2
AH,udp[c]__Org2,met,Org2
AH,udpg[c]__Org2,met,Org2
AH,ump[c]__Org2,met,Org2
AH,TECAAE__Org2,rxn,Org2
AH,glyc45tcaala_D[c]__Org2,met,Org2
AH,PGPm1[c]__Org2,met,Org2
AH,prl45tcaala[c]__Org2,met,Org2
AH,udcpp[c]__Org2,met,Org2
AH,TECAGE__Org2,rxn,Org2
AH,glyc45tcaglc[c]__Org2,met,Org2
AH,PGPm1[c]__Org2,met,Org2
AH,prl45tcaglc[c]__Org2,met,Org2
AH,udcpp[c]__Org2,met,Org2
AH,TECAUE__Org2,rxn,Org2
AH,glyc45tca[c]__Org2,met,Org2
AH,PGPm1[c]__Org2,met,Org2
AH,prl45tca[c]__Org2,met,Org2
AH,udcpp[c]__Org2,met,Org2
AH,TEICH45__Org2,rxn,Org2
AH,udpglcur[c]__Org2,met,Org2
AH,h[c]__Org2,met,Org2
AH,teich_45_BS[c]__Org2,met,Org2
AH,udp[c]__Org2,met,Org2
AH,udpacgal[c]__Org2,met,Org2
AH,ump[c]__Org2,met,Org2
AH,THII__Org2,rxn,Org2
AH,athis[c]__Org2,met,Org2
AH,iscsh[c]__Org2,met,Org2
AH,iscssh[c]__Org2,met,Org2
AH,amp[c]__Org2,met,Org2
AH,nadp[c]__Org2,met,Org2
AH,nadph[c]__Org2,met,Org2
AH,thissh[c]__Org2,met,Org2
AH,THIORDXi__Org2,rxn,Org2
AH,h2o2[c]__Org2,met,Org2
AH,h2o[c]__Org2,met,Org2
AH,trdox[c]__Org2,met,Org2
AH,trdrd[c]__Org2,met,Org2
AH,THMabc__Org2,rxn,Org2
AH,thm[c]__Org2,met,Org2
AH,adp[c]__Org2,met,Org2
AH,atp[c]__Org2,met,Org2
AH,h2o[c]__Org2,met,Org2
AH,h[c]__Org2,met,Org2
AH,pi[c]__Org2,met,Org2
AH,thm[e]__Org2,met,Org2
AH,THRAi__Org2,rxn,Org2
AH,acald[c]__Org2,met,Org2
AH,gly[c]__Org2,met,Org2
AH,thr_L[c]__Org2,met,Org2
AH,THRD_L__Org2,rxn,Org2
AH,2obut[c]__Org2,met,Org2
AH,nh4[c]__Org2,met,Org2
AH,thr_L[c]__Org2,met,Org2
AH,THRPD__Org2,rxn,Org2
AH,thrp[c]__Org2,met,Org2
AH,applp[c]__Org2,met,Org2
AH,co2[c]__Org2,met,Org2
AH,h[c]__Org2,met,Org2
AH,THRS__Org2,rxn,Org2
AH,h2o[c]__Org2,met,Org2
AH,phom[c]__Org2,met,Org2
AH,pi[c]__Org2,met,Org2
AH,thr_L[c]__Org2,met,Org2
AH,THZPSN__Org2,rxn,Org2
AH,4hba[c]__Org2,met,Org2
AH,4mpetz[c]__Org2,met,Org2
AH,ala_L[c]__Org2,met,Org2
AH,amp[c]__Org2,met,Org2
AH,atp[c]__Org2,met,Org2
AH,co2[c]__Org2,met,Org2
AH,cys_L[c]__Org2,met,Org2
AH,dxyl5p[c]__Org2,met,Org2
AH,h2o[c]__Org2,met,Org2
AH,h[c]__Org2,met,Org2
AH,ppi[c]__Org2,met,Org2
AH,tyr_L[c]__Org2,met,Org2
AH,THZT__Org2,rxn,Org2
AH,cthzp[c]__Org2,met,Org2
AH,2c4mthzep[c]__Org2,met,Org2
AH,TKT1__Org2,rxn,Org2
AH,g3p[c]__Org2,met,Org2
AH,r5p[c]__Org2,met,Org2
AH,s7p[c]__Org2,met,Org2
AH,xu5p_D[c]__Org2,met,Org2
AH,TKT2__Org2,rxn,Org2
AH,e4p[c]__Org2,met,Org2
AH,f6p[c]__Org2,met,Org2
AH,g3p[c]__Org2,met,Org2
AH,xu5p_D[c]__Org2,met,Org2
AH,TMDPK__Org2,rxn,Org2
AH,amp[c]__Org2,met,Org2
AH,atp[c]__Org2,met,Org2
AH,h[c]__Org2,met,Org2
AH,thm[c]__Org2,met,Org2
AH,thmpp[c]__Org2,met,Org2
AH,TMDS__Org2,rxn,Org2
AH,dhf[c]__Org2,met,Org2
AH,dtmp[c]__Org2,met,Org2
AH,dump[c]__Org2,met,Org2
AH,mlthf[c]__Org2,met,Org2
AH,TMPPP__Org2,rxn,Org2
AH,thmmp[c]__Org2,met,Org2
AH,2mahmp[c]__Org2,met,Org2
AH,4mpetz[c]__Org2,met,Org2
AH,h[c]__Org2,met,Org2
AH,ppi[c]__Org2,met,Org2
AH,TMPPP_1__Org2,rxn,Org2
AH,2mahmp[c]__Org2,met,Org2
AH,co2[c]__Org2,met,Org2
AH,cthzp[c]__Org2,met,Org2
AH,h[c]__Org2,met,Org2
AH,ppi[c]__Org2,met,Org2
AH,thmmp[c]__Org2,met,Org2
AH,TPI__Org2,rxn,Org2
AH,dhap[c]__Org2,met,Org2
AH,g3p[c]__Org2,met,Org2
AH,TRDRr__Org2,rxn,Org2
AH,h[c]__Org2,met,Org2
AH,nadp[c]__Org2,met,Org2
AH,nadph[c]__Org2,met,Org2
AH,trdox[c]__Org2,met,Org2
AH,trdrd[c]__Org2,met,Org2
AH,TRPS1__Org2,rxn,Org2
AH,trp_L[c]__Org2,met,Org2
AH,3ig3p[c]__Org2,met,Org2
AH,g3p[c]__Org2,met,Org2
AH,h2o[c]__Org2,met,Org2
AH,ser_L[c]__Org2,met,Org2
AH,TRPS2__Org2,rxn,Org2
AH,indole[c]__Org2,met,Org2
AH,h2o[c]__Org2,met,Org2
AH,ser_L[c]__Org2,met,Org2
AH,trp_L[c]__Org2,met,Org2
AH,TRPS3__Org2,rxn,Org2
AH,3ig3p[c]__Org2,met,Org2
AH,g3p[c]__Org2,met,Org2
AH,indole[c]__Org2,met,Org2
AH,TRPTA__Org2,rxn,Org2
AH,indpyr[c]__Org2,met,Org2
AH,akg[c]__Org2,met,Org2
AH,glu_L[c]__Org2,met,Org2
AH,trp_L[c]__Org2,met,Org2
AH,TRPabc__Org2,rxn,Org2
AH,adp[c]__Org2,met,Org2
AH,atp[c]__Org2,met,Org2
AH,h2o[c]__Org2,met,Org2
AH,h[c]__Org2,met,Org2
AH,pi[c]__Org2,met,Org2
AH,trp_L[c]__Org2,met,Org2
AH,trp_L[e]__Org2,met,Org2
AH,TYRTA__Org2,rxn,Org2
AH,34hpp[c]__Org2,met,Org2
AH,akg[c]__Org2,met,Org2
AH,glu_L[c]__Org2,met,Org2
AH,tyr_L[c]__Org2,met,Org2
AH,UAAGDS__Org2,rxn,Org2
AH,uamag[c]__Org2,met,Org2
AH,ugmd[c]__Org2,met,Org2
AH,26dap_M[c]__Org2,met,Org2
AH,adp[c]__Org2,met,Org2
AH,atp[c]__Org2,met,Org2
AH,h[c]__Org2,met,Org2
AH,pi[c]__Org2,met,Org2
AH,UACMAMAT__Org2,rxn,Org2
AH,uacmam[c]__Org2,met,Org2
AH,acbdma14gapuc[c]__Org2,met,Org2
AH,h[c]__Org2,met,Org2
AH,udp[c]__Org2,met,Org2
AH,unaga[c]__Org2,met,Org2
AH,UAG2E__Org2,rxn,Org2
AH,uacgam[c]__Org2,met,Org2
AH,uacmam[c]__Org2,met,Org2
AH,UAG4E__Org2,rxn,Org2
AH,uacgam[c]__Org2,met,Org2
AH,udpacgal[c]__Org2,met,Org2
AH,UAGCVT_r__Org2,rxn,Org2
AH,uaccg[c]__Org2,met,Org2
AH,pep[c]__Org2,met,Org2
AH,pi[c]__Org2,met,Org2
AH,uacgam[c]__Org2,met,Org2
AH,UAGDP__Org2,rxn,Org2
AH,acgam1p[c]__Org2,met,Org2
AH,h[c]__Org2,met,Org2
AH,ppi[c]__Org2,met,Org2
AH,uacgam[c]__Org2,met,Org2
AH,utp[c]__Org2,met,Org2
AH,UAGPT2__Org2,rxn,Org2
AH,h[c]__Org2,met,Org2
AH,uaGgla[c]__Org2,met,Org2
AH,uaaGgla[c]__Org2,met,Org2
AH,uacgam[c]__Org2,met,Org2
AH,udp[c]__Org2,met,Org2
AH,UAGPT3__Org2,rxn,Org2
AH,h[c]__Org2,met,Org2
AH,uaagmda[c]__Org2,met,Org2
AH,uacgam[c]__Org2,met,Org2
AH,uagmda[c]__Org2,met,Org2
AH,udp[c]__Org2,met,Org2
AH,UAMAGS__Org2,rxn,Org2
AH,uama[c]__Org2,met,Org2
AH,adp[c]__Org2,met,Org2
AH,atp[c]__Org2,met,Org2
AH,glu_D[c]__Org2,met,Org2
AH,h[c]__Org2,met,Org2
AH,pi[c]__Org2,met,Org2
AH,uamag[c]__Org2,met,Org2
AH,UAMAS__Org2,rxn,Org2
AH,uamr[c]__Org2,met,Org2
AH,adp[c]__Org2,met,Org2
AH,ala_L[c]__Org2,met,Org2
AH,atp[c]__Org2,met,Org2
AH,h[c]__Org2,met,Org2
AH,pi[c]__Org2,met,Org2
AH,uama[c]__Org2,met,Org2
AH,UAPGR__Org2,rxn,Org2
AH,h[c]__Org2,met,Org2
AH,nadp[c]__Org2,met,Org2
AH,nadph[c]__Org2,met,Org2
AH,uaccg[c]__Org2,met,Org2
AH,uamr[c]__Org2,met,Org2
AH,UDCPDP__Org2,rxn,Org2
AH,h2o[c]__Org2,met,Org2
AH,h[c]__Org2,met,Org2
AH,pi[c]__Org2,met,Org2
AH,udcpdp[c]__Org2,met,Org2
AH,udcpp[c]__Org2,met,Org2
AH,UDCPDPS__Org2,rxn,Org2
AH,frdp[c]__Org2,met,Org2
AH,ipdp[c]__Org2,met,Org2
AH,ppi[c]__Org2,met,Org2
AH,udcpdp[c]__Org2,met,Org2
AH,UDPG4E__Org2,rxn,Org2
AH,udpg[c]__Org2,met,Org2
AH,udpgal[c]__Org2,met,Org2
AH,UDPGALM__Org2,rxn,Org2
AH,udpgalfur[c]__Org2,met,Org2
AH,udpgal[c]__Org2,met,Org2
AH,UDPGDr__Org2,rxn,Org2
AH,h2o[c]__Org2,met,Org2
AH,h[c]__Org2,met,Org2
AH,nad[c]__Org2,met,Org2
AH,nadh[c]__Org2,met,Org2
AH,udpg[c]__Org2,met,Org2
AH,udpglcur[c]__Org2,met,Org2
AH,UGLT__Org2,rxn,Org2
AH,g1p[c]__Org2,met,Org2
AH,gal1p[c]__Org2,met,Org2
AH,udpg[c]__Org2,met,Org2
AH,udpgal[c]__Org2,met,Org2
AH,UGMDDS__Org2,rxn,Org2
AH,adp[c]__Org2,met,Org2
AH,alaala[c]__Org2,met,Org2
AH,atp[c]__Org2,met,Org2
AH,h[c]__Org2,met,Org2
AH,pi[c]__Org2,met,Org2
AH,ugmd[c]__Org2,met,Org2
AH,ugmda[c]__Org2,met,Org2
AH,UMPK__Org2,rxn,Org2
AH,adp[c]__Org2,met,Org2
AH,atp[c]__Org2,met,Org2
AH,udp[c]__Org2,met,Org2
AH,ump[c]__Org2,met,Org2
AH,UPPRT__Org2,rxn,Org2
AH,ura[c]__Org2,met,Org2
AH,ppi[c]__Org2,met,Org2
AH,prpp[c]__Org2,met,Org2
AH,ump[c]__Org2,met,Org2
AH,URAt2__Org2,rxn,Org2
AH,h[c]__Org2,met,Org2
AH,h[e]__Org2,met,Org2
AH,ura[c]__Org2,met,Org2
AH,ura[e]__Org2,met,Org2
AH,URIDK3__Org2,rxn,Org2
AH,adp[c]__Org2,met,Org2
AH,atp[c]__Org2,met,Org2
AH,dudp[c]__Org2,met,Org2
AH,dump[c]__Org2,met,Org2
AH,UTPATPT__Org2,rxn,Org2
AH,adp[c]__Org2,met,Org2
AH,amp[c]__Org2,met,Org2
AH,udp[c]__Org2,met,Org2
AH,utp[c]__Org2,met,Org2
AH,VALTA__Org2,rxn,Org2
AH,val_L[c]__Org2,met,Org2
AH,3mob[c]__Org2,met,Org2
AH,akg[c]__Org2,met,Org2
AH,glu_L[c]__Org2,met,Org2
AH,VALabc__Org2,rxn,Org2
AH,adp[c]__Org2,met,Org2
AH,atp[c]__Org2,met,Org2
AH,h2o[c]__Org2,met,Org2
AH,h[c]__Org2,met,Org2
AH,pi[c]__Org2,met,Org2
AH,val_L[c]__Org2,met,Org2
AH,val_L[e]__Org2,met,Org2
AH,XANt2r__Org2,rxn,Org2
AH,xan[c]__Org2,met,Org2
AH,h[c]__Org2,met,Org2
AH,h[e]__Org2,met,Org2
AH,xan[e]__Org2,met,Org2
AH,XPPT__Org2,rxn,Org2
AH,ppi[c]__Org2,met,Org2
AH,prpp[c]__Org2,met,Org2
AH,xan[c]__Org2,met,Org2
AH,xmp[c]__Org2,met,Org2
AH,XYLK__Org2,rxn,Org2
AH,xylu_D[c]__Org2,met,Org2
AH,adp[c]__Org2,met,Org2
AH,atp[c]__Org2,met,Org2
AH,h[c]__Org2,met,Org2
AH,xu5p_D[c]__Org2,met,Org2
AH,XYLt__Org2,rxn,Org2
AH,xyl_D[c]__Org2,met,Org2
AH,xyl_D[e]__Org2,met,Org2
AH,YUMPS__Org2,rxn,Org2
AH,psd5p[c]__Org2,met,Org2
AH,h2o[c]__Org2,met,Org2
AH,r5p[c]__Org2,met,Org2
AH,ura[c]__Org2,met,Org2
AH,ZNabc__Org2,rxn,Org2
AH,zn2[c]__Org2,met,Org2
AH,adp[c]__Org2,met,Org2
AH,atp[c]__Org2,met,Org2
AH,h2o[c]__Org2,met,Org2
AH,h[c]__Org2,met,Org2
AH,pi[c]__Org2,met,Org2
AH,zn2[e]__Org2,met,Org2
AH,dreplication__Org2,rxn,Org2
AH,dnarep[c]__Org2,met,Org2
AH,pbiosynthesis__Org2,rxn,Org2
AH,proteinsynth[c]__Org2,met,Org2
AH,r0060__Org2,rxn,Org2
AH,nh4[c]__Org2,met,Org2
AH,pyr[c]__Org2,met,Org2
AH,ser_L[c]__Org2,met,Org2
AH,r0082__Org2,rxn,Org2
AH,HC01434[c]__Org2,met,Org2
AH,akg[c]__Org2,met,Org2
AH,co2[c]__Org2,met,Org2
AH,h[c]__Org2,met,Org2
AH,r0120__Org2,rxn,Org2
AH,HC01651[c]__Org2,met,Org2
AH,gtp[c]__Org2,met,Org2
AH,h2o[c]__Org2,met,Org2
AH,r0345__Org2,rxn,Org2
AH,damp[c]__Org2,met,Org2
AH,adp[c]__Org2,met,Org2
AH,atp[c]__Org2,met,Org2
AH,dadp[c]__Org2,met,Org2
AH,r0422__Org2,rxn,Org2
AH,HC01434[c]__Org2,met,Org2
AH,h[c]__Org2,met,Org2
AH,icit[c]__Org2,met,Org2
AH,nadp[c]__Org2,met,Org2
AH,nadph[c]__Org2,met,Org2
AH,r0578__Org2,rxn,Org2
AH,ptth[c]__Org2,met,Org2
AH,adp[c]__Org2,met,Org2
AH,atp[c]__Org2,met,Org2
AH,h[c]__Org2,met,Org2
AH,pan4p[c]__Org2,met,Org2
AH,r0671__Org2,rxn,Org2
AH,4ppan[c]__Org2,met,Org2
AH,4ppcys[c]__Org2,met,Org2
AH,cmp[c]__Org2,met,Org2
AH,ctp[c]__Org2,met,Org2
AH,cys_L[c]__Org2,met,Org2
AH,h[c]__Org2,met,Org2
AH,ppi[c]__Org2,met,Org2
AH,r0708__Org2,rxn,Org2
AH,HC01710[c]__Org2,met,Org2
AH,ahdt[c]__Org2,met,Org2
AH,h2o[c]__Org2,met,Org2
AH,r0775__Org2,rxn,Org2
AH,HC01652[c]__Org2,met,Org2
AH,HC01651[c]__Org2,met,Org2
AH,for[c]__Org2,met,Org2
AH,h2o[c]__Org2,met,Org2
AH,h[c]__Org2,met,Org2
AH,r0777__Org2,rxn,Org2
AH,HC01652[c]__Org2,met,Org2
AH,HC01710[c]__Org2,met,Org2
AH,r1144__Org2,rxn,Org2
AH,glu_L[c]__Org2,met,Org2
AH,glu_L[e]__Org2,met,Org2
AH,na1[c]__Org2,met,Org2
AH,na1[e]__Org2,met,Org2
AH,r2137__Org2,rxn,Org2
AH,cl[c]__Org2,met,Org2
AH,cl[e]__Org2,met,Org2
AH,rtranscription__Org2,rxn,Org2
AH,rnatrans[c]__Org2,met,Org2
AH,sink_PGPm1[c]__Org2,rxn,Org2
AH,PGPm1[c]__Org2,met,Org2
AH,sink_dmbzid__Org2,rxn,Org2
AH,dmbzid[c]__Org2,met,Org2
AH,sink_s__Org2,rxn,Org2
AH,s[c]__Org2,met,Org2
AH,sink_thissh[c]__Org2,rxn,Org2
AH,thissh[c]__Org2,met,Org2
AH,t7ACZP__Org2,rxn,Org2
AH,7a_czp[c]__Org2,met,Org2
AH,7a_czp[e]__Org2,met,Org2
AH,tANZP__Org2,rxn,Org2
AH,anzp[c]__Org2,met,Org2
AH,anzp[e]__Org2,met,Org2
AH,tCAP__Org2,rxn,Org2
AH,chlphncl[c]__Org2,met,Org2
AH,chlphncl[e]__Org2,met,Org2
AH,tCZP__Org2,rxn,Org2
AH,czp[c]__Org2,met,Org2
AH,czp[e]__Org2,met,Org2
AH,tNCAP__Org2,rxn,Org2
AH,nchlphncl[c]__Org2,met,Org2
AH,nchlphncl[e]__Org2,met,Org2
AH,tNZP__Org2,rxn,Org2
AH,nzp[c]__Org2,met,Org2
AH,nzp[e]__Org2,met,Org2
AH,biomass536__Org2,rxn,Org2
AH,ACP[c]__Org2,met,Org2
AH,PGP[c]__Org2,met,Org2
AH,PGPm1[c]__Org2,met,Org2
AH,adp[c]__Org2,met,Org2
AH,ala_L[c]__Org2,met,Org2
AH,amet[c]__Org2,met,Org2
AH,apoACP[c]__Org2,met,Org2
AH,arg_L[c]__Org2,met,Org2
AH,asn_L[c]__Org2,met,Org2
AH,asp_L[c]__Org2,met,Org2
AH,atp[c]__Org2,met,Org2
AH,biomass[c]__Org2,met,Org2
AH,ca2[c]__Org2,met,Org2
AH,cl[c]__Org2,met,Org2
AH,coa[c]__Org2,met,Org2
AH,cobalt2[c]__Org2,met,Org2
AH,ctp[c]__Org2,met,Org2
AH,cu2[c]__Org2,met,Org2
AH,cys_L[c]__Org2,met,Org2
AH,datp[c]__Org2,met,Org2
AH,dctp[c]__Org2,met,Org2
AH,dgtp[c]__Org2,met,Org2
AH,dnarep[c]__Org2,met,Org2
AH,dttp[c]__Org2,met,Org2
AH,fad[c]__Org2,met,Org2
AH,fe2[c]__Org2,met,Org2
AH,fe3[c]__Org2,met,Org2
AH,gln_L[c]__Org2,met,Org2
AH,glu_L[c]__Org2,met,Org2
AH,gly[c]__Org2,met,Org2
AH,glyc45tca[c]__Org2,met,Org2
AH,glyc45tcaala_D[c]__Org2,met,Org2
AH,glyc45tcaglc[c]__Org2,met,Org2
AH,gtp[c]__Org2,met,Org2
AH,h2o[c]__Org2,met,Org2
AH,h[c]__Org2,met,Org2
AH,his_L[c]__Org2,met,Org2
AH,ile_L[c]__Org2,met,Org2
AH,k[c]__Org2,met,Org2
AH,leu_L[c]__Org2,met,Org2
AH,lys_L[c]__Org2,met,Org2
AH,met_L[c]__Org2,met,Org2
AH,mg2[c]__Org2,met,Org2
AH,mn2[c]__Org2,met,Org2
AH,nad[c]__Org2,met,Org2
AH,nadp[c]__Org2,met,Org2
AH,phe_L[c]__Org2,met,Org2
AH,pi[c]__Org2,met,Org2
AH,ppi[c]__Org2,met,Org2
AH,pro_L[c]__Org2,met,Org2
AH,proteinsynth[c]__Org2,met,Org2
AH,pydx5p[c]__Org2,met,Org2
AH,ribflv[c]__Org2,met,Org2
AH,rnatrans[c]__Org2,met,Org2
AH,ser_L[c]__Org2,met,Org2
AH,so4[c]__Org2,met,Org2
AH,tcam[c]__Org2,met,Org2
AH,teich_45_BS[c]__Org2,met,Org2
AH,thr_L[c]__Org2,met,Org2
AH,trp_L[c]__Org2,met,Org2
AH,tyr_L[c]__Org2,met,Org2
AH,udcpdp[c]__Org2,met,Org2
AH,udpglcur[c]__Org2,met,Org2
AH,utp[c]__Org2,met,Org2
AH,val_L[c]__Org2,met,Org2
AH,zn2[c]__Org2,met,Org2
m,EX_12dhchol_m,rxn,m
m,12dhchol_m,met,m
m,EX_7a_czp_m,rxn,m
m,7a_czp_m,met,m
m,EX_ala_L_m,rxn,m
m,ala_L_m,met,m
m,EX_anzp_m,rxn,m
m,anzp_m,met,m
m,EX_but_m,rxn,m
m,but_m,met,m
m,EX_chlphncl_m,rxn,m
m,chlphncl_m,met,m
m,EX_cro4_m,rxn,m
m,cro4_m,met,m
m,EX_czp_m,rxn,m
m,czp_m,met,m
m,EX_drib_m,rxn,m
m,drib_m,met,m
m,EX_gln_L_m,rxn,m
m,gln_L_m,met,m
m,EX_glu_L_m,rxn,m
m,glu_L_m,met,m
m,EX_h2_m,rxn,m
m,h2_m,met,m
m,EX_lac_D_m,rxn,m
m,lac_D_m,met,m
m,EX_lys_L_m,rxn,m
m,lys_L_m,met,m
m,EX_mobd_m,rxn,m
m,mobd_m,met,m
m,EX_nchlphncl_m,rxn,m
m,nchlphncl_m,met,m
m,EX_nmn_m,rxn,m
m,nmn_m,met,m
m,EX_nzp_m,rxn,m
m,nzp_m,met,m
m,EX_pcresol_m,rxn,m
m,pcresol_m,met,m
m,EX_ppa_m,rxn,m
m,ppa_m,met,m
m,EX_ptrc_m,rxn,m
m,ptrc_m,met,m
m,EX_rbflvrd_m,rxn,m
m,rbflvrd_m,met,m
m,EX_sbt_D_m,rxn,m
m,sbt_D_m,met,m
m,EX_ser_L_m,rxn,m
m,ser_L_m,met,m
m,EX_spmd_m,rxn,m
m,spmd_m,met,m
